Aug 27 23:56:30 hearth quickshell[171837]:  DEBUG qt.scenegraph.time.renderloop: [window 0x7fced6264040][gui thread] Frame prepared, polish=0 ms, lock=0 ms, blockedForSync=0 ms, animations=0 ms
Aug 27 23:56:30 hearth quickshell[171837]:  DEBUG qt.scenegraph.time.renderer: time in renderer: total=0ms, preprocess=0, updates=0, rendering=0
Aug 27 23:56:30 hearth quickshell[171837]:  DEBUG qt.scenegraph.time.renderloop: [window 0x7fced6264040][render thread 0x7fced7807420] syncAndRender: frame rendered in 0ms, sync=0, render=0, swap=0
Aug 27 23:56:30 hearth quickshell[171837]:  DEBUG qt.scenegraph.time.renderloop: [window 0x7fced6264040][gui thread] polishAndSync: start, elapsed since last call: 16 ms
Aug 27 23:56:30 hearth quickshell[171837]:  DEBUG qt.scenegraph.time.renderloop: [window 0x7fced6264040][render thread 0x7fced7807420] syncAndRender: start, elapsed since last call: 16 ms
Aug 27 23:56:30 hearth quickshell[171837]:  DEBUG qt.scenegraph.time.renderloop: [window 0x7fced6264040][gui thread] Frame prepared, polish=0 ms, lock=0 ms, blockedForSync=0 ms, animations=0 ms
Aug 27 23:56:30 hearth quickshell[171837]:  DEBUG qt.scenegraph.time.renderer: time in renderer: total=0ms, preprocess=0, updates=0, rendering=0
Aug 27 23:56:30 hearth quickshell[171837]:  DEBUG qt.scenegraph.time.renderloop: [window 0x7fced6264040][render thread 0x7fced7807420] syncAndRender: frame rendered in 0ms, sync=0, render=0, swap=0
Aug 27 23:56:30 hearth quickshell[171837]:  DEBUG qt.scenegraph.time.renderloop: [window 0x7fced6264040][gui thread] polishAndSync: start, elapsed since last call: 16 ms
Aug 27 23:56:30 hearth quickshell[171837]:  DEBUG qt.scenegraph.time.renderloop: [window 0x7fced6264040][render thread 0x7fced7807420] syncAndRender: start, elapsed since last call: 16 ms
Aug 27 23:56:30 hearth quickshell[171837]:  DEBUG qt.scenegraph.time.renderloop: [window 0x7fced6264040][gui thread] Frame prepared, polish=0 ms, lock=0 ms, blockedForSync=0 ms, animations=0 ms
Aug 27 23:56:30 hearth quickshell[171837]:  DEBUG qt.scenegraph.time.renderer: time in renderer: total=0ms, preprocess=0, updates=0, rendering=0
Aug 27 23:56:30 hearth quickshell[171837]:  DEBUG qt.scenegraph.time.renderloop: [window 0x7fced6264040][render thread 0x7fced7807420] syncAndRender: frame rendered in 0ms, sync=0, render=0, swap=0
Aug 27 23:56:30 hearth quickshell[171837]:  DEBUG qt.scenegraph.time.renderloop: [window 0x7fced6264040][gui thread] polishAndSync: start, elapsed since last call: 16 ms
Aug 27 23:56:30 hearth quickshell[171837]:  DEBUG qt.scenegraph.time.renderloop: [window 0x7fced6264040][render thread 0x7fced7807420] syncAndRender: start, elapsed since last call: 16 ms
Aug 27 23:56:30 hearth quickshell[171837]:  DEBUG qt.scenegraph.time.renderloop: [window 0x7fced6264040][gui thread] Frame prepared, polish=0 ms, lock=0 ms, blockedForSync=0 ms, animations=0 ms
Aug 27 23:56:30 hearth quickshell[171837]:  DEBUG qt.scenegraph.time.renderer: time in renderer: total=0ms, preprocess=0, updates=0, rendering=0
Aug 27 23:56:30 hearth quickshell[171837]:  DEBUG qt.scenegraph.time.renderloop: [window 0x7fced6264040][render thread 0x7fced7807420] syncAndRender: frame rendered in 0ms, sync=0, render=0, swap=0
Aug 27 23:56:30 hearth quickshell[171837]:  DEBUG qt.scenegraph.time.renderloop: [window 0x7fced6264040][gui thread] polishAndSync: start, elapsed since last call: 16 ms
Aug 27 23:56:30 hearth quickshell[171837]:  DEBUG qt.scenegraph.time.renderloop: [window 0x7fced6264040][render thread 0x7fced7807420] syncAndRender: start, elapsed since last call: 16 ms
Aug 27 23:56:30 hearth quickshell[171837]:  DEBUG qt.scenegraph.time.renderloop: [window 0x7fced6264040][gui thread] Frame prepared, polish=0 ms, lock=0 ms, blockedForSync=0 ms, animations=0 ms
Aug 27 23:56:30 hearth quickshell[171837]:  DEBUG qt.scenegraph.time.renderer: time in renderer: total=0ms, preprocess=0, updates=0, rendering=0
Aug 27 23:56:30 hearth quickshell[171837]:  DEBUG qt.scenegraph.time.renderloop: [window 0x7fced6264040][render thread 0x7fced7807420] syncAndRender: frame rendered in 0ms, sync=0, render=0, swap=0
Aug 27 23:56:30 hearth quickshell[171837]:  DEBUG qt.scenegraph.time.renderloop: [window 0x7fced6264040][gui thread] polishAndSync: start, elapsed since last call: 16 ms
Aug 27 23:56:30 hearth quickshell[171837]:  DEBUG qt.scenegraph.time.renderloop: [window 0x7fced6264040][render thread 0x7fced7807420] syncAndRender: start, elapsed since last call: 16 ms
Aug 27 23:56:30 hearth quickshell[171837]:  DEBUG qt.scenegraph.time.renderloop: [window 0x7fced6264040][gui thread] Frame prepared, polish=0 ms, lock=0 ms, blockedForSync=0 ms, animations=0 ms
Aug 27 23:56:30 hearth quickshell[171837]:  DEBUG qt.scenegraph.time.renderer: time in renderer: total=0ms, preprocess=0, updates=0, rendering=0
Aug 27 23:56:30 hearth quickshell[171837]:  DEBUG qt.scenegraph.time.renderloop: [window 0x7fced6264040][render thread 0x7fced7807420] syncAndRender: frame rendered in 0ms, sync=0, render=0, swap=0
Aug 27 23:56:30 hearth quickshell[171837]:  DEBUG qt.scenegraph.time.renderloop: [window 0x7fced6264040][gui thread] polishAndSync: start, elapsed since last call: 16 ms
Aug 27 23:56:30 hearth quickshell[171837]:  DEBUG qt.scenegraph.time.renderloop: [window 0x7fced6264040][render thread 0x7fced7807420] syncAndRender: start, elapsed since last call: 16 ms
Aug 27 23:56:30 hearth quickshell[171837]:  DEBUG qt.scenegraph.time.renderloop: [window 0x7fced6264040][gui thread] Frame prepared, polish=0 ms, lock=0 ms, blockedForSync=0 ms, animations=0 ms
Aug 27 23:56:30 hearth quickshell[171837]:  DEBUG qt.scenegraph.time.renderer: time in renderer: total=0ms, preprocess=0, updates=0, rendering=0
Aug 27 23:56:30 hearth quickshell[171837]:  DEBUG qt.scenegraph.time.renderloop: [window 0x7fced6264040][render thread 0x7fced7807420] syncAndRender: frame rendered in 0ms, sync=0, render=0, swap=0
Aug 27 23:56:30 hearth quickshell[171837]:  DEBUG qt.scenegraph.time.renderloop: [window 0x7fced6264040][gui thread] polishAndSync: start, elapsed since last call: 16 ms
Aug 27 23:56:30 hearth quickshell[171837]:  DEBUG qt.scenegraph.time.renderloop: [window 0x7fced6264040][render thread 0x7fced7807420] syncAndRender: start, elapsed since last call: 16 ms
Aug 27 23:56:30 hearth quickshell[171837]:  DEBUG qt.scenegraph.time.renderloop: [window 0x7fced6264040][gui thread] Frame prepared, polish=0 ms, lock=0 ms, blockedForSync=0 ms, animations=0 ms
Aug 27 23:56:30 hearth quickshell[171837]:  DEBUG qt.scenegraph.time.renderer: time in renderer: total=0ms, preprocess=0, updates=0, rendering=0
Aug 27 23:56:30 hearth quickshell[171837]:  DEBUG qt.scenegraph.time.renderloop: [window 0x7fced6264040][render thread 0x7fced7807420] syncAndRender: frame rendered in 0ms, sync=0, render=0, swap=0
Aug 27 23:56:30 hearth quickshell[171837]:  DEBUG qt.scenegraph.time.renderloop: [window 0x7fced6264040][gui thread] polishAndSync: start, elapsed since last call: 16 ms
Aug 27 23:56:30 hearth quickshell[171837]:  DEBUG qt.scenegraph.time.renderloop: [window 0x7fced6264040][render thread 0x7fced7807420] syncAndRender: start, elapsed since last call: 16 ms
Aug 27 23:56:30 hearth quickshell[171837]:  DEBUG qt.scenegraph.time.renderloop: [window 0x7fced6264040][gui thread] Frame prepared, polish=0 ms, lock=0 ms, blockedForSync=0 ms, animations=0 ms
Aug 27 23:56:30 hearth quickshell[171837]:  DEBUG qt.scenegraph.time.renderer: time in renderer: total=0ms, preprocess=0, updates=0, rendering=0
Aug 27 23:56:30 hearth quickshell[171837]:  DEBUG qt.scenegraph.time.renderloop: [window 0x7fced6264040][render thread 0x7fced7807420] syncAndRender: frame rendered in 0ms, sync=0, render=0, swap=0
Aug 27 23:56:30 hearth quickshell[171837]:  DEBUG qt.scenegraph.time.renderloop: [window 0x7fced6264040][gui thread] polishAndSync: start, elapsed since last call: 16 ms
Aug 27 23:56:30 hearth quickshell[171837]:  DEBUG qt.scenegraph.time.renderloop: [window 0x7fced6264040][render thread 0x7fced7807420] syncAndRender: start, elapsed since last call: 16 ms
Aug 27 23:56:30 hearth quickshell[171837]:  DEBUG qt.scenegraph.time.renderloop: [window 0x7fced6264040][gui thread] Frame prepared, polish=0 ms, lock=0 ms, blockedForSync=0 ms, animations=0 ms
Aug 27 23:56:30 hearth quickshell[171837]:  DEBUG qt.scenegraph.time.renderer: time in renderer: total=0ms, preprocess=0, updates=0, rendering=0
Aug 27 23:56:30 hearth quickshell[171837]:  DEBUG qt.scenegraph.time.renderloop: [window 0x7fced6264040][render thread 0x7fced7807420] syncAndRender: frame rendered in 0ms, sync=0, render=0, swap=0
Aug 27 23:56:30 hearth quickshell[171837]:  DEBUG qt.scenegraph.time.renderloop: [window 0x7fced6264040][gui thread] polishAndSync: start, elapsed since last call: 16 ms
Aug 27 23:56:30 hearth quickshell[171837]:  DEBUG qt.scenegraph.time.renderloop: [window 0x7fced6264040][render thread 0x7fced7807420] syncAndRender: start, elapsed since last call: 16 ms
Aug 27 23:56:30 hearth quickshell[171837]:  DEBUG qt.scenegraph.time.renderloop: [window 0x7fced6264040][gui thread] Frame prepared, polish=0 ms, lock=0 ms, blockedForSync=0 ms, animations=0 ms
Aug 27 23:56:30 hearth quickshell[171837]:  DEBUG qt.scenegraph.time.renderer: time in renderer: total=0ms, preprocess=0, updates=0, rendering=0
Aug 27 23:56:30 hearth quickshell[171837]:  DEBUG qt.scenegraph.time.renderloop: [window 0x7fced6264040][render thread 0x7fced7807420] syncAndRender: frame rendered in 0ms, sync=0, render=0, swap=0
Aug 27 23:56:30 hearth quickshell[171837]:  DEBUG qt.scenegraph.time.renderloop: [window 0x7fced6264040][gui thread] polishAndSync: start, elapsed since last call: 16 ms
Aug 27 23:56:30 hearth quickshell[171837]:  DEBUG qt.scenegraph.time.renderloop: [window 0x7fced6264040][render thread 0x7fced7807420] syncAndRender: start, elapsed since last call: 16 ms
Aug 27 23:56:30 hearth quickshell[171837]:  DEBUG qt.scenegraph.time.renderloop: [window 0x7fced6264040][gui thread] Frame prepared, polish=0 ms, lock=0 ms, blockedForSync=0 ms, animations=0 ms
Aug 27 23:56:30 hearth quickshell[171837]:  DEBUG qt.scenegraph.time.renderer: time in renderer: total=0ms, preprocess=0, updates=0, rendering=0
Aug 27 23:56:30 hearth quickshell[171837]:  DEBUG qt.scenegraph.time.renderloop: [window 0x7fced6264040][render thread 0x7fced7807420] syncAndRender: frame rendered in 0ms, sync=0, render=0, swap=0
Aug 27 23:56:30 hearth quickshell[171837]:  DEBUG qt.scenegraph.time.renderloop: [window 0x7fced6264040][gui thread] polishAndSync: start, elapsed since last call: 16 ms
Aug 27 23:56:30 hearth quickshell[171837]:  DEBUG qt.scenegraph.time.renderloop: [window 0x7fced6264040][render thread 0x7fced7807420] syncAndRender: start, elapsed since last call: 16 ms
Aug 27 23:56:30 hearth quickshell[171837]:  DEBUG qt.scenegraph.time.renderloop: [window 0x7fced6264040][gui thread] Frame prepared, polish=0 ms, lock=0 ms, blockedForSync=0 ms, animations=0 ms
Aug 27 23:56:30 hearth quickshell[171837]:  DEBUG qt.scenegraph.time.renderer: time in renderer: total=0ms, preprocess=0, updates=0, rendering=0
Aug 27 23:56:30 hearth quickshell[171837]:  DEBUG qt.scenegraph.time.renderloop: [window 0x7fced6264040][render thread 0x7fced7807420] syncAndRender: frame rendered in 0ms, sync=0, render=0, swap=0
Aug 27 23:56:30 hearth quickshell[171837]:  DEBUG qt.scenegraph.time.renderloop: [window 0x7fced6264040][gui thread] polishAndSync: start, elapsed since last call: 16 ms
Aug 27 23:56:30 hearth quickshell[171837]:  DEBUG qt.scenegraph.time.renderloop: [window 0x7fced6264040][render thread 0x7fced7807420] syncAndRender: start, elapsed since last call: 16 ms
Aug 27 23:56:30 hearth quickshell[171837]:  DEBUG qt.scenegraph.time.renderloop: [window 0x7fced6264040][gui thread] Frame prepared, polish=0 ms, lock=0 ms, blockedForSync=0 ms, animations=0 ms
Aug 27 23:56:30 hearth quickshell[171837]:  DEBUG qt.scenegraph.time.renderer: time in renderer: total=0ms, preprocess=0, updates=0, rendering=0
Aug 27 23:56:30 hearth quickshell[171837]:  DEBUG qt.scenegraph.time.renderloop: [window 0x7fced6264040][render thread 0x7fced7807420] syncAndRender: frame rendered in 0ms, sync=0, render=0, swap=0
Aug 27 23:56:30 hearth quickshell[171837]:  DEBUG qt.scenegraph.time.renderloop: [window 0x7fced6264040][gui thread] polishAndSync: start, elapsed since last call: 16 ms
Aug 27 23:56:30 hearth quickshell[171837]:  DEBUG qt.scenegraph.time.renderloop: [window 0x7fced6264040][render thread 0x7fced7807420] syncAndRender: start, elapsed since last call: 16 ms
Aug 27 23:56:30 hearth quickshell[171837]:  DEBUG qt.scenegraph.time.renderloop: [window 0x7fced6264040][gui thread] Frame prepared, polish=0 ms, lock=0 ms, blockedForSync=0 ms, animations=0 ms
Aug 27 23:56:30 hearth quickshell[171837]:  DEBUG qt.scenegraph.time.renderer: time in renderer: total=0ms, preprocess=0, updates=0, rendering=0
Aug 27 23:56:30 hearth quickshell[171837]:  DEBUG qt.scenegraph.time.renderloop: [window 0x7fced6264040][render thread 0x7fced7807420] syncAndRender: frame rendered in 0ms, sync=0, render=0, swap=0
Aug 27 23:56:30 hearth quickshell[171837]:  DEBUG qt.scenegraph.time.renderloop: [window 0x7fced6264040][gui thread] polishAndSync: start, elapsed since last call: 16 ms
Aug 27 23:56:30 hearth quickshell[171837]:  DEBUG qt.scenegraph.time.renderloop: [window 0x7fced6264040][render thread 0x7fced7807420] syncAndRender: start, elapsed since last call: 16 ms
Aug 27 23:56:30 hearth quickshell[171837]:  DEBUG qt.scenegraph.time.renderloop: [window 0x7fced6264040][gui thread] Frame prepared, polish=0 ms, lock=0 ms, blockedForSync=0 ms, animations=0 ms
Aug 27 23:56:30 hearth quickshell[171837]:  DEBUG qt.scenegraph.time.renderloop: [window 0x7fced6264040][gui thread] polishAndSync: start, elapsed since last call: 0 ms
Aug 27 23:56:30 hearth quickshell[171837]:  DEBUG qt.scenegraph.time.renderer: time in renderer: total=0ms, preprocess=0, updates=0, rendering=0
Aug 27 23:56:30 hearth quickshell[171837]:  DEBUG qt.scenegraph.time.renderloop: [window 0x7fced6264040][render thread 0x7fced7807420] syncAndRender: frame rendered in 0ms, sync=0, render=0, swap=0
Aug 27 23:56:30 hearth quickshell[171837]:  DEBUG qt.scenegraph.time.renderloop: [window 0x7fced6264040][render thread 0x7fced7807420] syncAndRender: start, elapsed since last call: 0 ms
Aug 27 23:56:30 hearth quickshell[171837]:  DEBUG qt.scenegraph.time.renderloop: [window 0x7fced6264040][gui thread] Frame prepared, polish=0 ms, lock=0 ms, blockedForSync=0 ms, animations=0 ms
Aug 27 23:56:30 hearth quickshell[171837]:  DEBUG qt.scenegraph.time.renderer: time in renderer: total=0ms, preprocess=0, updates=0, rendering=0
Aug 27 23:56:30 hearth quickshell[171837]:  DEBUG qt.scenegraph.time.renderloop: [window 0x7fced6264040][render thread 0x7fced7807420] syncAndRender: frame rendered in 15ms, sync=0, render=0, swap=15
Aug 27 23:56:30 hearth quickshell[171837]:  DEBUG qt.scenegraph.time.renderloop: [window 0x7fced6264040][gui thread] polishAndSync: start, elapsed since last call: 32 ms
Aug 27 23:56:30 hearth quickshell[171837]:  DEBUG qt.scenegraph.time.renderloop: [window 0x7fced6264040][render thread 0x7fced7807420] syncAndRender: start, elapsed since last call: 32 ms
Aug 27 23:56:30 hearth quickshell[171837]:  DEBUG qt.scenegraph.time.renderloop: [window 0x7fced6264040][gui thread] Frame prepared, polish=0 ms, lock=0 ms, blockedForSync=0 ms, animations=0 ms
Aug 27 23:56:30 hearth quickshell[171837]:  DEBUG qt.scenegraph.time.renderer: time in renderer: total=0ms, preprocess=0, updates=0, rendering=0
Aug 27 23:56:30 hearth quickshell[171837]:  DEBUG qt.scenegraph.time.renderloop: [window 0x7fced6264040][render thread 0x7fced7807420] syncAndRender: frame rendered in 0ms, sync=0, render=0, swap=0
Aug 27 23:56:30 hearth quickshell[171837]:  DEBUG qt.scenegraph.time.renderloop: [window 0x7fced6264040][gui thread] polishAndSync: start, elapsed since last call: 16 ms
Aug 27 23:56:30 hearth quickshell[171837]:  DEBUG qt.scenegraph.time.renderloop: [window 0x7fced6264040][render thread 0x7fced7807420] syncAndRender: start, elapsed since last call: 16 ms
Aug 27 23:56:30 hearth quickshell[171837]:  DEBUG qt.scenegraph.time.renderloop: [window 0x7fced6264040][gui thread] Frame prepared, polish=0 ms, lock=0 ms, blockedForSync=0 ms, animations=0 ms
Aug 27 23:56:30 hearth quickshell[171837]:  DEBUG qt.scenegraph.time.renderer: time in renderer: total=0ms, preprocess=0, updates=0, rendering=0
Aug 27 23:56:30 hearth quickshell[171837]:  DEBUG qt.scenegraph.time.renderloop: [window 0x7fced6264040][render thread 0x7fced7807420] syncAndRender: frame rendered in 0ms, sync=0, render=0, swap=0
Aug 27 23:56:30 hearth quickshell[171837]:  DEBUG qt.scenegraph.time.renderloop: [window 0x7fced6264040][gui thread] polishAndSync: start, elapsed since last call: 16 ms
Aug 27 23:56:30 hearth quickshell[171837]:  DEBUG qt.scenegraph.time.renderloop: [window 0x7fced6264040][render thread 0x7fced7807420] syncAndRender: start, elapsed since last call: 16 ms
Aug 27 23:56:30 hearth quickshell[171837]:  DEBUG qt.scenegraph.time.renderloop: [window 0x7fced6264040][gui thread] Frame prepared, polish=0 ms, lock=0 ms, blockedForSync=0 ms, animations=0 ms
Aug 27 23:56:30 hearth quickshell[171837]:  DEBUG qt.scenegraph.time.renderer: time in renderer: total=0ms, preprocess=0, updates=0, rendering=0
Aug 27 23:56:30 hearth quickshell[171837]:  DEBUG qt.scenegraph.time.renderloop: [window 0x7fced6264040][render thread 0x7fced7807420] syncAndRender: frame rendered in 0ms, sync=0, render=0, swap=0
Aug 27 23:56:30 hearth quickshell[171837]:  DEBUG qt.scenegraph.time.renderloop: [window 0x7fced6264040][gui thread] polishAndSync: start, elapsed since last call: 16 ms
Aug 27 23:56:30 hearth quickshell[171837]:  DEBUG qt.scenegraph.time.renderloop: [window 0x7fced6264040][render thread 0x7fced7807420] syncAndRender: start, elapsed since last call: 16 ms
Aug 27 23:56:30 hearth quickshell[171837]:  DEBUG qt.scenegraph.time.renderloop: [window 0x7fced6264040][gui thread] Frame prepared, polish=0 ms, lock=0 ms, blockedForSync=0 ms, animations=0 ms
Aug 27 23:56:30 hearth quickshell[171837]:  DEBUG qt.scenegraph.time.renderer: time in renderer: total=0ms, preprocess=0, updates=0, rendering=0
Aug 27 23:56:30 hearth quickshell[171837]:  DEBUG qt.scenegraph.time.renderloop: [window 0x7fced6264040][render thread 0x7fced7807420] syncAndRender: frame rendered in 0ms, sync=0, render=0, swap=0
Aug 27 23:56:30 hearth quickshell[171837]:  DEBUG qt.scenegraph.time.renderloop: [window 0x7fced6264040][gui thread] polishAndSync: start, elapsed since last call: 16 ms
Aug 27 23:56:30 hearth quickshell[171837]:  DEBUG qt.scenegraph.time.renderloop: [window 0x7fced6264040][render thread 0x7fced7807420] syncAndRender: start, elapsed since last call: 16 ms
Aug 27 23:56:30 hearth quickshell[171837]:  DEBUG qt.scenegraph.time.renderloop: [window 0x7fced6264040][gui thread] Frame prepared, polish=0 ms, lock=0 ms, blockedForSync=0 ms, animations=0 ms
Aug 27 23:56:30 hearth quickshell[171837]:  DEBUG qt.scenegraph.time.renderer: time in renderer: total=0ms, preprocess=0, updates=0, rendering=0
Aug 27 23:56:30 hearth quickshell[171837]:  DEBUG qt.scenegraph.time.renderloop: [window 0x7fced6264040][render thread 0x7fced7807420] syncAndRender: frame rendered in 0ms, sync=0, render=0, swap=0
Aug 27 23:56:30 hearth quickshell[171837]:  DEBUG qt.scenegraph.time.renderloop: [window 0x7fced6264040][gui thread] polishAndSync: start, elapsed since last call: 16 ms
Aug 27 23:56:30 hearth quickshell[171837]:  DEBUG qt.scenegraph.time.renderloop: [window 0x7fced6264040][render thread 0x7fced7807420] syncAndRender: start, elapsed since last call: 16 ms
Aug 27 23:56:30 hearth quickshell[171837]:  DEBUG qt.scenegraph.time.renderloop: [window 0x7fced6264040][gui thread] Frame prepared, polish=0 ms, lock=0 ms, blockedForSync=0 ms, animations=0 ms
Aug 27 23:56:30 hearth quickshell[171837]:  DEBUG qt.scenegraph.time.renderer: time in renderer: total=0ms, preprocess=0, updates=0, rendering=0
Aug 27 23:56:30 hearth quickshell[171837]:  DEBUG qt.scenegraph.time.renderloop: [window 0x7fced6264040][render thread 0x7fced7807420] syncAndRender: frame rendered in 0ms, sync=0, render=0, swap=0
Aug 27 23:56:30 hearth quickshell[171837]:  DEBUG qt.scenegraph.time.renderloop: [window 0x7fced6264040][gui thread] polishAndSync: start, elapsed since last call: 16 ms
Aug 27 23:56:30 hearth quickshell[171837]:  DEBUG qt.scenegraph.time.renderloop: [window 0x7fced6264040][render thread 0x7fced7807420] syncAndRender: start, elapsed since last call: 16 ms
Aug 27 23:56:30 hearth quickshell[171837]:  DEBUG qt.scenegraph.time.renderloop: [window 0x7fced6264040][gui thread] Frame prepared, polish=0 ms, lock=0 ms, blockedForSync=0 ms, animations=0 ms
Aug 27 23:56:30 hearth quickshell[171837]:  DEBUG qt.scenegraph.time.renderer: time in renderer: total=0ms, preprocess=0, updates=0, rendering=0
Aug 27 23:56:30 hearth quickshell[171837]:  DEBUG qt.scenegraph.time.renderloop: [window 0x7fced6264040][render thread 0x7fced7807420] syncAndRender: frame rendered in 0ms, sync=0, render=0, swap=0
Aug 27 23:56:30 hearth quickshell[171837]:  DEBUG qt.scenegraph.time.renderloop: [window 0x7fced6264040][gui thread] polishAndSync: start, elapsed since last call: 16 ms
Aug 27 23:56:30 hearth quickshell[171837]:  DEBUG qt.scenegraph.time.renderloop: [window 0x7fced6264040][render thread 0x7fced7807420] syncAndRender: start, elapsed since last call: 16 ms
Aug 27 23:56:30 hearth quickshell[171837]:  DEBUG qt.scenegraph.time.renderloop: [window 0x7fced6264040][gui thread] Frame prepared, polish=0 ms, lock=0 ms, blockedForSync=0 ms, animations=0 ms
Aug 27 23:56:30 hearth quickshell[171837]:  DEBUG qt.scenegraph.time.renderer: time in renderer: total=0ms, preprocess=0, updates=0, rendering=0
Aug 27 23:56:30 hearth quickshell[171837]:  DEBUG qt.scenegraph.time.renderloop: [window 0x7fced6264040][render thread 0x7fced7807420] syncAndRender: frame rendered in 0ms, sync=0, render=0, swap=0
Aug 27 23:56:30 hearth quickshell[171837]:  DEBUG qt.scenegraph.time.renderloop: [window 0x7fced6264040][gui thread] polishAndSync: start, elapsed since last call: 16 ms
Aug 27 23:56:30 hearth quickshell[171837]:  DEBUG qt.scenegraph.time.renderloop: [window 0x7fced6264040][render thread 0x7fced7807420] syncAndRender: start, elapsed since last call: 16 ms
Aug 27 23:56:30 hearth quickshell[171837]:  DEBUG qt.scenegraph.time.renderloop: [window 0x7fced6264040][gui thread] Frame prepared, polish=0 ms, lock=0 ms, blockedForSync=0 ms, animations=0 ms
Aug 27 23:56:30 hearth quickshell[171837]:  DEBUG qt.scenegraph.time.renderer: time in renderer: total=0ms, preprocess=0, updates=0, rendering=0
Aug 27 23:56:30 hearth quickshell[171837]:  DEBUG qt.scenegraph.time.renderloop: [window 0x7fced6264040][render thread 0x7fced7807420] syncAndRender: frame rendered in 0ms, sync=0, render=0, swap=0
Aug 27 23:56:30 hearth quickshell[171837]:  DEBUG qt.scenegraph.time.renderloop: [window 0x7fced6264040][gui thread] polishAndSync: start, elapsed since last call: 16 ms
Aug 27 23:56:30 hearth quickshell[171837]:  DEBUG qt.scenegraph.time.renderloop: [window 0x7fced6264040][render thread 0x7fced7807420] syncAndRender: start, elapsed since last call: 16 ms
Aug 27 23:56:30 hearth quickshell[171837]:  DEBUG qt.scenegraph.time.renderloop: [window 0x7fced6264040][gui thread] Frame prepared, polish=0 ms, lock=0 ms, blockedForSync=0 ms, animations=0 ms
Aug 27 23:56:30 hearth quickshell[171837]:  DEBUG qt.scenegraph.time.renderer: time in renderer: total=0ms, preprocess=0, updates=0, rendering=0
Aug 27 23:56:30 hearth quickshell[171837]:  DEBUG qt.scenegraph.time.renderloop: [window 0x7fced6264040][render thread 0x7fced7807420] syncAndRender: frame rendered in 0ms, sync=0, render=0, swap=0
Aug 27 23:56:30 hearth quickshell[171837]:  DEBUG qt.scenegraph.time.renderloop: [window 0x7fced6264040][gui thread] polishAndSync: start, elapsed since last call: 16 ms
Aug 27 23:56:30 hearth quickshell[171837]:  DEBUG qt.scenegraph.time.renderloop: [window 0x7fced6264040][render thread 0x7fced7807420] syncAndRender: start, elapsed since last call: 16 ms
Aug 27 23:56:30 hearth quickshell[171837]:  DEBUG qt.scenegraph.time.renderloop: [window 0x7fced6264040][gui thread] Frame prepared, polish=0 ms, lock=0 ms, blockedForSync=0 ms, animations=0 ms
Aug 27 23:56:30 hearth quickshell[171837]:  DEBUG qt.scenegraph.time.renderer: time in renderer: total=0ms, preprocess=0, updates=0, rendering=0
Aug 27 23:56:30 hearth quickshell[171837]:  DEBUG qt.scenegraph.time.renderloop: [window 0x7fced6264040][render thread 0x7fced7807420] syncAndRender: frame rendered in 0ms, sync=0, render=0, swap=0
Aug 27 23:56:30 hearth quickshell[171837]:  DEBUG qt.scenegraph.time.renderloop: [window 0x7fced6264040][gui thread] polishAndSync: start, elapsed since last call: 16 ms
Aug 27 23:56:30 hearth quickshell[171837]:  DEBUG qt.scenegraph.time.renderloop: [window 0x7fced6264040][render thread 0x7fced7807420] syncAndRender: start, elapsed since last call: 16 ms
Aug 27 23:56:30 hearth quickshell[171837]:  DEBUG qt.scenegraph.time.renderloop: [window 0x7fced6264040][gui thread] Frame prepared, polish=0 ms, lock=0 ms, blockedForSync=0 ms, animations=0 ms
Aug 27 23:56:30 hearth quickshell[171837]:  DEBUG qt.scenegraph.time.renderer: time in renderer: total=0ms, preprocess=0, updates=0, rendering=0
Aug 27 23:56:30 hearth quickshell[171837]:  DEBUG qt.scenegraph.time.renderloop: [window 0x7fced6264040][render thread 0x7fced7807420] syncAndRender: frame rendered in 0ms, sync=0, render=0, swap=0
Aug 27 23:56:30 hearth quickshell[171837]:  DEBUG qt.scenegraph.time.renderloop: [window 0x7fced6264040][gui thread] polishAndSync: start, elapsed since last call: 16 ms
Aug 27 23:56:30 hearth quickshell[171837]:  DEBUG qt.scenegraph.time.renderloop: [window 0x7fced6264040][render thread 0x7fced7807420] syncAndRender: start, elapsed since last call: 16 ms
Aug 27 23:56:30 hearth quickshell[171837]:  DEBUG qt.scenegraph.time.renderloop: [window 0x7fced6264040][gui thread] Frame prepared, polish=0 ms, lock=0 ms, blockedForSync=0 ms, animations=0 ms
Aug 27 23:56:30 hearth quickshell[171837]:  DEBUG qt.scenegraph.time.renderer: time in renderer: total=0ms, preprocess=0, updates=0, rendering=0
Aug 27 23:56:30 hearth quickshell[171837]:  DEBUG qt.scenegraph.time.renderloop: [window 0x7fced6264040][render thread 0x7fced7807420] syncAndRender: frame rendered in 0ms, sync=0, render=0, swap=0
Aug 27 23:56:30 hearth quickshell[171837]:  DEBUG qt.scenegraph.time.renderloop: [window 0x7fced6264040][gui thread] polishAndSync: start, elapsed since last call: 16 ms
Aug 27 23:56:30 hearth quickshell[171837]:  DEBUG qt.scenegraph.time.renderloop: [window 0x7fced6264040][render thread 0x7fced7807420] syncAndRender: start, elapsed since last call: 16 ms
Aug 27 23:56:30 hearth quickshell[171837]:  DEBUG qt.scenegraph.time.renderloop: [window 0x7fced6264040][gui thread] Frame prepared, polish=0 ms, lock=0 ms, blockedForSync=0 ms, animations=0 ms
Aug 27 23:56:30 hearth quickshell[171837]:  DEBUG qt.scenegraph.time.renderer: time in renderer: total=0ms, preprocess=0, updates=0, rendering=0
Aug 27 23:56:30 hearth quickshell[171837]:  DEBUG qt.scenegraph.time.renderloop: [window 0x7fced6264040][render thread 0x7fced7807420] syncAndRender: frame rendered in 0ms, sync=0, render=0, swap=0
Aug 27 23:56:30 hearth quickshell[171837]:  DEBUG qt.scenegraph.time.renderloop: [window 0x7fced6264040][gui thread] polishAndSync: start, elapsed since last call: 16 ms
Aug 27 23:56:30 hearth quickshell[171837]:  DEBUG qt.scenegraph.time.renderloop: [window 0x7fced6264040][render thread 0x7fced7807420] syncAndRender: start, elapsed since last call: 16 ms
Aug 27 23:56:30 hearth quickshell[171837]:  DEBUG qt.scenegraph.time.renderloop: [window 0x7fced6264040][gui thread] Frame prepared, polish=0 ms, lock=0 ms, blockedForSync=0 ms, animations=0 ms
Aug 27 23:56:30 hearth quickshell[171837]:  DEBUG qt.scenegraph.time.renderer: time in renderer: total=0ms, preprocess=0, updates=0, rendering=0
Aug 27 23:56:30 hearth quickshell[171837]:  DEBUG qt.scenegraph.time.renderloop: [window 0x7fced6264040][render thread 0x7fced7807420] syncAndRender: frame rendered in 0ms, sync=0, render=0, swap=0
Aug 27 23:56:30 hearth quickshell[171837]:  DEBUG qt.scenegraph.time.renderloop: [window 0x7fced6264040][gui thread] polishAndSync: start, elapsed since last call: 16 ms
Aug 27 23:56:30 hearth quickshell[171837]:  DEBUG qt.scenegraph.time.renderloop: [window 0x7fced6264040][render thread 0x7fced7807420] syncAndRender: start, elapsed since last call: 16 ms
Aug 27 23:56:30 hearth quickshell[171837]:  DEBUG qt.scenegraph.time.renderloop: [window 0x7fced6264040][gui thread] Frame prepared, polish=0 ms, lock=0 ms, blockedForSync=0 ms, animations=0 ms
Aug 27 23:56:30 hearth quickshell[171837]:  DEBUG qt.scenegraph.time.renderer: time in renderer: total=0ms, preprocess=0, updates=0, rendering=0
Aug 27 23:56:30 hearth quickshell[171837]:  DEBUG qt.scenegraph.time.renderloop: [window 0x7fced6264040][render thread 0x7fced7807420] syncAndRender: frame rendered in 0ms, sync=0, render=0, swap=0
Aug 27 23:56:30 hearth quickshell[171837]:  DEBUG qt.scenegraph.time.renderloop: [window 0x7fced6264040][gui thread] polishAndSync: start, elapsed since last call: 16 ms
Aug 27 23:56:30 hearth quickshell[171837]:  DEBUG qt.scenegraph.time.renderloop: [window 0x7fced6264040][render thread 0x7fced7807420] syncAndRender: start, elapsed since last call: 16 ms
Aug 27 23:56:30 hearth quickshell[171837]:  DEBUG qt.scenegraph.time.renderloop: [window 0x7fced6264040][gui thread] Frame prepared, polish=0 ms, lock=0 ms, blockedForSync=0 ms, animations=0 ms
Aug 27 23:56:30 hearth quickshell[171837]:  DEBUG qt.scenegraph.time.renderer: time in renderer: total=0ms, preprocess=0, updates=0, rendering=0
Aug 27 23:56:30 hearth quickshell[171837]:  DEBUG qt.scenegraph.time.renderloop: [window 0x7fced6264040][render thread 0x7fced7807420] syncAndRender: frame rendered in 0ms, sync=0, render=0, swap=0
Aug 27 23:56:30 hearth quickshell[171837]:  DEBUG qt.scenegraph.time.renderloop: [window 0x7fced6264040][gui thread] polishAndSync: start, elapsed since last call: 16 ms
Aug 27 23:56:30 hearth quickshell[171837]:  DEBUG qt.scenegraph.time.renderloop: [window 0x7fced6264040][render thread 0x7fced7807420] syncAndRender: start, elapsed since last call: 16 ms
Aug 27 23:56:30 hearth quickshell[171837]:  DEBUG qt.scenegraph.time.renderloop: [window 0x7fced6264040][gui thread] Frame prepared, polish=0 ms, lock=0 ms, blockedForSync=0 ms, animations=0 ms
Aug 27 23:56:30 hearth quickshell[171837]:  DEBUG qt.scenegraph.time.renderer: time in renderer: total=0ms, preprocess=0, updates=0, rendering=0
Aug 27 23:56:30 hearth quickshell[171837]:  DEBUG qt.scenegraph.time.renderloop: [window 0x7fced6264040][render thread 0x7fced7807420] syncAndRender: frame rendered in 0ms, sync=0, render=0, swap=0
Aug 27 23:56:30 hearth quickshell[171837]:  DEBUG qt.scenegraph.time.renderloop: [window 0x7fced6264040][gui thread] polishAndSync: start, elapsed since last call: 16 ms
Aug 27 23:56:30 hearth quickshell[171837]:  DEBUG qt.scenegraph.time.renderloop: [window 0x7fced6264040][render thread 0x7fced7807420] syncAndRender: start, elapsed since last call: 16 ms
Aug 27 23:56:30 hearth quickshell[171837]:  DEBUG qt.scenegraph.time.renderloop: [window 0x7fced6264040][gui thread] Frame prepared, polish=0 ms, lock=0 ms, blockedForSync=0 ms, animations=0 ms
Aug 27 23:56:30 hearth quickshell[171837]:  DEBUG qt.scenegraph.time.renderer: time in renderer: total=0ms, preprocess=0, updates=0, rendering=0
Aug 27 23:56:30 hearth quickshell[171837]:  DEBUG qt.scenegraph.time.renderloop: [window 0x7fced6264040][render thread 0x7fced7807420] syncAndRender: frame rendered in 0ms, sync=0, render=0, swap=0
Aug 27 23:56:30 hearth quickshell[171837]:  DEBUG qt.scenegraph.time.renderloop: [window 0x7fced6264040][gui thread] polishAndSync: start, elapsed since last call: 16 ms
Aug 27 23:56:30 hearth quickshell[171837]:  DEBUG qt.scenegraph.time.renderloop: [window 0x7fced6264040][render thread 0x7fced7807420] syncAndRender: start, elapsed since last call: 16 ms
Aug 27 23:56:30 hearth quickshell[171837]:  DEBUG qt.scenegraph.time.renderloop: [window 0x7fced6264040][gui thread] Frame prepared, polish=0 ms, lock=0 ms, blockedForSync=0 ms, animations=0 ms
Aug 27 23:56:30 hearth quickshell[171837]:  DEBUG qt.scenegraph.time.renderer: time in renderer: total=0ms, preprocess=0, updates=0, rendering=0
Aug 27 23:56:30 hearth quickshell[171837]:  DEBUG qt.scenegraph.time.renderloop: [window 0x7fced6264040][render thread 0x7fced7807420] syncAndRender: frame rendered in 0ms, sync=0, render=0, swap=0
Aug 27 23:56:30 hearth quickshell[171837]:  DEBUG qt.scenegraph.time.renderloop: [window 0x7fced6264040][gui thread] polishAndSync: start, elapsed since last call: 16 ms
Aug 27 23:56:30 hearth quickshell[171837]:  DEBUG qt.scenegraph.time.renderloop: [window 0x7fced6264040][render thread 0x7fced7807420] syncAndRender: start, elapsed since last call: 16 ms
Aug 27 23:56:30 hearth quickshell[171837]:  DEBUG qt.scenegraph.time.renderloop: [window 0x7fced6264040][gui thread] Frame prepared, polish=0 ms, lock=0 ms, blockedForSync=0 ms, animations=0 ms
Aug 27 23:56:30 hearth quickshell[171837]:  DEBUG qt.scenegraph.time.renderer: time in renderer: total=0ms, preprocess=0, updates=0, rendering=0
Aug 27 23:56:30 hearth quickshell[171837]:  DEBUG qt.scenegraph.time.renderloop: [window 0x7fced6264040][render thread 0x7fced7807420] syncAndRender: frame rendered in 0ms, sync=0, render=0, swap=0
Aug 27 23:56:30 hearth quickshell[171837]:  DEBUG qt.scenegraph.time.renderloop: [window 0x7fced6264040][gui thread] polishAndSync: start, elapsed since last call: 16 ms
Aug 27 23:56:30 hearth quickshell[171837]:  DEBUG qt.scenegraph.time.renderloop: [window 0x7fced6264040][render thread 0x7fced7807420] syncAndRender: start, elapsed since last call: 16 ms
Aug 27 23:56:30 hearth quickshell[171837]:  DEBUG qt.scenegraph.time.renderloop: [window 0x7fced6264040][gui thread] Frame prepared, polish=0 ms, lock=0 ms, blockedForSync=0 ms, animations=0 ms
Aug 27 23:56:30 hearth quickshell[171837]:  DEBUG qt.scenegraph.time.renderer: time in renderer: total=0ms, preprocess=0, updates=0, rendering=0
Aug 27 23:56:30 hearth quickshell[171837]:  DEBUG qt.scenegraph.time.renderloop: [window 0x7fced6264040][render thread 0x7fced7807420] syncAndRender: frame rendered in 0ms, sync=0, render=0, swap=0
Aug 27 23:56:30 hearth quickshell[171837]:  DEBUG qt.scenegraph.time.renderloop: [window 0x7fced6264040][gui thread] polishAndSync: start, elapsed since last call: 16 ms
Aug 27 23:56:30 hearth quickshell[171837]:  DEBUG qt.scenegraph.time.renderloop: [window 0x7fced6264040][render thread 0x7fced7807420] syncAndRender: start, elapsed since last call: 16 ms
Aug 27 23:56:30 hearth quickshell[171837]:  DEBUG qt.scenegraph.time.renderloop: [window 0x7fced6264040][gui thread] Frame prepared, polish=0 ms, lock=0 ms, blockedForSync=0 ms, animations=0 ms
Aug 27 23:56:30 hearth quickshell[171837]:  DEBUG qt.scenegraph.time.renderer: time in renderer: total=0ms, preprocess=0, updates=0, rendering=0
Aug 27 23:56:30 hearth quickshell[171837]:  DEBUG qt.scenegraph.time.renderloop: [window 0x7fced6264040][gui thread] polishAndSync: start, elapsed since last call: 0 ms
Aug 27 23:56:30 hearth quickshell[171837]:  DEBUG qt.scenegraph.time.renderloop: [window 0x7fced6264040][render thread 0x7fced7807420] syncAndRender: frame rendered in 0ms, sync=0, render=0, swap=0
Aug 27 23:56:30 hearth quickshell[171837]:  DEBUG qt.scenegraph.time.renderloop: [window 0x7fced6264040][render thread 0x7fced7807420] syncAndRender: start, elapsed since last call: 0 ms
Aug 27 23:56:30 hearth quickshell[171837]:  DEBUG qt.scenegraph.time.renderloop: [window 0x7fced6264040][gui thread] Frame prepared, polish=0 ms, lock=0 ms, blockedForSync=0 ms, animations=0 ms
Aug 27 23:56:30 hearth quickshell[171837]:  DEBUG qt.scenegraph.time.renderer: time in renderer: total=0ms, preprocess=0, updates=0, rendering=0
Aug 27 23:56:30 hearth quickshell[171837]:  DEBUG qt.scenegraph.time.renderloop: [window 0x7fced6264040][gui thread] polishAndSync: start, elapsed since last call: 16 ms
Aug 27 23:56:30 hearth quickshell[171837]:  DEBUG qt.scenegraph.time.renderloop: [window 0x7fced6264040][render thread 0x7fced7807420] syncAndRender: frame rendered in 16ms, sync=0, render=0, swap=15
Aug 27 23:56:30 hearth quickshell[171837]:  DEBUG qt.scenegraph.time.renderloop: [window 0x7fced6264040][render thread 0x7fced7807420] syncAndRender: start, elapsed since last call: 16 ms
Aug 27 23:56:30 hearth quickshell[171837]:  DEBUG qt.scenegraph.time.renderloop: [window 0x7fced6264040][gui thread] Frame prepared, polish=0 ms, lock=0 ms, blockedForSync=0 ms, animations=0 ms
Aug 27 23:56:30 hearth quickshell[171837]:  DEBUG qt.scenegraph.time.renderer: time in renderer: total=0ms, preprocess=0, updates=0, rendering=0
Aug 27 23:56:30 hearth quickshell[171837]:  DEBUG qt.scenegraph.time.renderloop: [window 0x7fced6264040][gui thread] polishAndSync: start, elapsed since last call: 16 ms
Aug 27 23:56:30 hearth quickshell[171837]:  DEBUG qt.scenegraph.time.renderloop: [window 0x7fced6264040][render thread 0x7fced7807420] syncAndRender: frame rendered in 16ms, sync=0, render=0, swap=16
Aug 27 23:56:30 hearth quickshell[171837]:  DEBUG qt.scenegraph.time.renderloop: [window 0x7fced6264040][render thread 0x7fced7807420] syncAndRender: start, elapsed since last call: 16 ms
Aug 27 23:56:30 hearth quickshell[171837]:  DEBUG qt.scenegraph.time.renderloop: [window 0x7fced6264040][gui thread] Frame prepared, polish=0 ms, lock=0 ms, blockedForSync=0 ms, animations=0 ms
Aug 27 23:56:30 hearth quickshell[171837]:  DEBUG qt.scenegraph.time.renderer: time in renderer: total=0ms, preprocess=0, updates=0, rendering=0
Aug 27 23:56:30 hearth quickshell[171837]:  DEBUG qt.scenegraph.time.renderloop: [window 0x7fced6264040][render thread 0x7fced7807420] syncAndRender: frame rendered in 16ms, sync=0, render=0, swap=16
Aug 27 23:56:30 hearth quickshell[171837]:  DEBUG qt.scenegraph.time.renderloop: [window 0x7fced6264040][gui thread] polishAndSync: start, elapsed since last call: 16 ms
Aug 27 23:56:30 hearth quickshell[171837]:  DEBUG qt.scenegraph.time.renderloop: [window 0x7fced6264040][render thread 0x7fced7807420] syncAndRender: start, elapsed since last call: 16 ms
Aug 27 23:56:30 hearth quickshell[171837]:  DEBUG qt.scenegraph.time.renderloop: [window 0x7fced6264040][gui thread] Frame prepared, polish=0 ms, lock=0 ms, blockedForSync=0 ms, animations=0 ms
Aug 27 23:56:30 hearth quickshell[171837]:  DEBUG qt.scenegraph.time.renderer: time in renderer: total=0ms, preprocess=0, updates=0, rendering=0
Aug 27 23:56:30 hearth quickshell[171837]:  DEBUG qt.scenegraph.time.renderloop: [window 0x7fced6264040][gui thread] polishAndSync: start, elapsed since last call: 16 ms
Aug 27 23:56:30 hearth quickshell[171837]:  DEBUG qt.scenegraph.time.renderloop: [window 0x7fced6264040][render thread 0x7fced7807420] syncAndRender: frame rendered in 16ms, sync=0, render=0, swap=16
Aug 27 23:56:30 hearth quickshell[171837]:  DEBUG qt.scenegraph.time.renderloop: [window 0x7fced6264040][render thread 0x7fced7807420] syncAndRender: start, elapsed since last call: 16 ms
Aug 27 23:56:30 hearth quickshell[171837]:  DEBUG qt.scenegraph.time.renderloop: [window 0x7fced6264040][gui thread] Frame prepared, polish=0 ms, lock=0 ms, blockedForSync=0 ms, animations=0 ms
Aug 27 23:56:30 hearth quickshell[171837]:  DEBUG qt.scenegraph.time.renderer: time in renderer: total=0ms, preprocess=0, updates=0, rendering=0
Aug 27 23:56:30 hearth quickshell[171837]:  DEBUG qt.scenegraph.time.renderloop: [window 0x7fced6264040][gui thread] polishAndSync: start, elapsed since last call: 16 ms
Aug 27 23:56:30 hearth quickshell[171837]:  DEBUG qt.scenegraph.time.renderloop: [window 0x7fced6264040][render thread 0x7fced7807420] syncAndRender: frame rendered in 16ms, sync=0, render=0, swap=16
Aug 27 23:56:30 hearth quickshell[171837]:  DEBUG qt.scenegraph.time.renderloop: [window 0x7fced6264040][render thread 0x7fced7807420] syncAndRender: start, elapsed since last call: 16 ms
Aug 27 23:56:30 hearth quickshell[171837]:  DEBUG qt.scenegraph.time.renderloop: [window 0x7fced6264040][gui thread] Frame prepared, polish=0 ms, lock=0 ms, blockedForSync=0 ms, animations=0 ms
Aug 27 23:56:30 hearth quickshell[171837]:  DEBUG qt.scenegraph.time.renderer: time in renderer: total=0ms, preprocess=0, updates=0, rendering=0
Aug 27 23:56:30 hearth quickshell[171837]:  DEBUG qt.scenegraph.time.renderloop: [window 0x7fced6264040][gui thread] polishAndSync: start, elapsed since last call: 16 ms
Aug 27 23:56:30 hearth quickshell[171837]:  DEBUG qt.scenegraph.time.renderloop: [window 0x7fced6264040][render thread 0x7fced7807420] syncAndRender: frame rendered in 16ms, sync=0, render=0, swap=16
Aug 27 23:56:30 hearth quickshell[171837]:  DEBUG qt.scenegraph.time.renderloop: [window 0x7fced6264040][render thread 0x7fced7807420] syncAndRender: start, elapsed since last call: 16 ms
Aug 27 23:56:30 hearth quickshell[171837]:  DEBUG qt.scenegraph.time.renderloop: [window 0x7fced6264040][gui thread] Frame prepared, polish=0 ms, lock=0 ms, blockedForSync=0 ms, animations=0 ms
Aug 27 23:56:30 hearth quickshell[171837]:  DEBUG qt.scenegraph.time.renderer: time in renderer: total=0ms, preprocess=0, updates=0, rendering=0
Aug 27 23:56:30 hearth quickshell[171837]:  DEBUG qt.scenegraph.time.renderloop: [window 0x7fced6264040][gui thread] polishAndSync: start, elapsed since last call: 16 ms
Aug 27 23:56:30 hearth quickshell[171837]:  DEBUG qt.scenegraph.time.renderloop: [window 0x7fced6264040][render thread 0x7fced7807420] syncAndRender: frame rendered in 16ms, sync=0, render=0, swap=16
Aug 27 23:56:30 hearth quickshell[171837]:  DEBUG qt.scenegraph.time.renderloop: [window 0x7fced6264040][render thread 0x7fced7807420] syncAndRender: start, elapsed since last call: 16 ms
Aug 27 23:56:30 hearth quickshell[171837]:  DEBUG qt.scenegraph.time.renderloop: [window 0x7fced6264040][gui thread] Frame prepared, polish=0 ms, lock=0 ms, blockedForSync=0 ms, animations=0 ms
Aug 27 23:56:30 hearth quickshell[171837]:  DEBUG qt.scenegraph.time.renderer: time in renderer: total=0ms, preprocess=0, updates=0, rendering=0
Aug 27 23:56:30 hearth quickshell[171837]:  DEBUG qt.scenegraph.time.renderloop: [window 0x7fced6264040][gui thread] polishAndSync: start, elapsed since last call: 16 ms
Aug 27 23:56:30 hearth quickshell[171837]:  DEBUG qt.scenegraph.time.renderloop: [window 0x7fced6264040][render thread 0x7fced7807420] syncAndRender: frame rendered in 16ms, sync=0, render=0, swap=16
Aug 27 23:56:30 hearth quickshell[171837]:  DEBUG qt.scenegraph.time.renderloop: [window 0x7fced6264040][render thread 0x7fced7807420] syncAndRender: start, elapsed since last call: 16 ms
Aug 27 23:56:30 hearth quickshell[171837]:  DEBUG qt.scenegraph.time.renderloop: [window 0x7fced6264040][gui thread] Frame prepared, polish=0 ms, lock=0 ms, blockedForSync=0 ms, animations=0 ms
Aug 27 23:56:30 hearth quickshell[171837]:  DEBUG qt.scenegraph.time.renderer: time in renderer: total=0ms, preprocess=0, updates=0, rendering=0
Aug 27 23:56:30 hearth quickshell[171837]:  DEBUG qt.scenegraph.time.renderloop: [window 0x7fced6264040][gui thread] polishAndSync: start, elapsed since last call: 16 ms
Aug 27 23:56:30 hearth quickshell[171837]:  DEBUG qt.scenegraph.time.renderloop: [window 0x7fced6264040][render thread 0x7fced7807420] syncAndRender: frame rendered in 16ms, sync=0, render=0, swap=16
Aug 27 23:56:30 hearth quickshell[171837]:  DEBUG qt.scenegraph.time.renderloop: [window 0x7fced6264040][render thread 0x7fced7807420] syncAndRender: start, elapsed since last call: 16 ms
Aug 27 23:56:30 hearth quickshell[171837]:  DEBUG qt.scenegraph.time.renderloop: [window 0x7fced6264040][gui thread] Frame prepared, polish=0 ms, lock=0 ms, blockedForSync=0 ms, animations=0 ms
Aug 27 23:56:30 hearth quickshell[171837]:  DEBUG qt.scenegraph.time.renderer: time in renderer: total=0ms, preprocess=0, updates=0, rendering=0
Aug 27 23:56:30 hearth quickshell[171837]:  DEBUG qt.scenegraph.time.renderloop: [window 0x7fced6264040][render thread 0x7fced7807420] syncAndRender: frame rendered in 7ms, sync=0, render=0, swap=7
Aug 27 23:56:30 hearth quickshell[171837]:  DEBUG qt.scenegraph.time.renderloop: [window 0x7fced6264040][gui thread] polishAndSync: start, elapsed since last call: 16 ms
Aug 27 23:56:30 hearth quickshell[171837]:  DEBUG qt.scenegraph.time.renderloop: [window 0x7fced6264040][render thread 0x7fced7807420] syncAndRender: start, elapsed since last call: 16 ms
Aug 27 23:56:30 hearth quickshell[171837]:  DEBUG qt.scenegraph.time.renderloop: [window 0x7fced6264040][gui thread] Frame prepared, polish=0 ms, lock=0 ms, blockedForSync=0 ms, animations=0 ms
Aug 27 23:56:30 hearth quickshell[171837]:  DEBUG qt.scenegraph.time.renderer: time in renderer: total=0ms, preprocess=0, updates=0, rendering=0
Aug 27 23:56:30 hearth quickshell[171837]:  DEBUG qt.scenegraph.time.renderloop: [window 0x7fced6264040][render thread 0x7fced7807420] syncAndRender: frame rendered in 0ms, sync=0, render=0, swap=0
Aug 27 23:56:30 hearth quickshell[171837]:  DEBUG qt.scenegraph.time.renderloop: [window 0x7fced6264040][gui thread] polishAndSync: start, elapsed since last call: 16 ms
Aug 27 23:56:30 hearth quickshell[171837]:  DEBUG qt.scenegraph.time.renderloop: [window 0x7fced6264040][render thread 0x7fced7807420] syncAndRender: start, elapsed since last call: 16 ms
Aug 27 23:56:30 hearth quickshell[171837]:  DEBUG qt.scenegraph.time.renderloop: [window 0x7fced6264040][gui thread] Frame prepared, polish=0 ms, lock=0 ms, blockedForSync=0 ms, animations=0 ms
Aug 27 23:56:30 hearth quickshell[171837]:  DEBUG qt.scenegraph.time.renderer: time in renderer: total=0ms, preprocess=0, updates=0, rendering=0
Aug 27 23:56:30 hearth quickshell[171837]:  DEBUG qt.scenegraph.time.renderloop: [window 0x7fced6264040][render thread 0x7fced7807420] syncAndRender: frame rendered in 0ms, sync=0, render=0, swap=0
Aug 27 23:56:30 hearth quickshell[171837]:  DEBUG qt.scenegraph.time.renderloop: [window 0x7fced6264040][gui thread] polishAndSync: start, elapsed since last call: 16 ms
Aug 27 23:56:30 hearth quickshell[171837]:  DEBUG qt.scenegraph.time.renderloop: [window 0x7fced6264040][render thread 0x7fced7807420] syncAndRender: start, elapsed since last call: 16 ms
Aug 27 23:56:30 hearth quickshell[171837]:  DEBUG qt.scenegraph.time.renderloop: [window 0x7fced6264040][gui thread] Frame prepared, polish=0 ms, lock=0 ms, blockedForSync=0 ms, animations=0 ms
Aug 27 23:56:30 hearth quickshell[171837]:  DEBUG qt.scenegraph.time.renderer: time in renderer: total=0ms, preprocess=0, updates=0, rendering=0
Aug 27 23:56:30 hearth quickshell[171837]:  DEBUG qt.scenegraph.time.renderloop: [window 0x7fced6264040][render thread 0x7fced7807420] syncAndRender: frame rendered in 0ms, sync=0, render=0, swap=0
Aug 27 23:56:30 hearth quickshell[171837]:  DEBUG qt.scenegraph.time.renderloop: [window 0x7fced6264040][gui thread] polishAndSync: start, elapsed since last call: 16 ms
Aug 27 23:56:30 hearth quickshell[171837]:  DEBUG qt.scenegraph.time.renderloop: [window 0x7fced6264040][render thread 0x7fced7807420] syncAndRender: start, elapsed since last call: 16 ms
Aug 27 23:56:30 hearth quickshell[171837]:  DEBUG qt.scenegraph.time.renderloop: [window 0x7fced6264040][gui thread] Frame prepared, polish=0 ms, lock=0 ms, blockedForSync=0 ms, animations=0 ms
Aug 27 23:56:30 hearth quickshell[171837]:  DEBUG qt.scenegraph.time.renderer: time in renderer: total=0ms, preprocess=0, updates=0, rendering=0
Aug 27 23:56:30 hearth quickshell[171837]:  DEBUG qt.scenegraph.time.renderloop: [window 0x7fced6264040][render thread 0x7fced7807420] syncAndRender: frame rendered in 0ms, sync=0, render=0, swap=0
Aug 27 23:56:30 hearth quickshell[171837]:  DEBUG qt.scenegraph.time.renderloop: [window 0x7fced6264040][gui thread] polishAndSync: start, elapsed since last call: 16 ms
Aug 27 23:56:30 hearth quickshell[171837]:  DEBUG qt.scenegraph.time.renderloop: [window 0x7fced6264040][render thread 0x7fced7807420] syncAndRender: start, elapsed since last call: 16 ms
Aug 27 23:56:30 hearth quickshell[171837]:  DEBUG qt.scenegraph.time.renderloop: [window 0x7fced6264040][gui thread] Frame prepared, polish=0 ms, lock=0 ms, blockedForSync=0 ms, animations=0 ms
Aug 27 23:56:30 hearth quickshell[171837]:  DEBUG qt.scenegraph.time.renderer: time in renderer: total=0ms, preprocess=0, updates=0, rendering=0
Aug 27 23:56:30 hearth quickshell[171837]:  DEBUG qt.scenegraph.time.renderloop: [window 0x7fced6264040][render thread 0x7fced7807420] syncAndRender: frame rendered in 0ms, sync=0, render=0, swap=0
Aug 27 23:56:30 hearth quickshell[171837]:  DEBUG qt.scenegraph.time.renderloop: [window 0x7fced6264040][gui thread] polishAndSync: start, elapsed since last call: 16 ms
Aug 27 23:56:30 hearth quickshell[171837]:  DEBUG qt.scenegraph.time.renderloop: [window 0x7fced6264040][render thread 0x7fced7807420] syncAndRender: start, elapsed since last call: 16 ms
Aug 27 23:56:30 hearth quickshell[171837]:  DEBUG qt.scenegraph.time.renderloop: [window 0x7fced6264040][gui thread] Frame prepared, polish=0 ms, lock=0 ms, blockedForSync=0 ms, animations=0 ms
Aug 27 23:56:30 hearth quickshell[171837]:  DEBUG qt.scenegraph.time.renderer: time in renderer: total=0ms, preprocess=0, updates=0, rendering=0
Aug 27 23:56:30 hearth quickshell[171837]:  DEBUG qt.scenegraph.time.renderloop: [window 0x7fced6264040][render thread 0x7fced7807420] syncAndRender: frame rendered in 0ms, sync=0, render=0, swap=0
Aug 27 23:56:30 hearth quickshell[171837]:  DEBUG qt.scenegraph.time.renderloop: [window 0x7fced6264040][gui thread] polishAndSync: start, elapsed since last call: 16 ms
Aug 27 23:56:30 hearth quickshell[171837]:  DEBUG qt.scenegraph.time.renderloop: [window 0x7fced6264040][render thread 0x7fced7807420] syncAndRender: start, elapsed since last call: 16 ms
Aug 27 23:56:30 hearth quickshell[171837]:  DEBUG qt.scenegraph.time.renderloop: [window 0x7fced6264040][gui thread] Frame prepared, polish=0 ms, lock=0 ms, blockedForSync=0 ms, animations=0 ms
Aug 27 23:56:30 hearth quickshell[171837]:  DEBUG qt.scenegraph.time.renderer: time in renderer: total=0ms, preprocess=0, updates=0, rendering=0
Aug 27 23:56:30 hearth quickshell[171837]:  DEBUG qt.scenegraph.time.renderloop: [window 0x7fced6264040][render thread 0x7fced7807420] syncAndRender: frame rendered in 0ms, sync=0, render=0, swap=0
Aug 27 23:56:30 hearth quickshell[171837]:  DEBUG qt.scenegraph.time.renderloop: [window 0x7fced6264040][gui thread] polishAndSync: start, elapsed since last call: 16 ms
Aug 27 23:56:30 hearth quickshell[171837]:  DEBUG qt.scenegraph.time.renderloop: [window 0x7fced6264040][render thread 0x7fced7807420] syncAndRender: start, elapsed since last call: 16 ms
Aug 27 23:56:30 hearth quickshell[171837]:  DEBUG qt.scenegraph.time.renderloop: [window 0x7fced6264040][gui thread] Frame prepared, polish=0 ms, lock=0 ms, blockedForSync=0 ms, animations=0 ms
Aug 27 23:56:30 hearth quickshell[171837]:  DEBUG qt.scenegraph.time.renderer: time in renderer: total=0ms, preprocess=0, updates=0, rendering=0
Aug 27 23:56:30 hearth quickshell[171837]:  DEBUG qt.scenegraph.time.renderloop: [window 0x7fced6264040][render thread 0x7fced7807420] syncAndRender: frame rendered in 0ms, sync=0, render=0, swap=0
Aug 27 23:56:30 hearth quickshell[171837]:  DEBUG qt.scenegraph.time.renderloop: [window 0x7fced6264040][gui thread] polishAndSync: start, elapsed since last call: 16 ms
Aug 27 23:56:30 hearth quickshell[171837]:  DEBUG qt.scenegraph.time.renderloop: [window 0x7fced6264040][render thread 0x7fced7807420] syncAndRender: start, elapsed since last call: 16 ms
Aug 27 23:56:30 hearth quickshell[171837]:  DEBUG qt.scenegraph.time.renderloop: [window 0x7fced6264040][gui thread] Frame prepared, polish=0 ms, lock=0 ms, blockedForSync=0 ms, animations=0 ms
Aug 27 23:56:30 hearth quickshell[171837]:  DEBUG qt.scenegraph.time.renderer: time in renderer: total=0ms, preprocess=0, updates=0, rendering=0
Aug 27 23:56:30 hearth quickshell[171837]:  DEBUG qt.scenegraph.time.renderloop: [window 0x7fced6264040][render thread 0x7fced7807420] syncAndRender: frame rendered in 0ms, sync=0, render=0, swap=0
Aug 27 23:56:30 hearth quickshell[171837]:  DEBUG qt.scenegraph.time.renderloop: [window 0x7fced6264040][gui thread] polishAndSync: start, elapsed since last call: 16 ms
Aug 27 23:56:30 hearth quickshell[171837]:  DEBUG qt.scenegraph.time.renderloop: [window 0x7fced6264040][render thread 0x7fced7807420] syncAndRender: start, elapsed since last call: 16 ms
Aug 27 23:56:30 hearth quickshell[171837]:  DEBUG qt.scenegraph.time.renderloop: [window 0x7fced6264040][gui thread] Frame prepared, polish=0 ms, lock=0 ms, blockedForSync=0 ms, animations=0 ms
Aug 27 23:56:30 hearth quickshell[171837]:  DEBUG qt.scenegraph.time.renderer: time in renderer: total=0ms, preprocess=0, updates=0, rendering=0
Aug 27 23:56:30 hearth quickshell[171837]:  DEBUG qt.scenegraph.time.renderloop: [window 0x7fced6264040][render thread 0x7fced7807420] syncAndRender: frame rendered in 0ms, sync=0, render=0, swap=0
Aug 27 23:56:30 hearth quickshell[171837]:  DEBUG qt.scenegraph.time.renderloop: [window 0x7fced6264040][gui thread] polishAndSync: start, elapsed since last call: 16 ms
Aug 27 23:56:30 hearth quickshell[171837]:  DEBUG qt.scenegraph.time.renderloop: [window 0x7fced6264040][render thread 0x7fced7807420] syncAndRender: start, elapsed since last call: 16 ms
Aug 27 23:56:30 hearth quickshell[171837]:  DEBUG qt.scenegraph.time.renderloop: [window 0x7fced6264040][gui thread] Frame prepared, polish=0 ms, lock=0 ms, blockedForSync=0 ms, animations=0 ms
Aug 27 23:56:30 hearth quickshell[171837]:  DEBUG qt.scenegraph.time.renderer: time in renderer: total=0ms, preprocess=0, updates=0, rendering=0
Aug 27 23:56:30 hearth quickshell[171837]:  DEBUG qt.scenegraph.time.renderloop: [window 0x7fced6264040][render thread 0x7fced7807420] syncAndRender: frame rendered in 0ms, sync=0, render=0, swap=0
Aug 27 23:56:30 hearth quickshell[171837]:  DEBUG qt.scenegraph.time.renderloop: [window 0x7fced6264040][gui thread] polishAndSync: start, elapsed since last call: 16 ms
Aug 27 23:56:30 hearth quickshell[171837]:  DEBUG qt.scenegraph.time.renderloop: [window 0x7fced6264040][render thread 0x7fced7807420] syncAndRender: start, elapsed since last call: 16 ms
Aug 27 23:56:30 hearth quickshell[171837]:  DEBUG qt.scenegraph.time.renderloop: [window 0x7fced6264040][gui thread] Frame prepared, polish=0 ms, lock=0 ms, blockedForSync=0 ms, animations=0 ms
Aug 27 23:56:30 hearth quickshell[171837]:  DEBUG qt.scenegraph.time.renderer: time in renderer: total=0ms, preprocess=0, updates=0, rendering=0
Aug 27 23:56:31 hearth quickshell[171837]:  DEBUG qt.scenegraph.time.renderloop: [window 0x7fced6264040][render thread 0x7fced7807420] syncAndRender: frame rendered in 0ms, sync=0, render=0, swap=0
Aug 27 23:56:31 hearth quickshell[171837]:  DEBUG qt.scenegraph.time.renderloop: [window 0x7fced6264040][gui thread] polishAndSync: start, elapsed since last call: 16 ms
Aug 27 23:56:31 hearth quickshell[171837]:  DEBUG qt.scenegraph.time.renderloop: [window 0x7fced6264040][render thread 0x7fced7807420] syncAndRender: start, elapsed since last call: 16 ms
Aug 27 23:56:31 hearth quickshell[171837]:  DEBUG qt.scenegraph.time.renderloop: [window 0x7fced6264040][gui thread] Frame prepared, polish=0 ms, lock=0 ms, blockedForSync=0 ms, animations=0 ms
Aug 27 23:56:31 hearth quickshell[171837]:  DEBUG qt.scenegraph.time.renderer: time in renderer: total=0ms, preprocess=0, updates=0, rendering=0
Aug 27 23:56:31 hearth quickshell[171837]:  DEBUG qt.scenegraph.time.renderloop: [window 0x7fced6264040][render thread 0x7fced7807420] syncAndRender: frame rendered in 0ms, sync=0, render=0, swap=0
Aug 27 23:56:31 hearth quickshell[171837]:  DEBUG qt.scenegraph.time.renderloop: [window 0x7fced6264040][gui thread] polishAndSync: start, elapsed since last call: 16 ms
Aug 27 23:56:31 hearth quickshell[171837]:  DEBUG qt.scenegraph.time.renderloop: [window 0x7fced6264040][render thread 0x7fced7807420] syncAndRender: start, elapsed since last call: 16 ms
Aug 27 23:56:31 hearth quickshell[171837]:  DEBUG qt.scenegraph.time.renderloop: [window 0x7fced6264040][gui thread] Frame prepared, polish=0 ms, lock=0 ms, blockedForSync=0 ms, animations=0 ms
Aug 27 23:56:31 hearth quickshell[171837]:  DEBUG qt.scenegraph.time.renderer: time in renderer: total=0ms, preprocess=0, updates=0, rendering=0
Aug 27 23:56:31 hearth quickshell[171837]:  DEBUG qt.scenegraph.time.renderloop: [window 0x7fced6264040][render thread 0x7fced7807420] syncAndRender: frame rendered in 0ms, sync=0, render=0, swap=0
Aug 27 23:56:31 hearth quickshell[171837]:  DEBUG qt.scenegraph.time.renderloop: [window 0x7fced6264040][gui thread] polishAndSync: start, elapsed since last call: 16 ms
Aug 27 23:56:31 hearth quickshell[171837]:  DEBUG qt.scenegraph.time.renderloop: [window 0x7fced6264040][render thread 0x7fced7807420] syncAndRender: start, elapsed since last call: 16 ms
Aug 27 23:56:31 hearth quickshell[171837]:  DEBUG qt.scenegraph.time.renderloop: [window 0x7fced6264040][gui thread] Frame prepared, polish=0 ms, lock=0 ms, blockedForSync=0 ms, animations=0 ms
Aug 27 23:56:31 hearth quickshell[171837]:  DEBUG qt.scenegraph.time.renderloop: [window 0x7fced6264040][gui thread] polishAndSync: start, elapsed since last call: 0 ms
Aug 27 23:56:31 hearth quickshell[171837]:  DEBUG qt.scenegraph.time.renderer: time in renderer: total=0ms, preprocess=0, updates=0, rendering=0
Aug 27 23:56:31 hearth quickshell[171837]:  DEBUG qt.scenegraph.time.renderloop: [window 0x7fced6264040][render thread 0x7fced7807420] syncAndRender: frame rendered in 0ms, sync=0, render=0, swap=0
Aug 27 23:56:31 hearth quickshell[171837]:  DEBUG qt.scenegraph.time.renderloop: [window 0x7fced6264040][render thread 0x7fced7807420] syncAndRender: start, elapsed since last call: 0 ms
Aug 27 23:56:31 hearth quickshell[171837]:  DEBUG qt.scenegraph.time.renderloop: [window 0x7fced6264040][gui thread] Frame prepared, polish=0 ms, lock=0 ms, blockedForSync=0 ms, animations=0 ms
Aug 27 23:56:31 hearth quickshell[171837]:  DEBUG qt.scenegraph.time.renderer: time in renderer: total=0ms, preprocess=0, updates=0, rendering=0
Aug 27 23:56:31 hearth quickshell[171837]:  DEBUG qt.scenegraph.time.renderloop: [window 0x7fced6264040][gui thread] polishAndSync: start, elapsed since last call: 16 ms
Aug 27 23:56:31 hearth quickshell[171837]:  DEBUG qt.scenegraph.time.renderloop: [window 0x7fced6264040][render thread 0x7fced7807420] syncAndRender: frame rendered in 15ms, sync=0, render=0, swap=15
Aug 27 23:56:31 hearth quickshell[171837]:  DEBUG qt.scenegraph.time.renderloop: [window 0x7fced6264040][render thread 0x7fced7807420] syncAndRender: start, elapsed since last call: 15 ms
Aug 27 23:56:31 hearth quickshell[171837]:  DEBUG qt.scenegraph.time.renderloop: [window 0x7fced6264040][gui thread] Frame prepared, polish=0 ms, lock=0 ms, blockedForSync=0 ms, animations=0 ms
Aug 27 23:56:31 hearth quickshell[171837]:  DEBUG qt.scenegraph.time.renderer: time in renderer: total=0ms, preprocess=0, updates=0, rendering=0
Aug 27 23:56:31 hearth quickshell[171837]:  DEBUG qt.scenegraph.time.renderloop: [window 0x7fced6264040][gui thread] polishAndSync: start, elapsed since last call: 17 ms
Aug 27 23:56:31 hearth quickshell[171837]:  DEBUG qt.scenegraph.time.renderloop: [window 0x7fced6264040][render thread 0x7fced7807420] syncAndRender: frame rendered in 17ms, sync=0, render=0, swap=16
Aug 27 23:56:31 hearth quickshell[171837]:  DEBUG qt.scenegraph.time.renderloop: [window 0x7fced6264040][render thread 0x7fced7807420] syncAndRender: start, elapsed since last call: 17 ms
Aug 27 23:56:31 hearth quickshell[171837]:  DEBUG qt.scenegraph.time.renderloop: [window 0x7fced6264040][gui thread] Frame prepared, polish=0 ms, lock=0 ms, blockedForSync=0 ms, animations=0 ms
Aug 27 23:56:31 hearth quickshell[171837]:  DEBUG qt.scenegraph.time.renderer: time in renderer: total=0ms, preprocess=0, updates=0, rendering=0
Aug 27 23:56:31 hearth quickshell[171837]:  DEBUG qt.scenegraph.time.renderloop: [window 0x7fced6264040][gui thread] polishAndSync: start, elapsed since last call: 16 ms
Aug 27 23:56:31 hearth quickshell[171837]:  DEBUG qt.scenegraph.time.renderloop: [window 0x7fced6264040][render thread 0x7fced7807420] syncAndRender: frame rendered in 15ms, sync=0, render=0, swap=15
Aug 27 23:56:31 hearth quickshell[171837]:  DEBUG qt.scenegraph.time.renderloop: [window 0x7fced6264040][render thread 0x7fced7807420] syncAndRender: start, elapsed since last call: 15 ms
Aug 27 23:56:31 hearth quickshell[171837]:  DEBUG qt.scenegraph.time.renderloop: [window 0x7fced6264040][gui thread] Frame prepared, polish=0 ms, lock=0 ms, blockedForSync=0 ms, animations=0 ms
Aug 27 23:56:31 hearth quickshell[171837]:  DEBUG qt.scenegraph.time.renderer: time in renderer: total=0ms, preprocess=0, updates=0, rendering=0
Aug 27 23:56:31 hearth quickshell[171837]:  DEBUG qt.scenegraph.time.renderloop: [window 0x7fced6264040][gui thread] polishAndSync: start, elapsed since last call: 16 ms
Aug 27 23:56:31 hearth quickshell[171837]:  DEBUG qt.scenegraph.time.renderloop: [window 0x7fced6264040][render thread 0x7fced7807420] syncAndRender: frame rendered in 16ms, sync=0, render=0, swap=16
Aug 27 23:56:31 hearth quickshell[171837]:  DEBUG qt.scenegraph.time.renderloop: [window 0x7fced6264040][render thread 0x7fced7807420] syncAndRender: start, elapsed since last call: 16 ms
Aug 27 23:56:31 hearth quickshell[171837]:  DEBUG qt.scenegraph.time.renderloop: [window 0x7fced6264040][gui thread] Frame prepared, polish=0 ms, lock=0 ms, blockedForSync=0 ms, animations=0 ms
Aug 27 23:56:31 hearth quickshell[171837]:  DEBUG qt.scenegraph.time.renderer: time in renderer: total=0ms, preprocess=0, updates=0, rendering=0
Aug 27 23:56:31 hearth quickshell[171837]:  DEBUG qt.scenegraph.time.renderloop: [window 0x7fced6264040][gui thread] polishAndSync: start, elapsed since last call: 16 ms
Aug 27 23:56:31 hearth quickshell[171837]:  DEBUG qt.scenegraph.time.renderloop: [window 0x7fced6264040][render thread 0x7fced7807420] syncAndRender: frame rendered in 16ms, sync=0, render=0, swap=16
Aug 27 23:56:31 hearth quickshell[171837]:  DEBUG qt.scenegraph.time.renderloop: [window 0x7fced6264040][render thread 0x7fced7807420] syncAndRender: start, elapsed since last call: 16 ms
Aug 27 23:56:31 hearth quickshell[171837]:  DEBUG qt.scenegraph.time.renderloop: [window 0x7fced6264040][gui thread] Frame prepared, polish=0 ms, lock=0 ms, blockedForSync=0 ms, animations=0 ms
Aug 27 23:56:31 hearth quickshell[171837]:  DEBUG qt.scenegraph.time.renderer: time in renderer: total=0ms, preprocess=0, updates=0, rendering=0
Aug 27 23:56:31 hearth quickshell[171837]:  DEBUG qt.scenegraph.time.renderloop: [window 0x7fced6264040][gui thread] polishAndSync: start, elapsed since last call: 16 ms
Aug 27 23:56:31 hearth quickshell[171837]:  DEBUG qt.scenegraph.time.renderloop: [window 0x7fced6264040][render thread 0x7fced7807420] syncAndRender: frame rendered in 16ms, sync=0, render=0, swap=16
Aug 27 23:56:31 hearth quickshell[171837]:  DEBUG qt.scenegraph.time.renderloop: [window 0x7fced6264040][render thread 0x7fced7807420] syncAndRender: start, elapsed since last call: 16 ms
Aug 27 23:56:31 hearth quickshell[171837]:  DEBUG qt.scenegraph.time.renderloop: [window 0x7fced6264040][gui thread] Frame prepared, polish=0 ms, lock=0 ms, blockedForSync=0 ms, animations=0 ms
Aug 27 23:56:31 hearth quickshell[171837]:  DEBUG qt.scenegraph.time.renderer: time in renderer: total=0ms, preprocess=0, updates=0, rendering=0
Aug 27 23:56:31 hearth quickshell[171837]:  DEBUG qt.scenegraph.time.renderloop: [window 0x7fced6264040][gui thread] polishAndSync: start, elapsed since last call: 16 ms
Aug 27 23:56:31 hearth quickshell[171837]:  DEBUG qt.scenegraph.time.renderloop: [window 0x7fced6264040][render thread 0x7fced7807420] syncAndRender: frame rendered in 16ms, sync=0, render=0, swap=16
Aug 27 23:56:31 hearth quickshell[171837]:  DEBUG qt.scenegraph.time.renderloop: [window 0x7fced6264040][render thread 0x7fced7807420] syncAndRender: start, elapsed since last call: 16 ms
Aug 27 23:56:31 hearth quickshell[171837]:  DEBUG qt.scenegraph.time.renderloop: [window 0x7fced6264040][gui thread] Frame prepared, polish=0 ms, lock=0 ms, blockedForSync=0 ms, animations=0 ms
Aug 27 23:56:31 hearth quickshell[171837]:  DEBUG qt.scenegraph.time.renderer: time in renderer: total=0ms, preprocess=0, updates=0, rendering=0
Aug 27 23:56:31 hearth quickshell[171837]:  DEBUG qt.scenegraph.time.renderloop: [window 0x7fced6264040][gui thread] polishAndSync: start, elapsed since last call: 16 ms
Aug 27 23:56:31 hearth quickshell[171837]:  DEBUG qt.scenegraph.time.renderloop: [window 0x7fced6264040][render thread 0x7fced7807420] syncAndRender: frame rendered in 16ms, sync=0, render=0, swap=16
Aug 27 23:56:31 hearth quickshell[171837]:  DEBUG qt.scenegraph.time.renderloop: [window 0x7fced6264040][render thread 0x7fced7807420] syncAndRender: start, elapsed since last call: 16 ms
Aug 27 23:56:31 hearth quickshell[171837]:  DEBUG qt.scenegraph.time.renderloop: [window 0x7fced6264040][gui thread] Frame prepared, polish=0 ms, lock=0 ms, blockedForSync=0 ms, animations=0 ms
Aug 27 23:56:31 hearth quickshell[171837]:  DEBUG qt.scenegraph.time.renderer: time in renderer: total=0ms, preprocess=0, updates=0, rendering=0
Aug 27 23:56:31 hearth quickshell[171837]:  DEBUG qt.scenegraph.time.renderloop: [window 0x7fced6264040][gui thread] polishAndSync: start, elapsed since last call: 16 ms
Aug 27 23:56:31 hearth quickshell[171837]:  DEBUG qt.scenegraph.time.renderloop: [window 0x7fced6264040][render thread 0x7fced7807420] syncAndRender: frame rendered in 16ms, sync=0, render=0, swap=16
Aug 27 23:56:31 hearth quickshell[171837]:  DEBUG qt.scenegraph.time.renderloop: [window 0x7fced6264040][render thread 0x7fced7807420] syncAndRender: start, elapsed since last call: 16 ms
Aug 27 23:56:31 hearth quickshell[171837]:  DEBUG qt.scenegraph.time.renderloop: [window 0x7fced6264040][gui thread] Frame prepared, polish=0 ms, lock=0 ms, blockedForSync=0 ms, animations=0 ms
Aug 27 23:56:31 hearth quickshell[171837]:  DEBUG qt.scenegraph.time.renderer: time in renderer: total=0ms, preprocess=0, updates=0, rendering=0
Aug 27 23:56:31 hearth quickshell[171837]:  DEBUG qt.scenegraph.time.renderloop: [window 0x7fced6264040][gui thread] polishAndSync: start, elapsed since last call: 16 ms
Aug 27 23:56:31 hearth quickshell[171837]:  DEBUG qt.scenegraph.time.renderloop: [window 0x7fced6264040][render thread 0x7fced7807420] syncAndRender: frame rendered in 16ms, sync=0, render=0, swap=16
Aug 27 23:56:31 hearth quickshell[171837]:  DEBUG qt.scenegraph.time.renderloop: [window 0x7fced6264040][render thread 0x7fced7807420] syncAndRender: start, elapsed since last call: 16 ms
Aug 27 23:56:31 hearth quickshell[171837]:  DEBUG qt.scenegraph.time.renderloop: [window 0x7fced6264040][gui thread] Frame prepared, polish=0 ms, lock=0 ms, blockedForSync=0 ms, animations=0 ms
Aug 27 23:56:31 hearth quickshell[171837]:  DEBUG qt.scenegraph.time.renderer: time in renderer: total=0ms, preprocess=0, updates=0, rendering=0
Aug 27 23:56:31 hearth quickshell[171837]:  DEBUG qt.scenegraph.time.renderloop: [window 0x7fced6264040][gui thread] polishAndSync: start, elapsed since last call: 16 ms
Aug 27 23:56:31 hearth quickshell[171837]:  DEBUG qt.scenegraph.time.renderloop: [window 0x7fced6264040][render thread 0x7fced7807420] syncAndRender: frame rendered in 16ms, sync=0, render=0, swap=16
Aug 27 23:56:31 hearth quickshell[171837]:  DEBUG qt.scenegraph.time.renderloop: [window 0x7fced6264040][render thread 0x7fced7807420] syncAndRender: start, elapsed since last call: 16 ms
Aug 27 23:56:31 hearth quickshell[171837]:  DEBUG qt.scenegraph.time.renderloop: [window 0x7fced6264040][gui thread] Frame prepared, polish=0 ms, lock=0 ms, blockedForSync=0 ms, animations=0 ms
Aug 27 23:56:31 hearth quickshell[171837]:  DEBUG qt.scenegraph.time.renderer: time in renderer: total=0ms, preprocess=0, updates=0, rendering=0
Aug 27 23:56:31 hearth quickshell[171837]:  DEBUG qt.scenegraph.time.renderloop: [window 0x7fced6264040][gui thread] polishAndSync: start, elapsed since last call: 16 ms
Aug 27 23:56:31 hearth quickshell[171837]:  DEBUG qt.scenegraph.time.renderloop: [window 0x7fced6264040][render thread 0x7fced7807420] syncAndRender: frame rendered in 16ms, sync=0, render=0, swap=16
Aug 27 23:56:31 hearth quickshell[171837]:  DEBUG qt.scenegraph.time.renderloop: [window 0x7fced6264040][render thread 0x7fced7807420] syncAndRender: start, elapsed since last call: 16 ms
Aug 27 23:56:31 hearth quickshell[171837]:  DEBUG qt.scenegraph.time.renderloop: [window 0x7fced6264040][gui thread] Frame prepared, polish=0 ms, lock=0 ms, blockedForSync=0 ms, animations=0 ms
Aug 27 23:56:31 hearth quickshell[171837]:  DEBUG qt.scenegraph.time.renderer: time in renderer: total=0ms, preprocess=0, updates=0, rendering=0
Aug 27 23:56:31 hearth quickshell[171837]:  DEBUG qt.scenegraph.time.renderloop: [window 0x7fced6264040][gui thread] polishAndSync: start, elapsed since last call: 16 ms
Aug 27 23:56:31 hearth quickshell[171837]:  DEBUG qt.scenegraph.time.renderloop: [window 0x7fced6264040][render thread 0x7fced7807420] syncAndRender: frame rendered in 16ms, sync=0, render=0, swap=16
Aug 27 23:56:31 hearth quickshell[171837]:  DEBUG qt.scenegraph.time.renderloop: [window 0x7fced6264040][render thread 0x7fced7807420] syncAndRender: start, elapsed since last call: 16 ms
Aug 27 23:56:31 hearth quickshell[171837]:  DEBUG qt.scenegraph.time.renderloop: [window 0x7fced6264040][gui thread] Frame prepared, polish=0 ms, lock=0 ms, blockedForSync=0 ms, animations=0 ms
Aug 27 23:56:31 hearth quickshell[171837]:  DEBUG qt.scenegraph.time.renderer: time in renderer: total=0ms, preprocess=0, updates=0, rendering=0
Aug 27 23:56:31 hearth quickshell[171837]:  DEBUG qt.scenegraph.time.renderloop: [window 0x7fced6264040][gui thread] polishAndSync: start, elapsed since last call: 16 ms
Aug 27 23:56:31 hearth quickshell[171837]:  DEBUG qt.scenegraph.time.renderloop: [window 0x7fced6264040][render thread 0x7fced7807420] syncAndRender: frame rendered in 16ms, sync=0, render=0, swap=16
Aug 27 23:56:31 hearth quickshell[171837]:  DEBUG qt.scenegraph.time.renderloop: [window 0x7fced6264040][render thread 0x7fced7807420] syncAndRender: start, elapsed since last call: 16 ms
Aug 27 23:56:31 hearth quickshell[171837]:  DEBUG qt.scenegraph.time.renderloop: [window 0x7fced6264040][gui thread] Frame prepared, polish=0 ms, lock=0 ms, blockedForSync=0 ms, animations=0 ms
Aug 27 23:56:31 hearth quickshell[171837]:  DEBUG qt.scenegraph.time.renderer: time in renderer: total=0ms, preprocess=0, updates=0, rendering=0
Aug 27 23:56:31 hearth quickshell[171837]:  DEBUG qt.scenegraph.time.renderloop: [window 0x7fced6264040][gui thread] polishAndSync: start, elapsed since last call: 16 ms
Aug 27 23:56:31 hearth quickshell[171837]:  DEBUG qt.scenegraph.time.renderloop: [window 0x7fced6264040][render thread 0x7fced7807420] syncAndRender: frame rendered in 16ms, sync=0, render=0, swap=16
Aug 27 23:56:31 hearth quickshell[171837]:  DEBUG qt.scenegraph.time.renderloop: [window 0x7fced6264040][render thread 0x7fced7807420] syncAndRender: start, elapsed since last call: 16 ms
Aug 27 23:56:31 hearth quickshell[171837]:  DEBUG qt.scenegraph.time.renderloop: [window 0x7fced6264040][gui thread] Frame prepared, polish=0 ms, lock=0 ms, blockedForSync=0 ms, animations=0 ms
Aug 27 23:56:31 hearth quickshell[171837]:  DEBUG qt.scenegraph.time.renderer: time in renderer: total=0ms, preprocess=0, updates=0, rendering=0
Aug 27 23:56:31 hearth quickshell[171837]:  DEBUG qt.scenegraph.time.renderloop: [window 0x7fced6264040][gui thread] polishAndSync: start, elapsed since last call: 16 ms
Aug 27 23:56:31 hearth quickshell[171837]:  DEBUG qt.scenegraph.time.renderloop: [window 0x7fced6264040][render thread 0x7fced7807420] syncAndRender: frame rendered in 16ms, sync=0, render=0, swap=16
Aug 27 23:56:31 hearth quickshell[171837]:  DEBUG qt.scenegraph.time.renderloop: [window 0x7fced6264040][render thread 0x7fced7807420] syncAndRender: start, elapsed since last call: 16 ms
Aug 27 23:56:31 hearth quickshell[171837]:  DEBUG qt.scenegraph.time.renderloop: [window 0x7fced6264040][gui thread] Frame prepared, polish=0 ms, lock=0 ms, blockedForSync=0 ms, animations=0 ms
Aug 27 23:56:31 hearth quickshell[171837]:  DEBUG qt.scenegraph.time.renderer: time in renderer: total=0ms, preprocess=0, updates=0, rendering=0
Aug 27 23:56:31 hearth quickshell[171837]:  DEBUG qt.scenegraph.time.renderloop: [window 0x7fced6264040][gui thread] polishAndSync: start, elapsed since last call: 16 ms
Aug 27 23:56:31 hearth quickshell[171837]:  DEBUG qt.scenegraph.time.renderloop: [window 0x7fced6264040][render thread 0x7fced7807420] syncAndRender: frame rendered in 16ms, sync=0, render=0, swap=16
Aug 27 23:56:31 hearth quickshell[171837]:  DEBUG qt.scenegraph.time.renderloop: [window 0x7fced6264040][render thread 0x7fced7807420] syncAndRender: start, elapsed since last call: 16 ms
Aug 27 23:56:31 hearth quickshell[171837]:  DEBUG qt.scenegraph.time.renderloop: [window 0x7fced6264040][gui thread] Frame prepared, polish=0 ms, lock=0 ms, blockedForSync=0 ms, animations=0 ms
Aug 27 23:56:31 hearth quickshell[171837]:  DEBUG qt.scenegraph.time.renderer: time in renderer: total=0ms, preprocess=0, updates=0, rendering=0
Aug 27 23:56:31 hearth quickshell[171837]:  DEBUG qt.scenegraph.time.renderloop: [window 0x7fced6264040][gui thread] polishAndSync: start, elapsed since last call: 16 ms
Aug 27 23:56:31 hearth quickshell[171837]:  DEBUG qt.scenegraph.time.renderloop: [window 0x7fced6264040][render thread 0x7fced7807420] syncAndRender: frame rendered in 16ms, sync=0, render=0, swap=16
Aug 27 23:56:31 hearth quickshell[171837]:  DEBUG qt.scenegraph.time.renderloop: [window 0x7fced6264040][render thread 0x7fced7807420] syncAndRender: start, elapsed since last call: 16 ms
Aug 27 23:56:31 hearth quickshell[171837]:  DEBUG qt.scenegraph.time.renderloop: [window 0x7fced6264040][gui thread] Frame prepared, polish=0 ms, lock=0 ms, blockedForSync=0 ms, animations=0 ms
Aug 27 23:56:31 hearth quickshell[171837]:  DEBUG qt.scenegraph.time.renderer: time in renderer: total=0ms, preprocess=0, updates=0, rendering=0
Aug 27 23:56:31 hearth quickshell[171837]:  DEBUG qt.scenegraph.time.renderloop: [window 0x7fced6264040][gui thread] polishAndSync: start, elapsed since last call: 16 ms
Aug 27 23:56:31 hearth quickshell[171837]:  DEBUG qt.scenegraph.time.renderloop: [window 0x7fced6264040][render thread 0x7fced7807420] syncAndRender: frame rendered in 16ms, sync=0, render=0, swap=16
Aug 27 23:56:31 hearth quickshell[171837]:  DEBUG qt.scenegraph.time.renderloop: [window 0x7fced6264040][render thread 0x7fced7807420] syncAndRender: start, elapsed since last call: 16 ms
Aug 27 23:56:31 hearth quickshell[171837]:  DEBUG qt.scenegraph.time.renderloop: [window 0x7fced6264040][gui thread] Frame prepared, polish=0 ms, lock=0 ms, blockedForSync=0 ms, animations=0 ms
Aug 27 23:56:31 hearth quickshell[171837]:  DEBUG qt.scenegraph.time.renderer: time in renderer: total=0ms, preprocess=0, updates=0, rendering=0
Aug 27 23:56:31 hearth quickshell[171837]:  DEBUG qt.scenegraph.time.renderloop: [window 0x7fced6264040][gui thread] polishAndSync: start, elapsed since last call: 16 ms
Aug 27 23:56:31 hearth quickshell[171837]:  DEBUG qt.scenegraph.time.renderloop: [window 0x7fced6264040][render thread 0x7fced7807420] syncAndRender: frame rendered in 16ms, sync=0, render=0, swap=16
Aug 27 23:56:31 hearth quickshell[171837]:  DEBUG qt.scenegraph.time.renderloop: [window 0x7fced6264040][render thread 0x7fced7807420] syncAndRender: start, elapsed since last call: 16 ms
Aug 27 23:56:31 hearth quickshell[171837]:  DEBUG qt.scenegraph.time.renderloop: [window 0x7fced6264040][gui thread] Frame prepared, polish=0 ms, lock=0 ms, blockedForSync=0 ms, animations=0 ms
Aug 27 23:56:31 hearth quickshell[171837]:  DEBUG qt.scenegraph.time.renderer: time in renderer: total=0ms, preprocess=0, updates=0, rendering=0
Aug 27 23:56:31 hearth quickshell[171837]:  DEBUG qt.scenegraph.time.renderloop: [window 0x7fced6264040][gui thread] polishAndSync: start, elapsed since last call: 16 ms
Aug 27 23:56:31 hearth quickshell[171837]:  DEBUG qt.scenegraph.time.renderloop: [window 0x7fced6264040][render thread 0x7fced7807420] syncAndRender: frame rendered in 16ms, sync=0, render=0, swap=16
Aug 27 23:56:31 hearth quickshell[171837]:  DEBUG qt.scenegraph.time.renderloop: [window 0x7fced6264040][render thread 0x7fced7807420] syncAndRender: start, elapsed since last call: 16 ms
Aug 27 23:56:31 hearth quickshell[171837]:  DEBUG qt.scenegraph.time.renderloop: [window 0x7fced6264040][gui thread] Frame prepared, polish=0 ms, lock=0 ms, blockedForSync=0 ms, animations=0 ms
Aug 27 23:56:31 hearth quickshell[171837]:  DEBUG qt.scenegraph.time.renderer: time in renderer: total=0ms, preprocess=0, updates=0, rendering=0
Aug 27 23:56:31 hearth quickshell[171837]:  DEBUG qt.scenegraph.time.renderloop: [window 0x7fced6264040][gui thread] polishAndSync: start, elapsed since last call: 16 ms
Aug 27 23:56:31 hearth quickshell[171837]:  DEBUG qt.scenegraph.time.renderloop: [window 0x7fced6264040][render thread 0x7fced7807420] syncAndRender: frame rendered in 16ms, sync=0, render=0, swap=16
Aug 27 23:56:31 hearth quickshell[171837]:  DEBUG qt.scenegraph.time.renderloop: [window 0x7fced6264040][render thread 0x7fced7807420] syncAndRender: start, elapsed since last call: 16 ms
Aug 27 23:56:31 hearth quickshell[171837]:  DEBUG qt.scenegraph.time.renderloop: [window 0x7fced6264040][gui thread] Frame prepared, polish=0 ms, lock=0 ms, blockedForSync=0 ms, animations=0 ms
Aug 27 23:56:31 hearth quickshell[171837]:  DEBUG qt.scenegraph.time.renderer: time in renderer: total=0ms, preprocess=0, updates=0, rendering=0
Aug 27 23:56:31 hearth quickshell[171837]:  DEBUG qt.scenegraph.time.renderloop: [window 0x7fced6264040][gui thread] polishAndSync: start, elapsed since last call: 16 ms
Aug 27 23:56:31 hearth quickshell[171837]:  DEBUG qt.scenegraph.time.renderloop: [window 0x7fced6264040][render thread 0x7fced7807420] syncAndRender: frame rendered in 16ms, sync=0, render=0, swap=16
Aug 27 23:56:31 hearth quickshell[171837]:  DEBUG qt.scenegraph.time.renderloop: [window 0x7fced6264040][render thread 0x7fced7807420] syncAndRender: start, elapsed since last call: 16 ms
Aug 27 23:56:31 hearth quickshell[171837]:  DEBUG qt.scenegraph.time.renderloop: [window 0x7fced6264040][gui thread] Frame prepared, polish=0 ms, lock=0 ms, blockedForSync=0 ms, animations=0 ms
Aug 27 23:56:31 hearth quickshell[171837]:  DEBUG qt.scenegraph.time.renderer: time in renderer: total=0ms, preprocess=0, updates=0, rendering=0
Aug 27 23:56:31 hearth quickshell[171837]:  DEBUG qt.scenegraph.time.renderloop: [window 0x7fced6264040][gui thread] polishAndSync: start, elapsed since last call: 16 ms
Aug 27 23:56:31 hearth quickshell[171837]:  DEBUG qt.scenegraph.time.renderloop: [window 0x7fced6264040][render thread 0x7fced7807420] syncAndRender: frame rendered in 16ms, sync=0, render=0, swap=16
Aug 27 23:56:31 hearth quickshell[171837]:  DEBUG qt.scenegraph.time.renderloop: [window 0x7fced6264040][render thread 0x7fced7807420] syncAndRender: start, elapsed since last call: 16 ms
Aug 27 23:56:31 hearth quickshell[171837]:  DEBUG qt.scenegraph.time.renderloop: [window 0x7fced6264040][gui thread] Frame prepared, polish=0 ms, lock=0 ms, blockedForSync=0 ms, animations=0 ms
Aug 27 23:56:31 hearth quickshell[171837]:  DEBUG qt.scenegraph.time.renderer: time in renderer: total=0ms, preprocess=0, updates=0, rendering=0
Aug 27 23:56:31 hearth quickshell[171837]:  DEBUG qt.scenegraph.time.renderloop: [window 0x7fced6264040][gui thread] polishAndSync: start, elapsed since last call: 16 ms
Aug 27 23:56:31 hearth quickshell[171837]:  DEBUG qt.scenegraph.time.renderloop: [window 0x7fced6264040][render thread 0x7fced7807420] syncAndRender: frame rendered in 16ms, sync=0, render=0, swap=16
Aug 27 23:56:31 hearth quickshell[171837]:  DEBUG qt.scenegraph.time.renderloop: [window 0x7fced6264040][render thread 0x7fced7807420] syncAndRender: start, elapsed since last call: 16 ms
Aug 27 23:56:31 hearth quickshell[171837]:  DEBUG qt.scenegraph.time.renderloop: [window 0x7fced6264040][gui thread] Frame prepared, polish=0 ms, lock=0 ms, blockedForSync=0 ms, animations=0 ms
Aug 27 23:56:31 hearth quickshell[171837]:  DEBUG qt.scenegraph.time.renderer: time in renderer: total=0ms, preprocess=0, updates=0, rendering=0
Aug 27 23:56:31 hearth quickshell[171837]:  DEBUG qt.scenegraph.time.renderloop: [window 0x7fced6264040][gui thread] polishAndSync: start, elapsed since last call: 16 ms
Aug 27 23:56:31 hearth quickshell[171837]:  DEBUG qt.scenegraph.time.renderloop: [window 0x7fced6264040][render thread 0x7fced7807420] syncAndRender: frame rendered in 16ms, sync=0, render=0, swap=16
Aug 27 23:56:31 hearth quickshell[171837]:  DEBUG qt.scenegraph.time.renderloop: [window 0x7fced6264040][render thread 0x7fced7807420] syncAndRender: start, elapsed since last call: 16 ms
Aug 27 23:56:31 hearth quickshell[171837]:  DEBUG qt.scenegraph.time.renderloop: [window 0x7fced6264040][gui thread] Frame prepared, polish=0 ms, lock=0 ms, blockedForSync=0 ms, animations=0 ms
Aug 27 23:56:31 hearth quickshell[171837]:  DEBUG qt.scenegraph.time.renderer: time in renderer: total=0ms, preprocess=0, updates=0, rendering=0
Aug 27 23:56:31 hearth quickshell[171837]:  DEBUG qt.scenegraph.time.renderloop: [window 0x7fced6264040][gui thread] polishAndSync: start, elapsed since last call: 16 ms
Aug 27 23:56:31 hearth quickshell[171837]:  DEBUG qt.scenegraph.time.renderloop: [window 0x7fced6264040][render thread 0x7fced7807420] syncAndRender: frame rendered in 16ms, sync=0, render=0, swap=16
Aug 27 23:56:31 hearth quickshell[171837]:  DEBUG qt.scenegraph.time.renderloop: [window 0x7fced6264040][render thread 0x7fced7807420] syncAndRender: start, elapsed since last call: 16 ms
Aug 27 23:56:31 hearth quickshell[171837]:  DEBUG qt.scenegraph.time.renderloop: [window 0x7fced6264040][gui thread] Frame prepared, polish=0 ms, lock=0 ms, blockedForSync=0 ms, animations=0 ms
Aug 27 23:56:31 hearth quickshell[171837]:  DEBUG qt.scenegraph.time.renderer: time in renderer: total=0ms, preprocess=0, updates=0, rendering=0
Aug 27 23:56:31 hearth quickshell[171837]:  DEBUG qt.scenegraph.time.renderloop: [window 0x7fced6264040][gui thread] polishAndSync: start, elapsed since last call: 16 ms
Aug 27 23:56:31 hearth quickshell[171837]:  DEBUG qt.scenegraph.time.renderloop: [window 0x7fced6264040][render thread 0x7fced7807420] syncAndRender: frame rendered in 16ms, sync=0, render=0, swap=16
Aug 27 23:56:31 hearth quickshell[171837]:  DEBUG qt.scenegraph.time.renderloop: [window 0x7fced6264040][render thread 0x7fced7807420] syncAndRender: start, elapsed since last call: 16 ms
Aug 27 23:56:31 hearth quickshell[171837]:  DEBUG qt.scenegraph.time.renderloop: [window 0x7fced6264040][gui thread] Frame prepared, polish=0 ms, lock=0 ms, blockedForSync=0 ms, animations=0 ms
Aug 27 23:56:31 hearth quickshell[171837]:  DEBUG qt.scenegraph.time.renderer: time in renderer: total=0ms, preprocess=0, updates=0, rendering=0
Aug 27 23:56:31 hearth quickshell[171837]:  DEBUG qt.scenegraph.time.renderloop: [window 0x7fced6264040][gui thread] polishAndSync: start, elapsed since last call: 16 ms
Aug 27 23:56:31 hearth quickshell[171837]:  DEBUG qt.scenegraph.time.renderloop: [window 0x7fced6264040][render thread 0x7fced7807420] syncAndRender: frame rendered in 16ms, sync=0, render=0, swap=16
Aug 27 23:56:31 hearth quickshell[171837]:  DEBUG qt.scenegraph.time.renderloop: [window 0x7fced6264040][render thread 0x7fced7807420] syncAndRender: start, elapsed since last call: 16 ms
Aug 27 23:56:31 hearth quickshell[171837]:  DEBUG qt.scenegraph.time.renderloop: [window 0x7fced6264040][gui thread] Frame prepared, polish=0 ms, lock=0 ms, blockedForSync=0 ms, animations=0 ms
Aug 27 23:56:31 hearth quickshell[171837]:  DEBUG qt.scenegraph.time.renderer: time in renderer: total=0ms, preprocess=0, updates=0, rendering=0
Aug 27 23:56:31 hearth quickshell[171837]:  DEBUG qt.scenegraph.time.renderloop: [window 0x7fced6264040][gui thread] polishAndSync: start, elapsed since last call: 16 ms
Aug 27 23:56:31 hearth quickshell[171837]:  DEBUG qt.scenegraph.time.renderloop: [window 0x7fced6264040][render thread 0x7fced7807420] syncAndRender: frame rendered in 16ms, sync=0, render=0, swap=16
Aug 27 23:56:31 hearth quickshell[171837]:  DEBUG qt.scenegraph.time.renderloop: [window 0x7fced6264040][render thread 0x7fced7807420] syncAndRender: start, elapsed since last call: 16 ms
Aug 27 23:56:31 hearth quickshell[171837]:  DEBUG qt.scenegraph.time.renderloop: [window 0x7fced6264040][gui thread] Frame prepared, polish=0 ms, lock=0 ms, blockedForSync=0 ms, animations=0 ms
Aug 27 23:56:31 hearth quickshell[171837]:  DEBUG qt.scenegraph.time.renderer: time in renderer: total=0ms, preprocess=0, updates=0, rendering=0
Aug 27 23:56:31 hearth quickshell[171837]:  DEBUG qt.scenegraph.time.renderloop: [window 0x7fced6264040][gui thread] polishAndSync: start, elapsed since last call: 16 ms
Aug 27 23:56:31 hearth quickshell[171837]:  DEBUG qt.scenegraph.time.renderloop: [window 0x7fced6264040][render thread 0x7fced7807420] syncAndRender: frame rendered in 16ms, sync=0, render=0, swap=16
Aug 27 23:56:31 hearth quickshell[171837]:  DEBUG qt.scenegraph.time.renderloop: [window 0x7fced6264040][render thread 0x7fced7807420] syncAndRender: start, elapsed since last call: 16 ms
Aug 27 23:56:31 hearth quickshell[171837]:  DEBUG qt.scenegraph.time.renderloop: [window 0x7fced6264040][gui thread] Frame prepared, polish=0 ms, lock=0 ms, blockedForSync=0 ms, animations=0 ms
Aug 27 23:56:31 hearth quickshell[171837]:  DEBUG qt.scenegraph.time.renderer: time in renderer: total=0ms, preprocess=0, updates=0, rendering=0
Aug 27 23:56:31 hearth quickshell[171837]:  DEBUG qt.scenegraph.time.renderloop: [window 0x7fced6264040][gui thread] polishAndSync: start, elapsed since last call: 16 ms
Aug 27 23:56:31 hearth quickshell[171837]:  DEBUG qt.scenegraph.time.renderloop: [window 0x7fced6264040][render thread 0x7fced7807420] syncAndRender: frame rendered in 16ms, sync=0, render=0, swap=16
Aug 27 23:56:31 hearth quickshell[171837]:  DEBUG qt.scenegraph.time.renderloop: [window 0x7fced6264040][render thread 0x7fced7807420] syncAndRender: start, elapsed since last call: 16 ms
Aug 27 23:56:31 hearth quickshell[171837]:  DEBUG qt.scenegraph.time.renderloop: [window 0x7fced6264040][gui thread] Frame prepared, polish=0 ms, lock=0 ms, blockedForSync=0 ms, animations=0 ms
Aug 27 23:56:31 hearth quickshell[171837]:  DEBUG qt.scenegraph.time.renderer: time in renderer: total=0ms, preprocess=0, updates=0, rendering=0
Aug 27 23:56:31 hearth quickshell[171837]:  DEBUG qt.scenegraph.time.renderloop: [window 0x7fced6264040][gui thread] polishAndSync: start, elapsed since last call: 16 ms
Aug 27 23:56:31 hearth quickshell[171837]:  DEBUG qt.scenegraph.time.renderloop: [window 0x7fced6264040][render thread 0x7fced7807420] syncAndRender: frame rendered in 16ms, sync=0, render=0, swap=16
Aug 27 23:56:31 hearth quickshell[171837]:  DEBUG qt.scenegraph.time.renderloop: [window 0x7fced6264040][render thread 0x7fced7807420] syncAndRender: start, elapsed since last call: 16 ms
Aug 27 23:56:31 hearth quickshell[171837]:  DEBUG qt.scenegraph.time.renderloop: [window 0x7fced6264040][gui thread] Frame prepared, polish=0 ms, lock=0 ms, blockedForSync=0 ms, animations=0 ms
Aug 27 23:56:31 hearth quickshell[171837]:  DEBUG qt.scenegraph.time.renderer: time in renderer: total=0ms, preprocess=0, updates=0, rendering=0
Aug 27 23:56:31 hearth quickshell[171837]:  DEBUG qt.scenegraph.time.renderloop: [window 0x7fced6264040][gui thread] polishAndSync: start, elapsed since last call: 16 ms
Aug 27 23:56:31 hearth quickshell[171837]:  DEBUG qt.scenegraph.time.renderloop: [window 0x7fced6264040][render thread 0x7fced7807420] syncAndRender: frame rendered in 16ms, sync=0, render=0, swap=16
Aug 27 23:56:31 hearth quickshell[171837]:  DEBUG qt.scenegraph.time.renderloop: [window 0x7fced6264040][render thread 0x7fced7807420] syncAndRender: start, elapsed since last call: 16 ms
Aug 27 23:56:31 hearth quickshell[171837]:  DEBUG qt.scenegraph.time.renderloop: [window 0x7fced6264040][gui thread] Frame prepared, polish=0 ms, lock=0 ms, blockedForSync=0 ms, animations=0 ms
Aug 27 23:56:31 hearth quickshell[171837]:  DEBUG qt.scenegraph.time.renderer: time in renderer: total=0ms, preprocess=0, updates=0, rendering=0
Aug 27 23:56:31 hearth quickshell[171837]:  DEBUG qt.scenegraph.time.renderloop: [window 0x7fced6264040][gui thread] polishAndSync: start, elapsed since last call: 16 ms
Aug 27 23:56:31 hearth quickshell[171837]:  DEBUG qt.scenegraph.time.renderloop: [window 0x7fced6264040][render thread 0x7fced7807420] syncAndRender: frame rendered in 16ms, sync=0, render=0, swap=16
Aug 27 23:56:31 hearth quickshell[171837]:  DEBUG qt.scenegraph.time.renderloop: [window 0x7fced6264040][render thread 0x7fced7807420] syncAndRender: start, elapsed since last call: 16 ms
Aug 27 23:56:31 hearth quickshell[171837]:  DEBUG qt.scenegraph.time.renderloop: [window 0x7fced6264040][gui thread] Frame prepared, polish=0 ms, lock=0 ms, blockedForSync=0 ms, animations=0 ms
Aug 27 23:56:31 hearth quickshell[171837]:  DEBUG qt.scenegraph.time.renderer: time in renderer: total=0ms, preprocess=0, updates=0, rendering=0
Aug 27 23:56:31 hearth quickshell[171837]:  DEBUG qt.scenegraph.time.renderloop: [window 0x7fced6264040][gui thread] polishAndSync: start, elapsed since last call: 16 ms
Aug 27 23:56:31 hearth quickshell[171837]:  DEBUG qt.scenegraph.time.renderloop: [window 0x7fced6264040][render thread 0x7fced7807420] syncAndRender: frame rendered in 16ms, sync=0, render=0, swap=16
Aug 27 23:56:31 hearth quickshell[171837]:  DEBUG qt.scenegraph.time.renderloop: [window 0x7fced6264040][render thread 0x7fced7807420] syncAndRender: start, elapsed since last call: 16 ms
Aug 27 23:56:31 hearth quickshell[171837]:  DEBUG qt.scenegraph.time.renderloop: [window 0x7fced6264040][gui thread] Frame prepared, polish=0 ms, lock=0 ms, blockedForSync=0 ms, animations=0 ms
Aug 27 23:56:31 hearth quickshell[171837]:  DEBUG qt.scenegraph.time.renderer: time in renderer: total=0ms, preprocess=0, updates=0, rendering=0
Aug 27 23:56:31 hearth quickshell[171837]:  DEBUG qt.scenegraph.time.renderloop: [window 0x7fced6264040][gui thread] polishAndSync: start, elapsed since last call: 16 ms
Aug 27 23:56:31 hearth quickshell[171837]:  DEBUG qt.scenegraph.time.renderloop: [window 0x7fced6264040][render thread 0x7fced7807420] syncAndRender: frame rendered in 16ms, sync=0, render=0, swap=16
Aug 27 23:56:31 hearth quickshell[171837]:  DEBUG qt.scenegraph.time.renderloop: [window 0x7fced6264040][render thread 0x7fced7807420] syncAndRender: start, elapsed since last call: 16 ms
Aug 27 23:56:31 hearth quickshell[171837]:  DEBUG qt.scenegraph.time.renderloop: [window 0x7fced6264040][gui thread] Frame prepared, polish=0 ms, lock=0 ms, blockedForSync=0 ms, animations=0 ms
Aug 27 23:56:31 hearth quickshell[171837]:  DEBUG qt.scenegraph.time.renderer: time in renderer: total=0ms, preprocess=0, updates=0, rendering=0
Aug 27 23:56:31 hearth quickshell[171837]:  DEBUG qt.scenegraph.time.renderloop: [window 0x7fced6264040][gui thread] polishAndSync: start, elapsed since last call: 16 ms
Aug 27 23:56:31 hearth quickshell[171837]:  DEBUG qt.scenegraph.time.renderloop: [window 0x7fced6264040][render thread 0x7fced7807420] syncAndRender: frame rendered in 16ms, sync=0, render=0, swap=16
Aug 27 23:56:31 hearth quickshell[171837]:  DEBUG qt.scenegraph.time.renderloop: [window 0x7fced6264040][render thread 0x7fced7807420] syncAndRender: start, elapsed since last call: 16 ms
Aug 27 23:56:31 hearth quickshell[171837]:  DEBUG qt.scenegraph.time.renderloop: [window 0x7fced6264040][gui thread] Frame prepared, polish=0 ms, lock=0 ms, blockedForSync=0 ms, animations=0 ms
Aug 27 23:56:31 hearth quickshell[171837]:  DEBUG qt.scenegraph.time.renderer: time in renderer: total=0ms, preprocess=0, updates=0, rendering=0
Aug 27 23:56:31 hearth quickshell[171837]:  DEBUG qt.scenegraph.time.renderloop: [window 0x7fced6264040][gui thread] polishAndSync: start, elapsed since last call: 16 ms
Aug 27 23:56:31 hearth quickshell[171837]:  DEBUG qt.scenegraph.time.renderloop: [window 0x7fced6264040][render thread 0x7fced7807420] syncAndRender: frame rendered in 16ms, sync=0, render=0, swap=16
Aug 27 23:56:31 hearth quickshell[171837]:  DEBUG qt.scenegraph.time.renderloop: [window 0x7fced6264040][render thread 0x7fced7807420] syncAndRender: start, elapsed since last call: 16 ms
Aug 27 23:56:31 hearth quickshell[171837]:  DEBUG qt.scenegraph.time.renderloop: [window 0x7fced6264040][gui thread] Frame prepared, polish=0 ms, lock=0 ms, blockedForSync=0 ms, animations=0 ms
Aug 27 23:56:31 hearth quickshell[171837]:  DEBUG qt.scenegraph.time.renderer: time in renderer: total=0ms, preprocess=0, updates=0, rendering=0
Aug 27 23:56:31 hearth quickshell[171837]:  DEBUG qt.scenegraph.time.renderloop: [window 0x7fced6264040][gui thread] polishAndSync: start, elapsed since last call: 16 ms
Aug 27 23:56:31 hearth quickshell[171837]:  DEBUG qt.scenegraph.time.renderloop: [window 0x7fced6264040][render thread 0x7fced7807420] syncAndRender: frame rendered in 16ms, sync=0, render=0, swap=16
Aug 27 23:56:31 hearth quickshell[171837]:  DEBUG qt.scenegraph.time.renderloop: [window 0x7fced6264040][render thread 0x7fced7807420] syncAndRender: start, elapsed since last call: 16 ms
Aug 27 23:56:31 hearth quickshell[171837]:  DEBUG qt.scenegraph.time.renderloop: [window 0x7fced6264040][gui thread] Frame prepared, polish=0 ms, lock=0 ms, blockedForSync=0 ms, animations=0 ms
Aug 27 23:56:31 hearth quickshell[171837]:  DEBUG qt.scenegraph.time.renderer: time in renderer: total=0ms, preprocess=0, updates=0, rendering=0
Aug 27 23:56:31 hearth quickshell[171837]:  DEBUG qt.scenegraph.time.renderloop: [window 0x7fced6264040][gui thread] polishAndSync: start, elapsed since last call: 16 ms
Aug 27 23:56:31 hearth quickshell[171837]:  DEBUG qt.scenegraph.time.renderloop: [window 0x7fced6264040][render thread 0x7fced7807420] syncAndRender: frame rendered in 16ms, sync=0, render=0, swap=16
Aug 27 23:56:31 hearth quickshell[171837]:  DEBUG qt.scenegraph.time.renderloop: [window 0x7fced6264040][render thread 0x7fced7807420] syncAndRender: start, elapsed since last call: 16 ms
Aug 27 23:56:31 hearth quickshell[171837]:  DEBUG qt.scenegraph.time.renderloop: [window 0x7fced6264040][gui thread] Frame prepared, polish=0 ms, lock=0 ms, blockedForSync=0 ms, animations=0 ms
Aug 27 23:56:31 hearth quickshell[171837]:  DEBUG qt.scenegraph.time.renderer: time in renderer: total=0ms, preprocess=0, updates=0, rendering=0
Aug 27 23:56:31 hearth quickshell[171837]:  DEBUG qt.scenegraph.time.renderloop: [window 0x7fced6264040][gui thread] polishAndSync: start, elapsed since last call: 16 ms
Aug 27 23:56:31 hearth quickshell[171837]:  DEBUG qt.scenegraph.time.renderloop: [window 0x7fced6264040][render thread 0x7fced7807420] syncAndRender: frame rendered in 16ms, sync=0, render=0, swap=16
Aug 27 23:56:31 hearth quickshell[171837]:  DEBUG qt.scenegraph.time.renderloop: [window 0x7fced6264040][render thread 0x7fced7807420] syncAndRender: start, elapsed since last call: 16 ms
Aug 27 23:56:31 hearth quickshell[171837]:  DEBUG qt.scenegraph.time.renderloop: [window 0x7fced6264040][gui thread] Frame prepared, polish=0 ms, lock=0 ms, blockedForSync=0 ms, animations=0 ms
Aug 27 23:56:31 hearth quickshell[171837]:  DEBUG qt.scenegraph.time.renderer: time in renderer: total=0ms, preprocess=0, updates=0, rendering=0
Aug 27 23:56:31 hearth quickshell[171837]:  DEBUG qt.scenegraph.time.renderloop: [window 0x7fced6264040][gui thread] polishAndSync: start, elapsed since last call: 16 ms
Aug 27 23:56:31 hearth quickshell[171837]:  DEBUG qt.scenegraph.time.renderloop: [window 0x7fced6264040][render thread 0x7fced7807420] syncAndRender: frame rendered in 16ms, sync=0, render=0, swap=16
Aug 27 23:56:31 hearth quickshell[171837]:  DEBUG qt.scenegraph.time.renderloop: [window 0x7fced6264040][render thread 0x7fced7807420] syncAndRender: start, elapsed since last call: 16 ms
Aug 27 23:56:31 hearth quickshell[171837]:  DEBUG qt.scenegraph.time.renderloop: [window 0x7fced6264040][gui thread] Frame prepared, polish=0 ms, lock=0 ms, blockedForSync=0 ms, animations=0 ms
Aug 27 23:56:31 hearth quickshell[171837]:  DEBUG qt.scenegraph.time.renderer: time in renderer: total=0ms, preprocess=0, updates=0, rendering=0
Aug 27 23:56:31 hearth quickshell[171837]:  DEBUG qt.scenegraph.time.renderloop: [window 0x7fced6264040][gui thread] polishAndSync: start, elapsed since last call: 16 ms
Aug 27 23:56:31 hearth quickshell[171837]:  DEBUG qt.scenegraph.time.renderloop: [window 0x7fced6264040][render thread 0x7fced7807420] syncAndRender: frame rendered in 16ms, sync=0, render=0, swap=16
Aug 27 23:56:31 hearth quickshell[171837]:  DEBUG qt.scenegraph.time.renderloop: [window 0x7fced6264040][render thread 0x7fced7807420] syncAndRender: start, elapsed since last call: 16 ms
Aug 27 23:56:31 hearth quickshell[171837]:  DEBUG qt.scenegraph.time.renderloop: [window 0x7fced6264040][gui thread] Frame prepared, polish=0 ms, lock=0 ms, blockedForSync=0 ms, animations=0 ms
Aug 27 23:56:31 hearth quickshell[171837]:  DEBUG qt.scenegraph.time.renderer: time in renderer: total=0ms, preprocess=0, updates=0, rendering=0
Aug 27 23:56:31 hearth quickshell[171837]:  DEBUG qt.scenegraph.time.renderloop: [window 0x7fced6264040][gui thread] polishAndSync: start, elapsed since last call: 16 ms
Aug 27 23:56:31 hearth quickshell[171837]:  DEBUG qt.scenegraph.time.renderloop: [window 0x7fced6264040][render thread 0x7fced7807420] syncAndRender: frame rendered in 16ms, sync=0, render=0, swap=16
Aug 27 23:56:31 hearth quickshell[171837]:  DEBUG qt.scenegraph.time.renderloop: [window 0x7fced6264040][render thread 0x7fced7807420] syncAndRender: start, elapsed since last call: 16 ms
Aug 27 23:56:31 hearth quickshell[171837]:  DEBUG qt.scenegraph.time.renderloop: [window 0x7fced6264040][gui thread] Frame prepared, polish=0 ms, lock=0 ms, blockedForSync=0 ms, animations=0 ms
Aug 27 23:56:31 hearth quickshell[171837]:  DEBUG qt.scenegraph.time.renderer: time in renderer: total=0ms, preprocess=0, updates=0, rendering=0
Aug 27 23:56:31 hearth quickshell[171837]:  DEBUG qt.scenegraph.time.renderloop: [window 0x7fced6264040][gui thread] polishAndSync: start, elapsed since last call: 7 ms
Aug 27 23:56:31 hearth quickshell[171837]:  DEBUG qt.scenegraph.time.renderloop: [window 0x7fced6264040][render thread 0x7fced7807420] syncAndRender: frame rendered in 7ms, sync=0, render=0, swap=7
Aug 27 23:56:31 hearth quickshell[171837]:  DEBUG qt.scenegraph.time.renderloop: [window 0x7fced6264040][render thread 0x7fced7807420] syncAndRender: start, elapsed since last call: 7 ms
Aug 27 23:56:31 hearth quickshell[171837]:  DEBUG qt.scenegraph.time.renderloop: [window 0x7fced6264040][gui thread] Frame prepared, polish=0 ms, lock=0 ms, blockedForSync=0 ms, animations=0 ms
Aug 27 23:56:31 hearth quickshell[171837]:  DEBUG qt.scenegraph.time.renderer: time in renderer: total=0ms, preprocess=0, updates=0, rendering=0
Aug 27 23:56:31 hearth quickshell[171837]:  DEBUG qt.scenegraph.time.renderloop: [window 0x7fced6264040][render thread 0x7fced7807420] syncAndRender: frame rendered in 8ms, sync=0, render=0, swap=8
Aug 27 23:56:31 hearth quickshell[171837]:  DEBUG qt.scenegraph.time.renderloop: [window 0x7fced6264040][gui thread] polishAndSync: start, elapsed since last call: 25 ms
Aug 27 23:56:31 hearth quickshell[171837]:  DEBUG qt.scenegraph.time.renderloop: [window 0x7fced6264040][render thread 0x7fced7807420] syncAndRender: start, elapsed since last call: 25 ms
Aug 27 23:56:31 hearth quickshell[171837]:  DEBUG qt.scenegraph.time.renderloop: [window 0x7fced6264040][gui thread] Frame prepared, polish=0 ms, lock=0 ms, blockedForSync=0 ms, animations=0 ms
Aug 27 23:56:31 hearth quickshell[171837]:  DEBUG qt.scenegraph.time.renderer: time in renderer: total=0ms, preprocess=0, updates=0, rendering=0
Aug 27 23:56:31 hearth quickshell[171837]:  DEBUG qt.scenegraph.time.renderloop: [window 0x7fced6264040][render thread 0x7fced7807420] syncAndRender: frame rendered in 0ms, sync=0, render=0, swap=0
Aug 27 23:56:31 hearth quickshell[171837]:  DEBUG qt.scenegraph.time.renderloop: [window 0x7fced6264040][gui thread] polishAndSync: start, elapsed since last call: 16 ms
Aug 27 23:56:31 hearth quickshell[171837]:  DEBUG qt.scenegraph.time.renderloop: [window 0x7fced6264040][render thread 0x7fced7807420] syncAndRender: start, elapsed since last call: 16 ms
Aug 27 23:56:31 hearth quickshell[171837]:  DEBUG qt.scenegraph.time.renderloop: [window 0x7fced6264040][gui thread] Frame prepared, polish=0 ms, lock=0 ms, blockedForSync=0 ms, animations=0 ms
Aug 27 23:56:31 hearth quickshell[171837]:  DEBUG qt.scenegraph.time.renderer: time in renderer: total=0ms, preprocess=0, updates=0, rendering=0
Aug 27 23:56:31 hearth quickshell[171837]:  DEBUG qt.scenegraph.time.renderloop: [window 0x7fced6264040][gui thread] polishAndSync: start, elapsed since last call: 0 ms
Aug 27 23:56:31 hearth quickshell[171837]:  DEBUG qt.scenegraph.time.renderloop: [window 0x7fced6264040][render thread 0x7fced7807420] syncAndRender: frame rendered in 0ms, sync=0, render=0, swap=0
Aug 27 23:56:31 hearth quickshell[171837]:  DEBUG qt.scenegraph.time.renderloop: [window 0x7fced6264040][render thread 0x7fced7807420] syncAndRender: start, elapsed since last call: 0 ms
Aug 27 23:56:31 hearth quickshell[171837]:  DEBUG qt.scenegraph.time.renderloop: [window 0x7fced6264040][gui thread] Frame prepared, polish=0 ms, lock=0 ms, blockedForSync=0 ms, animations=0 ms
Aug 27 23:56:31 hearth quickshell[171837]:  DEBUG qt.scenegraph.time.renderer: time in renderer: total=0ms, preprocess=0, updates=0, rendering=0
Aug 27 23:56:31 hearth quickshell[171837]:  DEBUG qt.scenegraph.time.renderloop: [window 0x7fced6264040][render thread 0x7fced7807420] syncAndRender: frame rendered in 16ms, sync=0, render=0, swap=15
Aug 27 23:56:31 hearth quickshell[171837]:  DEBUG qt.scenegraph.time.renderloop: [window 0x7fced6264040][gui thread] polishAndSync: start, elapsed since last call: 32 ms
Aug 27 23:56:31 hearth quickshell[171837]:  DEBUG qt.scenegraph.time.renderloop: [window 0x7fced6264040][render thread 0x7fced7807420] syncAndRender: start, elapsed since last call: 32 ms
Aug 27 23:56:31 hearth quickshell[171837]:  DEBUG qt.scenegraph.time.renderloop: [window 0x7fced6264040][gui thread] Frame prepared, polish=0 ms, lock=0 ms, blockedForSync=0 ms, animations=0 ms
Aug 27 23:56:31 hearth quickshell[171837]:  DEBUG qt.scenegraph.time.renderer: time in renderer: total=0ms, preprocess=0, updates=0, rendering=0
Aug 27 23:56:31 hearth quickshell[171837]:  DEBUG qt.scenegraph.time.renderloop: [window 0x7fced6264040][render thread 0x7fced7807420] syncAndRender: frame rendered in 0ms, sync=0, render=0, swap=0
Aug 27 23:56:31 hearth quickshell[171837]:  DEBUG qt.scenegraph.time.renderloop: [window 0x7fced6264040][gui thread] polishAndSync: start, elapsed since last call: 16 ms
Aug 27 23:56:31 hearth quickshell[171837]:  DEBUG qt.scenegraph.time.renderloop: [window 0x7fced6264040][render thread 0x7fced7807420] syncAndRender: start, elapsed since last call: 16 ms
Aug 27 23:56:31 hearth quickshell[171837]:  DEBUG qt.scenegraph.time.renderloop: [window 0x7fced6264040][gui thread] Frame prepared, polish=0 ms, lock=0 ms, blockedForSync=0 ms, animations=0 ms
Aug 27 23:56:31 hearth quickshell[171837]:  DEBUG qt.scenegraph.time.renderer: time in renderer: total=0ms, preprocess=0, updates=0, rendering=0
Aug 27 23:56:31 hearth quickshell[171837]:  DEBUG qt.scenegraph.time.renderloop: [window 0x7fced6264040][render thread 0x7fced7807420] syncAndRender: frame rendered in 0ms, sync=0, render=0, swap=0
Aug 27 23:56:31 hearth quickshell[171837]:  DEBUG qt.scenegraph.time.renderloop: [window 0x7fced6264040][gui thread] polishAndSync: start, elapsed since last call: 16 ms
Aug 27 23:56:31 hearth quickshell[171837]:  DEBUG qt.scenegraph.time.renderloop: [window 0x7fced6264040][render thread 0x7fced7807420] syncAndRender: start, elapsed since last call: 16 ms
Aug 27 23:56:31 hearth quickshell[171837]:  DEBUG qt.scenegraph.time.renderloop: [window 0x7fced6264040][gui thread] Frame prepared, polish=0 ms, lock=0 ms, blockedForSync=0 ms, animations=0 ms
Aug 27 23:56:31 hearth quickshell[171837]:  DEBUG qt.scenegraph.time.renderer: time in renderer: total=0ms, preprocess=0, updates=0, rendering=0
Aug 27 23:56:31 hearth quickshell[171837]:  DEBUG qt.scenegraph.time.renderloop: [window 0x7fced6264040][render thread 0x7fced7807420] syncAndRender: frame rendered in 0ms, sync=0, render=0, swap=0
Aug 27 23:56:31 hearth quickshell[171837]:  DEBUG qt.scenegraph.time.renderloop: [window 0x7fced6264040][gui thread] polishAndSync: start, elapsed since last call: 16 ms
Aug 27 23:56:31 hearth quickshell[171837]:  DEBUG qt.scenegraph.time.renderloop: [window 0x7fced6264040][render thread 0x7fced7807420] syncAndRender: start, elapsed since last call: 16 ms
Aug 27 23:56:31 hearth quickshell[171837]:  DEBUG qt.scenegraph.time.renderloop: [window 0x7fced6264040][gui thread] Frame prepared, polish=0 ms, lock=0 ms, blockedForSync=0 ms, animations=0 ms
Aug 27 23:56:31 hearth quickshell[171837]:  DEBUG qt.scenegraph.time.renderer: time in renderer: total=0ms, preprocess=0, updates=0, rendering=0
Aug 27 23:56:31 hearth quickshell[171837]:  DEBUG qt.scenegraph.time.renderloop: [window 0x7fced6264040][render thread 0x7fced7807420] syncAndRender: frame rendered in 0ms, sync=0, render=0, swap=0
Aug 27 23:56:31 hearth quickshell[171837]:  DEBUG qt.scenegraph.time.renderloop: [window 0x7fced6264040][gui thread] polishAndSync: start, elapsed since last call: 16 ms
Aug 27 23:56:31 hearth quickshell[171837]:  DEBUG qt.scenegraph.time.renderloop: [window 0x7fced6264040][render thread 0x7fced7807420] syncAndRender: start, elapsed since last call: 16 ms
Aug 27 23:56:31 hearth quickshell[171837]:  DEBUG qt.scenegraph.time.renderloop: [window 0x7fced6264040][gui thread] Frame prepared, polish=0 ms, lock=0 ms, blockedForSync=0 ms, animations=0 ms
Aug 27 23:56:31 hearth quickshell[171837]:  DEBUG qt.scenegraph.time.renderer: time in renderer: total=0ms, preprocess=0, updates=0, rendering=0
Aug 27 23:56:31 hearth quickshell[171837]:  DEBUG qt.scenegraph.time.renderloop: [window 0x7fced6264040][render thread 0x7fced7807420] syncAndRender: frame rendered in 0ms, sync=0, render=0, swap=0
Aug 27 23:56:31 hearth quickshell[171837]:  DEBUG qt.scenegraph.time.renderloop: [window 0x7fced6264040][gui thread] polishAndSync: start, elapsed since last call: 16 ms
Aug 27 23:56:31 hearth quickshell[171837]:  DEBUG qt.scenegraph.time.renderloop: [window 0x7fced6264040][render thread 0x7fced7807420] syncAndRender: start, elapsed since last call: 16 ms
Aug 27 23:56:31 hearth quickshell[171837]:  DEBUG qt.scenegraph.time.renderloop: [window 0x7fced6264040][gui thread] Frame prepared, polish=0 ms, lock=0 ms, blockedForSync=0 ms, animations=0 ms
Aug 27 23:56:31 hearth quickshell[171837]:  DEBUG qt.scenegraph.time.renderer: time in renderer: total=0ms, preprocess=0, updates=0, rendering=0
Aug 27 23:56:31 hearth quickshell[171837]:  DEBUG qt.scenegraph.time.renderloop: [window 0x7fced6264040][render thread 0x7fced7807420] syncAndRender: frame rendered in 0ms, sync=0, render=0, swap=0
Aug 27 23:56:31 hearth quickshell[171837]:  DEBUG qt.scenegraph.time.renderloop: [window 0x7fced6264040][gui thread] polishAndSync: start, elapsed since last call: 16 ms
Aug 27 23:56:31 hearth quickshell[171837]:  DEBUG qt.scenegraph.time.renderloop: [window 0x7fced6264040][render thread 0x7fced7807420] syncAndRender: start, elapsed since last call: 16 ms
Aug 27 23:56:31 hearth quickshell[171837]:  DEBUG qt.scenegraph.time.renderloop: [window 0x7fced6264040][gui thread] Frame prepared, polish=0 ms, lock=0 ms, blockedForSync=0 ms, animations=0 ms
Aug 27 23:56:31 hearth quickshell[171837]:  DEBUG qt.scenegraph.time.renderer: time in renderer: total=0ms, preprocess=0, updates=0, rendering=0
Aug 27 23:56:31 hearth quickshell[171837]:  DEBUG qt.scenegraph.time.renderloop: [window 0x7fced6264040][render thread 0x7fced7807420] syncAndRender: frame rendered in 0ms, sync=0, render=0, swap=0
Aug 27 23:56:31 hearth quickshell[171837]:  DEBUG qt.scenegraph.time.renderloop: [window 0x7fced6264040][gui thread] polishAndSync: start, elapsed since last call: 16 ms
Aug 27 23:56:31 hearth quickshell[171837]:  DEBUG qt.scenegraph.time.renderloop: [window 0x7fced6264040][render thread 0x7fced7807420] syncAndRender: start, elapsed since last call: 16 ms
Aug 27 23:56:31 hearth quickshell[171837]:  DEBUG qt.scenegraph.time.renderloop: [window 0x7fced6264040][gui thread] Frame prepared, polish=0 ms, lock=0 ms, blockedForSync=0 ms, animations=0 ms
Aug 27 23:56:31 hearth quickshell[171837]:  DEBUG qt.scenegraph.time.renderer: time in renderer: total=0ms, preprocess=0, updates=0, rendering=0
Aug 27 23:56:32 hearth quickshell[171837]:  DEBUG qt.scenegraph.time.renderloop: [window 0x7fced6264040][render thread 0x7fced7807420] syncAndRender: frame rendered in 0ms, sync=0, render=0, swap=0
Aug 27 23:56:32 hearth quickshell[171837]:  DEBUG qt.scenegraph.time.renderloop: [window 0x7fced6264040][gui thread] polishAndSync: start, elapsed since last call: 16 ms
Aug 27 23:56:32 hearth quickshell[171837]:  DEBUG qt.scenegraph.time.renderloop: [window 0x7fced6264040][render thread 0x7fced7807420] syncAndRender: start, elapsed since last call: 16 ms
Aug 27 23:56:32 hearth quickshell[171837]:  DEBUG qt.scenegraph.time.renderloop: [window 0x7fced6264040][gui thread] Frame prepared, polish=0 ms, lock=0 ms, blockedForSync=0 ms, animations=0 ms
Aug 27 23:56:32 hearth quickshell[171837]:  DEBUG qt.scenegraph.time.renderer: time in renderer: total=0ms, preprocess=0, updates=0, rendering=0
Aug 27 23:56:32 hearth quickshell[171837]:  DEBUG qt.scenegraph.time.renderloop: [window 0x7fced6264040][render thread 0x7fced7807420] syncAndRender: frame rendered in 0ms, sync=0, render=0, swap=0
Aug 27 23:56:32 hearth quickshell[171837]:  DEBUG qt.scenegraph.time.renderloop: [window 0x7fced6264040][gui thread] polishAndSync: start, elapsed since last call: 16 ms
Aug 27 23:56:32 hearth quickshell[171837]:  DEBUG qt.scenegraph.time.renderloop: [window 0x7fced6264040][render thread 0x7fced7807420] syncAndRender: start, elapsed since last call: 16 ms
Aug 27 23:56:32 hearth quickshell[171837]:  DEBUG qt.scenegraph.time.renderloop: [window 0x7fced6264040][gui thread] Frame prepared, polish=0 ms, lock=0 ms, blockedForSync=0 ms, animations=0 ms
Aug 27 23:56:32 hearth quickshell[171837]:  DEBUG qt.scenegraph.time.renderer: time in renderer: total=0ms, preprocess=0, updates=0, rendering=0
Aug 27 23:56:32 hearth quickshell[171837]:  DEBUG qt.scenegraph.time.renderloop: [window 0x7fced6264040][render thread 0x7fced7807420] syncAndRender: frame rendered in 0ms, sync=0, render=0, swap=0
Aug 27 23:56:32 hearth quickshell[171837]:  DEBUG qt.scenegraph.time.renderloop: [window 0x7fced6264040][gui thread] polishAndSync: start, elapsed since last call: 16 ms
Aug 27 23:56:32 hearth quickshell[171837]:  DEBUG qt.scenegraph.time.renderloop: [window 0x7fced6264040][render thread 0x7fced7807420] syncAndRender: start, elapsed since last call: 16 ms
Aug 27 23:56:32 hearth quickshell[171837]:  DEBUG qt.scenegraph.time.renderloop: [window 0x7fced6264040][gui thread] Frame prepared, polish=0 ms, lock=0 ms, blockedForSync=0 ms, animations=0 ms
Aug 27 23:56:32 hearth quickshell[171837]:  DEBUG qt.scenegraph.time.renderer: time in renderer: total=0ms, preprocess=0, updates=0, rendering=0
Aug 27 23:56:32 hearth quickshell[171837]:  DEBUG qt.scenegraph.time.renderloop: [window 0x7fced6264040][render thread 0x7fced7807420] syncAndRender: frame rendered in 0ms, sync=0, render=0, swap=0
Aug 27 23:56:32 hearth quickshell[171837]:  DEBUG qt.scenegraph.time.renderloop: [window 0x7fced6264040][gui thread] polishAndSync: start, elapsed since last call: 16 ms
Aug 27 23:56:32 hearth quickshell[171837]:  DEBUG qt.scenegraph.time.renderloop: [window 0x7fced6264040][render thread 0x7fced7807420] syncAndRender: start, elapsed since last call: 16 ms
Aug 27 23:56:32 hearth quickshell[171837]:  DEBUG qt.scenegraph.time.renderloop: [window 0x7fced6264040][gui thread] Frame prepared, polish=0 ms, lock=0 ms, blockedForSync=0 ms, animations=0 ms
Aug 27 23:56:32 hearth quickshell[171837]:  DEBUG qt.scenegraph.time.renderer: time in renderer: total=0ms, preprocess=0, updates=0, rendering=0
Aug 27 23:56:32 hearth quickshell[171837]:  DEBUG qt.scenegraph.time.renderloop: [window 0x7fced6264040][render thread 0x7fced7807420] syncAndRender: frame rendered in 0ms, sync=0, render=0, swap=0
Aug 27 23:56:32 hearth quickshell[171837]:  DEBUG qt.scenegraph.time.renderloop: [window 0x7fced6264040][gui thread] polishAndSync: start, elapsed since last call: 16 ms
Aug 27 23:56:32 hearth quickshell[171837]:  DEBUG qt.scenegraph.time.renderloop: [window 0x7fced6264040][render thread 0x7fced7807420] syncAndRender: start, elapsed since last call: 16 ms
Aug 27 23:56:32 hearth quickshell[171837]:  DEBUG qt.scenegraph.time.renderloop: [window 0x7fced6264040][gui thread] Frame prepared, polish=0 ms, lock=0 ms, blockedForSync=0 ms, animations=0 ms
Aug 27 23:56:32 hearth quickshell[171837]:  DEBUG qt.scenegraph.time.renderer: time in renderer: total=0ms, preprocess=0, updates=0, rendering=0
Aug 27 23:56:32 hearth quickshell[171837]:  DEBUG qt.scenegraph.time.renderloop: [window 0x7fced6264040][render thread 0x7fced7807420] syncAndRender: frame rendered in 0ms, sync=0, render=0, swap=0
Aug 27 23:56:32 hearth quickshell[171837]:  DEBUG qt.scenegraph.time.renderloop: [window 0x7fced6264040][gui thread] polishAndSync: start, elapsed since last call: 16 ms
Aug 27 23:56:32 hearth quickshell[171837]:  DEBUG qt.scenegraph.time.renderloop: [window 0x7fced6264040][render thread 0x7fced7807420] syncAndRender: start, elapsed since last call: 16 ms
Aug 27 23:56:32 hearth quickshell[171837]:  DEBUG qt.scenegraph.time.renderloop: [window 0x7fced6264040][gui thread] Frame prepared, polish=0 ms, lock=0 ms, blockedForSync=0 ms, animations=0 ms
Aug 27 23:56:32 hearth quickshell[171837]:  DEBUG qt.scenegraph.time.renderer: time in renderer: total=0ms, preprocess=0, updates=0, rendering=0
Aug 27 23:56:32 hearth quickshell[171837]:  DEBUG qt.scenegraph.time.renderloop: [window 0x7fced6264040][render thread 0x7fced7807420] syncAndRender: frame rendered in 0ms, sync=0, render=0, swap=0
Aug 27 23:56:32 hearth quickshell[171837]:  DEBUG qt.scenegraph.time.renderloop: [window 0x7fced6264040][gui thread] polishAndSync: start, elapsed since last call: 16 ms
Aug 27 23:56:32 hearth quickshell[171837]:  DEBUG qt.scenegraph.time.renderloop: [window 0x7fced6264040][render thread 0x7fced7807420] syncAndRender: start, elapsed since last call: 16 ms
Aug 27 23:56:32 hearth quickshell[171837]:  DEBUG qt.scenegraph.time.renderloop: [window 0x7fced6264040][gui thread] Frame prepared, polish=0 ms, lock=0 ms, blockedForSync=0 ms, animations=0 ms
Aug 27 23:56:32 hearth quickshell[171837]:  DEBUG qt.scenegraph.time.renderer: time in renderer: total=0ms, preprocess=0, updates=0, rendering=0
Aug 27 23:56:32 hearth quickshell[171837]:  DEBUG qt.scenegraph.time.renderloop: [window 0x7fced6264040][render thread 0x7fced7807420] syncAndRender: frame rendered in 0ms, sync=0, render=0, swap=0
Aug 27 23:56:32 hearth quickshell[171837]:  DEBUG qt.scenegraph.time.renderloop: [window 0x7fced6264040][gui thread] polishAndSync: start, elapsed since last call: 16 ms
Aug 27 23:56:32 hearth quickshell[171837]:  DEBUG qt.scenegraph.time.renderloop: [window 0x7fced6264040][render thread 0x7fced7807420] syncAndRender: start, elapsed since last call: 16 ms
Aug 27 23:56:32 hearth quickshell[171837]:  DEBUG qt.scenegraph.time.renderloop: [window 0x7fced6264040][gui thread] Frame prepared, polish=0 ms, lock=0 ms, blockedForSync=0 ms, animations=0 ms
Aug 27 23:56:32 hearth quickshell[171837]:  DEBUG qt.scenegraph.time.renderer: time in renderer: total=0ms, preprocess=0, updates=0, rendering=0
Aug 27 23:56:32 hearth quickshell[171837]:  DEBUG qt.scenegraph.time.renderloop: [window 0x7fced6264040][render thread 0x7fced7807420] syncAndRender: frame rendered in 0ms, sync=0, render=0, swap=0
Aug 27 23:56:32 hearth quickshell[171837]:  DEBUG qt.scenegraph.time.renderloop: [window 0x7fced6264040][gui thread] polishAndSync: start, elapsed since last call: 16 ms
Aug 27 23:56:32 hearth quickshell[171837]:  DEBUG qt.scenegraph.time.renderloop: [window 0x7fced6264040][render thread 0x7fced7807420] syncAndRender: start, elapsed since last call: 16 ms
Aug 27 23:56:32 hearth quickshell[171837]:  DEBUG qt.scenegraph.time.renderloop: [window 0x7fced6264040][gui thread] Frame prepared, polish=0 ms, lock=0 ms, blockedForSync=0 ms, animations=0 ms
Aug 27 23:56:32 hearth quickshell[171837]:  DEBUG qt.scenegraph.time.renderer: time in renderer: total=0ms, preprocess=0, updates=0, rendering=0
Aug 27 23:56:32 hearth quickshell[171837]:  DEBUG qt.scenegraph.time.renderloop: [window 0x7fced6264040][render thread 0x7fced7807420] syncAndRender: frame rendered in 0ms, sync=0, render=0, swap=0
Aug 27 23:56:32 hearth quickshell[171837]:  DEBUG qt.scenegraph.time.renderloop: [window 0x7fced6264040][gui thread] polishAndSync: start, elapsed since last call: 16 ms
Aug 27 23:56:32 hearth quickshell[171837]:  DEBUG qt.scenegraph.time.renderloop: [window 0x7fced6264040][render thread 0x7fced7807420] syncAndRender: start, elapsed since last call: 16 ms
Aug 27 23:56:32 hearth quickshell[171837]:  DEBUG qt.scenegraph.time.renderloop: [window 0x7fced6264040][gui thread] Frame prepared, polish=0 ms, lock=0 ms, blockedForSync=0 ms, animations=0 ms
Aug 27 23:56:32 hearth quickshell[171837]:  DEBUG qt.scenegraph.time.renderer: time in renderer: total=0ms, preprocess=0, updates=0, rendering=0
Aug 27 23:56:32 hearth quickshell[171837]:  DEBUG qt.scenegraph.time.renderloop: [window 0x7fced6264040][render thread 0x7fced7807420] syncAndRender: frame rendered in 0ms, sync=0, render=0, swap=0
Aug 27 23:56:32 hearth quickshell[171837]:  DEBUG qt.scenegraph.time.renderloop: [window 0x7fced6264040][gui thread] polishAndSync: start, elapsed since last call: 16 ms
Aug 27 23:56:32 hearth quickshell[171837]:  DEBUG qt.scenegraph.time.renderloop: [window 0x7fced6264040][render thread 0x7fced7807420] syncAndRender: start, elapsed since last call: 16 ms
Aug 27 23:56:32 hearth quickshell[171837]:  DEBUG qt.scenegraph.time.renderloop: [window 0x7fced6264040][gui thread] Frame prepared, polish=0 ms, lock=0 ms, blockedForSync=0 ms, animations=0 ms
Aug 27 23:56:32 hearth quickshell[171837]:  DEBUG qt.scenegraph.time.renderer: time in renderer: total=0ms, preprocess=0, updates=0, rendering=0
Aug 27 23:56:32 hearth quickshell[171837]:  DEBUG qt.scenegraph.time.renderloop: [window 0x7fced6264040][render thread 0x7fced7807420] syncAndRender: frame rendered in 0ms, sync=0, render=0, swap=0
Aug 27 23:56:32 hearth quickshell[171837]:  DEBUG qt.scenegraph.time.renderloop: [window 0x7fced6264040][gui thread] polishAndSync: start, elapsed since last call: 16 ms
Aug 27 23:56:32 hearth quickshell[171837]:  DEBUG qt.scenegraph.time.renderloop: [window 0x7fced6264040][render thread 0x7fced7807420] syncAndRender: start, elapsed since last call: 16 ms
Aug 27 23:56:32 hearth quickshell[171837]:  DEBUG qt.scenegraph.time.renderloop: [window 0x7fced6264040][gui thread] Frame prepared, polish=0 ms, lock=0 ms, blockedForSync=0 ms, animations=0 ms
Aug 27 23:56:32 hearth quickshell[171837]:  DEBUG qt.scenegraph.time.renderer: time in renderer: total=0ms, preprocess=0, updates=0, rendering=0
Aug 27 23:56:32 hearth quickshell[171837]:  DEBUG qt.scenegraph.time.renderloop: [window 0x7fced6264040][render thread 0x7fced7807420] syncAndRender: frame rendered in 0ms, sync=0, render=0, swap=0
Aug 27 23:56:32 hearth quickshell[171837]:  DEBUG qt.scenegraph.time.renderloop: [window 0x7fced6264040][gui thread] polishAndSync: start, elapsed since last call: 16 ms
Aug 27 23:56:32 hearth quickshell[171837]:  DEBUG qt.scenegraph.time.renderloop: [window 0x7fced6264040][render thread 0x7fced7807420] syncAndRender: start, elapsed since last call: 16 ms
Aug 27 23:56:32 hearth quickshell[171837]:  DEBUG qt.scenegraph.time.renderloop: [window 0x7fced6264040][gui thread] Frame prepared, polish=0 ms, lock=0 ms, blockedForSync=0 ms, animations=0 ms
Aug 27 23:56:32 hearth quickshell[171837]:  DEBUG qt.scenegraph.time.renderer: time in renderer: total=0ms, preprocess=0, updates=0, rendering=0
Aug 27 23:56:32 hearth quickshell[171837]:  DEBUG qt.scenegraph.time.renderloop: [window 0x7fced6264040][render thread 0x7fced7807420] syncAndRender: frame rendered in 0ms, sync=0, render=0, swap=0
Aug 27 23:56:32 hearth quickshell[171837]:  DEBUG qt.scenegraph.time.renderloop: [window 0x7fced6264040][gui thread] polishAndSync: start, elapsed since last call: 16 ms
Aug 27 23:56:32 hearth quickshell[171837]:  DEBUG qt.scenegraph.time.renderloop: [window 0x7fced6264040][render thread 0x7fced7807420] syncAndRender: start, elapsed since last call: 16 ms
Aug 27 23:56:32 hearth quickshell[171837]:  DEBUG qt.scenegraph.time.renderloop: [window 0x7fced6264040][gui thread] Frame prepared, polish=0 ms, lock=0 ms, blockedForSync=0 ms, animations=0 ms
Aug 27 23:56:32 hearth quickshell[171837]:  DEBUG qt.scenegraph.time.renderer: time in renderer: total=0ms, preprocess=0, updates=0, rendering=0
Aug 27 23:56:32 hearth quickshell[171837]:  DEBUG qt.scenegraph.time.renderloop: [window 0x7fced6264040][render thread 0x7fced7807420] syncAndRender: frame rendered in 0ms, sync=0, render=0, swap=0
Aug 27 23:56:32 hearth quickshell[171837]:  DEBUG qt.scenegraph.time.renderloop: [window 0x7fced6264040][gui thread] polishAndSync: start, elapsed since last call: 16 ms
Aug 27 23:56:32 hearth quickshell[171837]:  DEBUG qt.scenegraph.time.renderloop: [window 0x7fced6264040][render thread 0x7fced7807420] syncAndRender: start, elapsed since last call: 16 ms
Aug 27 23:56:32 hearth quickshell[171837]:  DEBUG qt.scenegraph.time.renderloop: [window 0x7fced6264040][gui thread] Frame prepared, polish=0 ms, lock=0 ms, blockedForSync=0 ms, animations=0 ms
Aug 27 23:56:32 hearth quickshell[171837]:  DEBUG qt.scenegraph.time.renderer: time in renderer: total=0ms, preprocess=0, updates=0, rendering=0
Aug 27 23:56:32 hearth quickshell[171837]:  DEBUG qt.scenegraph.time.renderloop: [window 0x7fced6264040][gui thread] polishAndSync: start, elapsed since last call: 0 ms
Aug 27 23:56:32 hearth quickshell[171837]:  DEBUG qt.scenegraph.time.renderloop: [window 0x7fced6264040][render thread 0x7fced7807420] syncAndRender: frame rendered in 0ms, sync=0, render=0, swap=0
Aug 27 23:56:32 hearth quickshell[171837]:  DEBUG qt.scenegraph.time.renderloop: [window 0x7fced6264040][render thread 0x7fced7807420] syncAndRender: start, elapsed since last call: 0 ms
Aug 27 23:56:32 hearth quickshell[171837]:  DEBUG qt.scenegraph.time.renderloop: [window 0x7fced6264040][gui thread] Frame prepared, polish=0 ms, lock=0 ms, blockedForSync=0 ms, animations=0 ms
Aug 27 23:56:32 hearth quickshell[171837]:  DEBUG qt.scenegraph.time.renderer: time in renderer: total=0ms, preprocess=0, updates=0, rendering=0
Aug 27 23:56:32 hearth quickshell[171837]:  DEBUG qt.scenegraph.time.renderloop: [window 0x7fced6264040][render thread 0x7fced7807420] syncAndRender: frame rendered in 16ms, sync=0, render=0, swap=15
Aug 27 23:56:32 hearth quickshell[171837]:  DEBUG qt.scenegraph.time.renderloop: [window 0x7fced6264040][gui thread] polishAndSync: start, elapsed since last call: 33 ms
Aug 27 23:56:32 hearth quickshell[171837]:  DEBUG qt.scenegraph.time.renderloop: [window 0x7fced6264040][render thread 0x7fced7807420] syncAndRender: start, elapsed since last call: 32 ms
Aug 27 23:56:32 hearth quickshell[171837]:  DEBUG qt.scenegraph.time.renderloop: [window 0x7fced6264040][gui thread] Frame prepared, polish=0 ms, lock=0 ms, blockedForSync=0 ms, animations=0 ms
Aug 27 23:56:32 hearth quickshell[171837]:  DEBUG qt.scenegraph.time.renderer: time in renderer: total=0ms, preprocess=0, updates=0, rendering=0
Aug 27 23:56:32 hearth quickshell[171837]:  DEBUG qt.scenegraph.time.renderloop: [window 0x7fced6264040][render thread 0x7fced7807420] syncAndRender: frame rendered in 0ms, sync=0, render=0, swap=0
Aug 27 23:56:32 hearth quickshell[171837]:  DEBUG qt.scenegraph.time.renderloop: [window 0x7fced6264040][gui thread] polishAndSync: start, elapsed since last call: 16 ms
Aug 27 23:56:32 hearth quickshell[171837]:  DEBUG qt.scenegraph.time.renderloop: [window 0x7fced6264040][render thread 0x7fced7807420] syncAndRender: start, elapsed since last call: 16 ms
Aug 27 23:56:32 hearth quickshell[171837]:  DEBUG qt.scenegraph.time.renderloop: [window 0x7fced6264040][gui thread] Frame prepared, polish=0 ms, lock=0 ms, blockedForSync=0 ms, animations=0 ms
Aug 27 23:56:32 hearth quickshell[171837]:  DEBUG qt.scenegraph.time.renderer: time in renderer: total=0ms, preprocess=0, updates=0, rendering=0
Aug 27 23:56:32 hearth quickshell[171837]:  DEBUG qt.scenegraph.time.renderloop: [window 0x7fced6264040][render thread 0x7fced7807420] syncAndRender: frame rendered in 0ms, sync=0, render=0, swap=0
Aug 27 23:56:32 hearth quickshell[171837]:  DEBUG qt.scenegraph.time.renderloop: [window 0x7fced6264040][gui thread] polishAndSync: start, elapsed since last call: 16 ms
Aug 27 23:56:32 hearth quickshell[171837]:  DEBUG qt.scenegraph.time.renderloop: [window 0x7fced6264040][render thread 0x7fced7807420] syncAndRender: start, elapsed since last call: 16 ms
Aug 27 23:56:32 hearth quickshell[171837]:  DEBUG qt.scenegraph.time.renderloop: [window 0x7fced6264040][gui thread] Frame prepared, polish=0 ms, lock=0 ms, blockedForSync=0 ms, animations=0 ms
Aug 27 23:56:32 hearth quickshell[171837]:  DEBUG qt.scenegraph.time.renderer: time in renderer: total=0ms, preprocess=0, updates=0, rendering=0
Aug 27 23:56:32 hearth quickshell[171837]:  DEBUG qt.scenegraph.time.renderloop: [window 0x7fced6264040][render thread 0x7fced7807420] syncAndRender: frame rendered in 0ms, sync=0, render=0, swap=0
Aug 27 23:56:32 hearth quickshell[171837]:  DEBUG qt.scenegraph.time.renderloop: [window 0x7fced6264040][gui thread] polishAndSync: start, elapsed since last call: 16 ms
Aug 27 23:56:32 hearth quickshell[171837]:  DEBUG qt.scenegraph.time.renderloop: [window 0x7fced6264040][render thread 0x7fced7807420] syncAndRender: start, elapsed since last call: 16 ms
Aug 27 23:56:32 hearth quickshell[171837]:  DEBUG qt.scenegraph.time.renderloop: [window 0x7fced6264040][gui thread] Frame prepared, polish=0 ms, lock=0 ms, blockedForSync=0 ms, animations=0 ms
Aug 27 23:56:32 hearth quickshell[171837]:  DEBUG qt.scenegraph.time.renderer: time in renderer: total=0ms, preprocess=0, updates=0, rendering=0
Aug 27 23:56:32 hearth quickshell[171837]:  DEBUG qt.scenegraph.time.renderloop: [window 0x7fced6264040][render thread 0x7fced7807420] syncAndRender: frame rendered in 0ms, sync=0, render=0, swap=0
Aug 27 23:56:32 hearth quickshell[171837]:  DEBUG qt.scenegraph.time.renderloop: [window 0x7fced6264040][gui thread] polishAndSync: start, elapsed since last call: 16 ms
Aug 27 23:56:32 hearth quickshell[171837]:  DEBUG qt.scenegraph.time.renderloop: [window 0x7fced6264040][render thread 0x7fced7807420] syncAndRender: start, elapsed since last call: 16 ms
Aug 27 23:56:32 hearth quickshell[171837]:  DEBUG qt.scenegraph.time.renderloop: [window 0x7fced6264040][gui thread] Frame prepared, polish=0 ms, lock=0 ms, blockedForSync=0 ms, animations=0 ms
Aug 27 23:56:32 hearth quickshell[171837]:  DEBUG qt.scenegraph.time.renderer: time in renderer: total=0ms, preprocess=0, updates=0, rendering=0
Aug 27 23:56:32 hearth quickshell[171837]:  DEBUG qt.scenegraph.time.renderloop: [window 0x7fced6264040][render thread 0x7fced7807420] syncAndRender: frame rendered in 0ms, sync=0, render=0, swap=0
Aug 27 23:56:32 hearth quickshell[171837]:  DEBUG qt.scenegraph.time.renderloop: [window 0x7fced6264040][gui thread] polishAndSync: start, elapsed since last call: 16 ms
Aug 27 23:56:32 hearth quickshell[171837]:  DEBUG qt.scenegraph.time.renderloop: [window 0x7fced6264040][render thread 0x7fced7807420] syncAndRender: start, elapsed since last call: 16 ms
Aug 27 23:56:32 hearth quickshell[171837]:  DEBUG qt.scenegraph.time.renderloop: [window 0x7fced6264040][gui thread] Frame prepared, polish=0 ms, lock=0 ms, blockedForSync=0 ms, animations=0 ms
Aug 27 23:56:32 hearth quickshell[171837]:  DEBUG qt.scenegraph.time.renderer: time in renderer: total=0ms, preprocess=0, updates=0, rendering=0
Aug 27 23:56:32 hearth quickshell[171837]:  DEBUG qt.scenegraph.time.renderloop: [window 0x7fced6264040][render thread 0x7fced7807420] syncAndRender: frame rendered in 0ms, sync=0, render=0, swap=0
Aug 27 23:56:32 hearth quickshell[171837]:  DEBUG qt.scenegraph.time.renderloop: [window 0x7fced6264040][gui thread] polishAndSync: start, elapsed since last call: 16 ms
Aug 27 23:56:32 hearth quickshell[171837]:  DEBUG qt.scenegraph.time.renderloop: [window 0x7fced6264040][render thread 0x7fced7807420] syncAndRender: start, elapsed since last call: 16 ms
Aug 27 23:56:32 hearth quickshell[171837]:  DEBUG qt.scenegraph.time.renderloop: [window 0x7fced6264040][gui thread] Frame prepared, polish=0 ms, lock=0 ms, blockedForSync=0 ms, animations=0 ms
Aug 27 23:56:32 hearth quickshell[171837]:  DEBUG qt.scenegraph.time.renderer: time in renderer: total=0ms, preprocess=0, updates=0, rendering=0
Aug 27 23:56:32 hearth quickshell[171837]:  DEBUG qt.scenegraph.time.renderloop: [window 0x7fced6264040][render thread 0x7fced7807420] syncAndRender: frame rendered in 0ms, sync=0, render=0, swap=0
Aug 27 23:56:32 hearth quickshell[171837]:  DEBUG qt.scenegraph.time.renderloop: [window 0x7fced6264040][gui thread] polishAndSync: start, elapsed since last call: 16 ms
Aug 27 23:56:32 hearth quickshell[171837]:  DEBUG qt.scenegraph.time.renderloop: [window 0x7fced6264040][render thread 0x7fced7807420] syncAndRender: start, elapsed since last call: 16 ms
Aug 27 23:56:32 hearth quickshell[171837]:  DEBUG qt.scenegraph.time.renderloop: [window 0x7fced6264040][gui thread] Frame prepared, polish=0 ms, lock=0 ms, blockedForSync=0 ms, animations=0 ms
Aug 27 23:56:32 hearth quickshell[171837]:  DEBUG qt.scenegraph.time.renderer: time in renderer: total=0ms, preprocess=0, updates=0, rendering=0
Aug 27 23:56:32 hearth quickshell[171837]:  DEBUG qt.scenegraph.time.renderloop: [window 0x7fced6264040][render thread 0x7fced7807420] syncAndRender: frame rendered in 0ms, sync=0, render=0, swap=0
Aug 27 23:56:32 hearth quickshell[171837]:  DEBUG qt.scenegraph.time.renderloop: [window 0x7fced6264040][gui thread] polishAndSync: start, elapsed since last call: 16 ms
Aug 27 23:56:32 hearth quickshell[171837]:  DEBUG qt.scenegraph.time.renderloop: [window 0x7fced6264040][render thread 0x7fced7807420] syncAndRender: start, elapsed since last call: 16 ms
Aug 27 23:56:32 hearth quickshell[171837]:  DEBUG qt.scenegraph.time.renderloop: [window 0x7fced6264040][gui thread] Frame prepared, polish=0 ms, lock=0 ms, blockedForSync=0 ms, animations=0 ms
Aug 27 23:56:32 hearth quickshell[171837]:  DEBUG qt.scenegraph.time.renderer: time in renderer: total=0ms, preprocess=0, updates=0, rendering=0
Aug 27 23:56:32 hearth quickshell[171837]:  DEBUG qt.scenegraph.time.renderloop: [window 0x7fced6264040][render thread 0x7fced7807420] syncAndRender: frame rendered in 0ms, sync=0, render=0, swap=0
Aug 27 23:56:32 hearth quickshell[171837]:  DEBUG qt.scenegraph.time.renderloop: [window 0x7fced6264040][gui thread] polishAndSync: start, elapsed since last call: 16 ms
Aug 27 23:56:32 hearth quickshell[171837]:  DEBUG qt.scenegraph.time.renderloop: [window 0x7fced6264040][render thread 0x7fced7807420] syncAndRender: start, elapsed since last call: 16 ms
Aug 27 23:56:32 hearth quickshell[171837]:  DEBUG qt.scenegraph.time.renderloop: [window 0x7fced6264040][gui thread] Frame prepared, polish=0 ms, lock=0 ms, blockedForSync=0 ms, animations=0 ms
Aug 27 23:56:32 hearth quickshell[171837]:  DEBUG qt.scenegraph.time.renderer: time in renderer: total=0ms, preprocess=0, updates=0, rendering=0
Aug 27 23:56:32 hearth quickshell[171837]:  DEBUG qt.scenegraph.time.renderloop: [window 0x7fced6264040][render thread 0x7fced7807420] syncAndRender: frame rendered in 0ms, sync=0, render=0, swap=0
Aug 27 23:56:32 hearth quickshell[171837]:  DEBUG qt.scenegraph.time.renderloop: [window 0x7fced6264040][gui thread] polishAndSync: start, elapsed since last call: 16 ms
Aug 27 23:56:32 hearth quickshell[171837]:  DEBUG qt.scenegraph.time.renderloop: [window 0x7fced6264040][render thread 0x7fced7807420] syncAndRender: start, elapsed since last call: 16 ms
Aug 27 23:56:32 hearth quickshell[171837]:  DEBUG qt.scenegraph.time.renderloop: [window 0x7fced6264040][gui thread] Frame prepared, polish=0 ms, lock=0 ms, blockedForSync=0 ms, animations=0 ms
Aug 27 23:56:32 hearth quickshell[171837]:  DEBUG qt.scenegraph.time.renderer: time in renderer: total=0ms, preprocess=0, updates=0, rendering=0
Aug 27 23:56:32 hearth quickshell[171837]:  DEBUG qt.scenegraph.time.renderloop: [window 0x7fced6264040][render thread 0x7fced7807420] syncAndRender: frame rendered in 0ms, sync=0, render=0, swap=0
Aug 27 23:56:32 hearth quickshell[171837]:  DEBUG qt.scenegraph.time.renderloop: [window 0x7fced6264040][gui thread] polishAndSync: start, elapsed since last call: 16 ms
Aug 27 23:56:32 hearth quickshell[171837]:  DEBUG qt.scenegraph.time.renderloop: [window 0x7fced6264040][render thread 0x7fced7807420] syncAndRender: start, elapsed since last call: 16 ms
Aug 27 23:56:32 hearth quickshell[171837]:  DEBUG qt.scenegraph.time.renderloop: [window 0x7fced6264040][gui thread] Frame prepared, polish=0 ms, lock=0 ms, blockedForSync=0 ms, animations=0 ms
Aug 27 23:56:32 hearth quickshell[171837]:  DEBUG qt.scenegraph.time.renderer: time in renderer: total=0ms, preprocess=0, updates=0, rendering=0
Aug 27 23:56:32 hearth quickshell[171837]:  DEBUG qt.scenegraph.time.renderloop: [window 0x7fced6264040][render thread 0x7fced7807420] syncAndRender: frame rendered in 0ms, sync=0, render=0, swap=0
Aug 27 23:56:32 hearth quickshell[171837]:  DEBUG qt.scenegraph.time.renderloop: [window 0x7fced6264040][gui thread] polishAndSync: start, elapsed since last call: 16 ms
Aug 27 23:56:32 hearth quickshell[171837]:  DEBUG qt.scenegraph.time.renderloop: [window 0x7fced6264040][render thread 0x7fced7807420] syncAndRender: start, elapsed since last call: 16 ms
Aug 27 23:56:32 hearth quickshell[171837]:  DEBUG qt.scenegraph.time.renderloop: [window 0x7fced6264040][gui thread] Frame prepared, polish=0 ms, lock=0 ms, blockedForSync=0 ms, animations=0 ms
Aug 27 23:56:32 hearth quickshell[171837]:  DEBUG qt.scenegraph.time.renderer: time in renderer: total=0ms, preprocess=0, updates=0, rendering=0
Aug 27 23:56:32 hearth quickshell[171837]:  DEBUG qt.scenegraph.time.renderloop: [window 0x7fced6264040][render thread 0x7fced7807420] syncAndRender: frame rendered in 0ms, sync=0, render=0, swap=0
Aug 27 23:56:32 hearth quickshell[171837]:  DEBUG qt.scenegraph.time.renderloop: [window 0x7fced6264040][gui thread] polishAndSync: start, elapsed since last call: 16 ms
Aug 27 23:56:32 hearth quickshell[171837]:  DEBUG qt.scenegraph.time.renderloop: [window 0x7fced6264040][render thread 0x7fced7807420] syncAndRender: start, elapsed since last call: 16 ms
Aug 27 23:56:32 hearth quickshell[171837]:  DEBUG qt.scenegraph.time.renderloop: [window 0x7fced6264040][gui thread] Frame prepared, polish=0 ms, lock=0 ms, blockedForSync=0 ms, animations=0 ms
Aug 27 23:56:32 hearth quickshell[171837]:  DEBUG qt.scenegraph.time.renderer: time in renderer: total=0ms, preprocess=0, updates=0, rendering=0
Aug 27 23:56:32 hearth quickshell[171837]:  DEBUG qt.scenegraph.time.renderloop: [window 0x7fced6264040][render thread 0x7fced7807420] syncAndRender: frame rendered in 0ms, sync=0, render=0, swap=0
Aug 27 23:56:32 hearth quickshell[171837]:  DEBUG qt.scenegraph.time.renderloop: [window 0x7fced6264040][gui thread] polishAndSync: start, elapsed since last call: 16 ms
Aug 27 23:56:32 hearth quickshell[171837]:  DEBUG qt.scenegraph.time.renderloop: [window 0x7fced6264040][render thread 0x7fced7807420] syncAndRender: start, elapsed since last call: 16 ms
Aug 27 23:56:32 hearth quickshell[171837]:  DEBUG qt.scenegraph.time.renderloop: [window 0x7fced6264040][gui thread] Frame prepared, polish=0 ms, lock=0 ms, blockedForSync=0 ms, animations=0 ms
Aug 27 23:56:32 hearth quickshell[171837]:  DEBUG qt.scenegraph.time.renderer: time in renderer: total=0ms, preprocess=0, updates=0, rendering=0
Aug 27 23:56:32 hearth quickshell[171837]:  DEBUG qt.scenegraph.time.renderloop: [window 0x7fced6264040][render thread 0x7fced7807420] syncAndRender: frame rendered in 0ms, sync=0, render=0, swap=0
Aug 27 23:56:32 hearth quickshell[171837]:  DEBUG qt.scenegraph.time.renderloop: [window 0x7fced6264040][gui thread] polishAndSync: start, elapsed since last call: 16 ms
Aug 27 23:56:32 hearth quickshell[171837]:  DEBUG qt.scenegraph.time.renderloop: [window 0x7fced6264040][render thread 0x7fced7807420] syncAndRender: start, elapsed since last call: 16 ms
Aug 27 23:56:32 hearth quickshell[171837]:  DEBUG qt.scenegraph.time.renderloop: [window 0x7fced6264040][gui thread] Frame prepared, polish=0 ms, lock=0 ms, blockedForSync=0 ms, animations=0 ms
Aug 27 23:56:32 hearth quickshell[171837]:  DEBUG qt.scenegraph.time.renderer: time in renderer: total=0ms, preprocess=0, updates=0, rendering=0
Aug 27 23:56:32 hearth quickshell[171837]:  DEBUG qt.scenegraph.time.renderloop: [window 0x7fced6264040][render thread 0x7fced7807420] syncAndRender: frame rendered in 0ms, sync=0, render=0, swap=0
Aug 27 23:56:32 hearth quickshell[171837]:  DEBUG qt.scenegraph.time.renderloop: [window 0x7fced6264040][gui thread] polishAndSync: start, elapsed since last call: 16 ms
Aug 27 23:56:32 hearth quickshell[171837]:  DEBUG qt.scenegraph.time.renderloop: [window 0x7fced6264040][render thread 0x7fced7807420] syncAndRender: start, elapsed since last call: 16 ms
Aug 27 23:56:32 hearth quickshell[171837]:  DEBUG qt.scenegraph.time.renderloop: [window 0x7fced6264040][gui thread] Frame prepared, polish=0 ms, lock=0 ms, blockedForSync=0 ms, animations=0 ms
Aug 27 23:56:32 hearth quickshell[171837]:  DEBUG qt.scenegraph.time.renderer: time in renderer: total=0ms, preprocess=0, updates=0, rendering=0
Aug 27 23:56:32 hearth quickshell[171837]:  DEBUG qt.scenegraph.time.renderloop: [window 0x7fced6264040][render thread 0x7fced7807420] syncAndRender: frame rendered in 0ms, sync=0, render=0, swap=0
Aug 27 23:56:32 hearth quickshell[171837]:  DEBUG qt.scenegraph.time.renderloop: [window 0x7fced6264040][gui thread] polishAndSync: start, elapsed since last call: 16 ms
Aug 27 23:56:32 hearth quickshell[171837]:  DEBUG qt.scenegraph.time.renderloop: [window 0x7fced6264040][render thread 0x7fced7807420] syncAndRender: start, elapsed since last call: 16 ms
Aug 27 23:56:32 hearth quickshell[171837]:  DEBUG qt.scenegraph.time.renderloop: [window 0x7fced6264040][gui thread] Frame prepared, polish=0 ms, lock=0 ms, blockedForSync=0 ms, animations=0 ms
Aug 27 23:56:32 hearth quickshell[171837]:  DEBUG qt.scenegraph.time.renderer: time in renderer: total=0ms, preprocess=0, updates=0, rendering=0
Aug 27 23:56:32 hearth quickshell[171837]:  DEBUG qt.scenegraph.time.renderloop: [window 0x7fced6264040][render thread 0x7fced7807420] syncAndRender: frame rendered in 0ms, sync=0, render=0, swap=0
Aug 27 23:56:32 hearth quickshell[171837]:  DEBUG qt.scenegraph.time.renderloop: [window 0x7fced6264040][gui thread] polishAndSync: start, elapsed since last call: 16 ms
Aug 27 23:56:32 hearth quickshell[171837]:  DEBUG qt.scenegraph.time.renderloop: [window 0x7fced6264040][render thread 0x7fced7807420] syncAndRender: start, elapsed since last call: 16 ms
Aug 27 23:56:32 hearth quickshell[171837]:  DEBUG qt.scenegraph.time.renderloop: [window 0x7fced6264040][gui thread] Frame prepared, polish=0 ms, lock=0 ms, blockedForSync=0 ms, animations=0 ms
Aug 27 23:56:32 hearth quickshell[171837]:  DEBUG qt.scenegraph.time.renderer: time in renderer: total=0ms, preprocess=0, updates=0, rendering=0
Aug 27 23:56:32 hearth quickshell[171837]:  DEBUG qt.scenegraph.time.renderloop: [window 0x7fced6264040][render thread 0x7fced7807420] syncAndRender: frame rendered in 0ms, sync=0, render=0, swap=0
Aug 27 23:56:32 hearth quickshell[171837]:  DEBUG qt.scenegraph.time.renderloop: [window 0x7fced6264040][gui thread] polishAndSync: start, elapsed since last call: 16 ms
Aug 27 23:56:32 hearth quickshell[171837]:  DEBUG qt.scenegraph.time.renderloop: [window 0x7fced6264040][render thread 0x7fced7807420] syncAndRender: start, elapsed since last call: 16 ms
Aug 27 23:56:32 hearth quickshell[171837]:  DEBUG qt.scenegraph.time.renderloop: [window 0x7fced6264040][gui thread] Frame prepared, polish=0 ms, lock=0 ms, blockedForSync=0 ms, animations=0 ms
Aug 27 23:56:32 hearth quickshell[171837]:  DEBUG qt.scenegraph.time.renderer: time in renderer: total=0ms, preprocess=0, updates=0, rendering=0
Aug 27 23:56:32 hearth quickshell[171837]:  DEBUG qt.scenegraph.time.renderloop: [window 0x7fced6264040][render thread 0x7fced7807420] syncAndRender: frame rendered in 0ms, sync=0, render=0, swap=0
Aug 27 23:56:32 hearth quickshell[171837]:  DEBUG qt.scenegraph.time.renderloop: [window 0x7fced6264040][gui thread] polishAndSync: start, elapsed since last call: 16 ms
Aug 27 23:56:32 hearth quickshell[171837]:  DEBUG qt.scenegraph.time.renderloop: [window 0x7fced6264040][render thread 0x7fced7807420] syncAndRender: start, elapsed since last call: 16 ms
Aug 27 23:56:32 hearth quickshell[171837]:  DEBUG qt.scenegraph.time.renderloop: [window 0x7fced6264040][gui thread] Frame prepared, polish=0 ms, lock=0 ms, blockedForSync=0 ms, animations=0 ms
Aug 27 23:56:32 hearth quickshell[171837]:  DEBUG qt.scenegraph.time.renderer: time in renderer: total=0ms, preprocess=0, updates=0, rendering=0
Aug 27 23:56:32 hearth quickshell[171837]:  DEBUG qt.scenegraph.time.renderloop: [window 0x7fced6264040][render thread 0x7fced7807420] syncAndRender: frame rendered in 0ms, sync=0, render=0, swap=0
Aug 27 23:56:32 hearth quickshell[171837]:  DEBUG qt.scenegraph.time.renderloop: [window 0x7fced6264040][gui thread] polishAndSync: start, elapsed since last call: 16 ms
Aug 27 23:56:32 hearth quickshell[171837]:  DEBUG qt.scenegraph.time.renderloop: [window 0x7fced6264040][render thread 0x7fced7807420] syncAndRender: start, elapsed since last call: 16 ms
Aug 27 23:56:32 hearth quickshell[171837]:  DEBUG qt.scenegraph.time.renderloop: [window 0x7fced6264040][gui thread] Frame prepared, polish=0 ms, lock=0 ms, blockedForSync=0 ms, animations=0 ms
Aug 27 23:56:32 hearth quickshell[171837]:  DEBUG qt.scenegraph.time.renderer: time in renderer: total=0ms, preprocess=0, updates=0, rendering=0
Aug 27 23:56:32 hearth quickshell[171837]:  DEBUG qt.scenegraph.time.renderloop: [window 0x7fced6264040][render thread 0x7fced7807420] syncAndRender: frame rendered in 0ms, sync=0, render=0, swap=0
Aug 27 23:56:32 hearth quickshell[171837]:  DEBUG qt.scenegraph.time.renderloop: [window 0x7fced6264040][gui thread] polishAndSync: start, elapsed since last call: 16 ms
Aug 27 23:56:32 hearth quickshell[171837]:  DEBUG qt.scenegraph.time.renderloop: [window 0x7fced6264040][render thread 0x7fced7807420] syncAndRender: start, elapsed since last call: 16 ms
Aug 27 23:56:32 hearth quickshell[171837]:  DEBUG qt.scenegraph.time.renderloop: [window 0x7fced6264040][gui thread] Frame prepared, polish=0 ms, lock=0 ms, blockedForSync=0 ms, animations=0 ms
Aug 27 23:56:32 hearth quickshell[171837]:  DEBUG qt.scenegraph.time.renderloop: [window 0x7fced6264040][gui thread] polishAndSync: start, elapsed since last call: 0 ms
Aug 27 23:56:32 hearth quickshell[171837]:  DEBUG qt.scenegraph.time.renderer: time in renderer: total=0ms, preprocess=0, updates=0, rendering=0
Aug 27 23:56:32 hearth quickshell[171837]:  DEBUG qt.scenegraph.time.renderloop: [window 0x7fced6264040][render thread 0x7fced7807420] syncAndRender: frame rendered in 0ms, sync=0, render=0, swap=0
Aug 27 23:56:32 hearth quickshell[171837]:  DEBUG qt.scenegraph.time.renderloop: [window 0x7fced6264040][render thread 0x7fced7807420] syncAndRender: start, elapsed since last call: 0 ms
Aug 27 23:56:32 hearth quickshell[171837]:  DEBUG qt.scenegraph.time.renderloop: [window 0x7fced6264040][gui thread] Frame prepared, polish=0 ms, lock=0 ms, blockedForSync=0 ms, animations=0 ms
Aug 27 23:56:32 hearth quickshell[171837]:  DEBUG qt.scenegraph.time.renderer: time in renderer: total=0ms, preprocess=0, updates=0, rendering=0
Aug 27 23:56:32 hearth quickshell[171837]:  DEBUG qt.scenegraph.time.renderloop: [window 0x7fced6264040][render thread 0x7fced7807420] syncAndRender: frame rendered in 15ms, sync=0, render=0, swap=15
Aug 27 23:56:32 hearth quickshell[171837]:  DEBUG qt.scenegraph.time.renderloop: [window 0x7fced6264040][gui thread] polishAndSync: start, elapsed since last call: 33 ms
Aug 27 23:56:32 hearth quickshell[171837]:  DEBUG qt.scenegraph.time.renderloop: [window 0x7fced6264040][render thread 0x7fced7807420] syncAndRender: start, elapsed since last call: 32 ms
Aug 27 23:56:32 hearth quickshell[171837]:  DEBUG qt.scenegraph.time.renderloop: [window 0x7fced6264040][gui thread] Frame prepared, polish=0 ms, lock=0 ms, blockedForSync=0 ms, animations=0 ms
Aug 27 23:56:32 hearth quickshell[171837]:  DEBUG qt.scenegraph.time.renderer: time in renderer: total=0ms, preprocess=0, updates=0, rendering=0
Aug 27 23:56:32 hearth quickshell[171837]:  DEBUG qt.scenegraph.time.renderloop: [window 0x7fced6264040][render thread 0x7fced7807420] syncAndRender: frame rendered in 0ms, sync=0, render=0, swap=0
Aug 27 23:56:32 hearth quickshell[171837]:  DEBUG qt.scenegraph.time.renderloop: [window 0x7fced6264040][gui thread] polishAndSync: start, elapsed since last call: 16 ms
Aug 27 23:56:32 hearth quickshell[171837]:  DEBUG qt.scenegraph.time.renderloop: [window 0x7fced6264040][render thread 0x7fced7807420] syncAndRender: start, elapsed since last call: 16 ms
Aug 27 23:56:32 hearth quickshell[171837]:  DEBUG qt.scenegraph.time.renderloop: [window 0x7fced6264040][gui thread] Frame prepared, polish=0 ms, lock=0 ms, blockedForSync=0 ms, animations=0 ms
Aug 27 23:56:32 hearth quickshell[171837]:  DEBUG qt.scenegraph.time.renderer: time in renderer: total=0ms, preprocess=0, updates=0, rendering=0
Aug 27 23:56:32 hearth quickshell[171837]:  DEBUG qt.scenegraph.time.renderloop: [window 0x7fced6264040][render thread 0x7fced7807420] syncAndRender: frame rendered in 0ms, sync=0, render=0, swap=0
Aug 27 23:56:32 hearth quickshell[171837]:  DEBUG qt.scenegraph.time.renderloop: [window 0x7fced6264040][gui thread] polishAndSync: start, elapsed since last call: 16 ms
Aug 27 23:56:32 hearth quickshell[171837]:  DEBUG qt.scenegraph.time.renderloop: [window 0x7fced6264040][render thread 0x7fced7807420] syncAndRender: start, elapsed since last call: 16 ms
Aug 27 23:56:32 hearth quickshell[171837]:  DEBUG qt.scenegraph.time.renderloop: [window 0x7fced6264040][gui thread] Frame prepared, polish=0 ms, lock=0 ms, blockedForSync=0 ms, animations=0 ms
Aug 27 23:56:32 hearth quickshell[171837]:  DEBUG qt.scenegraph.time.renderer: time in renderer: total=0ms, preprocess=0, updates=0, rendering=0
Aug 27 23:56:32 hearth quickshell[171837]:  DEBUG qt.scenegraph.time.renderloop: [window 0x7fced6264040][render thread 0x7fced7807420] syncAndRender: frame rendered in 0ms, sync=0, render=0, swap=0
Aug 27 23:56:32 hearth quickshell[171837]:  DEBUG qt.scenegraph.time.renderloop: [window 0x7fced6264040][gui thread] polishAndSync: start, elapsed since last call: 16 ms
Aug 27 23:56:32 hearth quickshell[171837]:  DEBUG qt.scenegraph.time.renderloop: [window 0x7fced6264040][render thread 0x7fced7807420] syncAndRender: start, elapsed since last call: 16 ms
Aug 27 23:56:32 hearth quickshell[171837]:  DEBUG qt.scenegraph.time.renderloop: [window 0x7fced6264040][gui thread] Frame prepared, polish=0 ms, lock=0 ms, blockedForSync=0 ms, animations=0 ms
Aug 27 23:56:32 hearth quickshell[171837]:  DEBUG qt.scenegraph.time.renderer: time in renderer: total=0ms, preprocess=0, updates=0, rendering=0
Aug 27 23:56:32 hearth quickshell[171837]:  DEBUG qt.scenegraph.time.renderloop: [window 0x7fced6264040][render thread 0x7fced7807420] syncAndRender: frame rendered in 0ms, sync=0, render=0, swap=0
Aug 27 23:56:32 hearth quickshell[171837]:  DEBUG qt.scenegraph.time.renderloop: [window 0x7fced6264040][gui thread] polishAndSync: start, elapsed since last call: 16 ms
Aug 27 23:56:32 hearth quickshell[171837]:  DEBUG qt.scenegraph.time.renderloop: [window 0x7fced6264040][render thread 0x7fced7807420] syncAndRender: start, elapsed since last call: 16 ms
Aug 27 23:56:32 hearth quickshell[171837]:  DEBUG qt.scenegraph.time.renderloop: [window 0x7fced6264040][gui thread] Frame prepared, polish=0 ms, lock=0 ms, blockedForSync=0 ms, animations=0 ms
Aug 27 23:56:32 hearth quickshell[171837]:  DEBUG qt.scenegraph.time.renderer: time in renderer: total=0ms, preprocess=0, updates=0, rendering=0
Aug 27 23:56:32 hearth quickshell[171837]:  DEBUG qt.scenegraph.time.renderloop: [window 0x7fced6264040][render thread 0x7fced7807420] syncAndRender: frame rendered in 0ms, sync=0, render=0, swap=0
Aug 27 23:56:32 hearth quickshell[171837]:  DEBUG qt.scenegraph.time.renderloop: [window 0x7fced6264040][gui thread] polishAndSync: start, elapsed since last call: 16 ms
Aug 27 23:56:32 hearth quickshell[171837]:  DEBUG qt.scenegraph.time.renderloop: [window 0x7fced6264040][render thread 0x7fced7807420] syncAndRender: start, elapsed since last call: 16 ms
Aug 27 23:56:32 hearth quickshell[171837]:  DEBUG qt.scenegraph.time.renderloop: [window 0x7fced6264040][gui thread] Frame prepared, polish=0 ms, lock=0 ms, blockedForSync=0 ms, animations=0 ms
Aug 27 23:56:32 hearth quickshell[171837]:  DEBUG qt.scenegraph.time.renderer: time in renderer: total=0ms, preprocess=0, updates=0, rendering=0
Aug 27 23:56:32 hearth quickshell[171837]:  DEBUG qt.scenegraph.time.renderloop: [window 0x7fced6264040][render thread 0x7fced7807420] syncAndRender: frame rendered in 0ms, sync=0, render=0, swap=0
Aug 27 23:56:32 hearth quickshell[171837]:  DEBUG qt.scenegraph.time.renderloop: [window 0x7fced6264040][gui thread] polishAndSync: start, elapsed since last call: 16 ms
Aug 27 23:56:32 hearth quickshell[171837]:  DEBUG qt.scenegraph.time.renderloop: [window 0x7fced6264040][render thread 0x7fced7807420] syncAndRender: start, elapsed since last call: 16 ms
Aug 27 23:56:32 hearth quickshell[171837]:  DEBUG qt.scenegraph.time.renderloop: [window 0x7fced6264040][gui thread] Frame prepared, polish=0 ms, lock=0 ms, blockedForSync=0 ms, animations=0 ms
Aug 27 23:56:32 hearth quickshell[171837]:  DEBUG qt.scenegraph.time.renderer: time in renderer: total=0ms, preprocess=0, updates=0, rendering=0
Aug 27 23:56:32 hearth quickshell[171837]:  DEBUG qt.scenegraph.time.renderloop: [window 0x7fced6264040][render thread 0x7fced7807420] syncAndRender: frame rendered in 0ms, sync=0, render=0, swap=0
Aug 27 23:56:32 hearth quickshell[171837]:  DEBUG qt.scenegraph.time.renderloop: [window 0x7fced6264040][gui thread] polishAndSync: start, elapsed since last call: 16 ms
Aug 27 23:56:32 hearth quickshell[171837]:  DEBUG qt.scenegraph.time.renderloop: [window 0x7fced6264040][render thread 0x7fced7807420] syncAndRender: start, elapsed since last call: 16 ms
Aug 27 23:56:32 hearth quickshell[171837]:  DEBUG qt.scenegraph.time.renderloop: [window 0x7fced6264040][gui thread] Frame prepared, polish=0 ms, lock=0 ms, blockedForSync=0 ms, animations=0 ms
Aug 27 23:56:32 hearth quickshell[171837]:  DEBUG qt.scenegraph.time.renderer: time in renderer: total=0ms, preprocess=0, updates=0, rendering=0
Aug 27 23:56:32 hearth quickshell[171837]:  DEBUG qt.scenegraph.time.renderloop: [window 0x7fced6264040][render thread 0x7fced7807420] syncAndRender: frame rendered in 0ms, sync=0, render=0, swap=0
Aug 27 23:56:32 hearth quickshell[171837]:  DEBUG qt.scenegraph.time.renderloop: [window 0x7fced6264040][gui thread] polishAndSync: start, elapsed since last call: 10 ms
Aug 27 23:56:32 hearth quickshell[171837]:  DEBUG qt.scenegraph.time.renderloop: [window 0x7fced6264040][render thread 0x7fced7807420] syncAndRender: start, elapsed since last call: 10 ms
Aug 27 23:56:32 hearth quickshell[171837]:  DEBUG qt.scenegraph.time.renderloop: [window 0x7fced6264040][gui thread] Frame prepared, polish=0 ms, lock=0 ms, blockedForSync=0 ms, animations=0 ms
Aug 27 23:56:32 hearth quickshell[171837]:  DEBUG qt.scenegraph.time.renderer: time in renderer: total=0ms, preprocess=0, updates=0, rendering=0
Aug 27 23:56:32 hearth quickshell[171837]:  DEBUG qt.scenegraph.time.renderloop: [window 0x7fced6264040][render thread 0x7fced7807420] syncAndRender: frame rendered in 0ms, sync=0, render=0, swap=0
Aug 27 23:56:32 hearth quickshell[171837]:  DEBUG qt.scenegraph.time.renderloop: [window 0x7fced6264040][gui thread] polishAndSync: start, elapsed since last call: 15 ms
Aug 27 23:56:32 hearth quickshell[171837]:  DEBUG qt.scenegraph.time.renderloop: [window 0x7fced6264040][render thread 0x7fced7807420] syncAndRender: start, elapsed since last call: 15 ms
Aug 27 23:56:32 hearth quickshell[171837]:  DEBUG qt.scenegraph.time.renderloop: [window 0x7fced6264040][gui thread] Frame prepared, polish=0 ms, lock=0 ms, blockedForSync=0 ms, animations=0 ms
Aug 27 23:56:32 hearth quickshell[171837]:  DEBUG qt.scenegraph.time.renderer: time in renderer: total=0ms, preprocess=0, updates=0, rendering=0
Aug 27 23:56:32 hearth quickshell[171837]:  DEBUG qt.scenegraph.time.renderloop: [window 0x7fced6264040][render thread 0x7fced7807420] syncAndRender: frame rendered in 0ms, sync=0, render=0, swap=0
Aug 27 23:56:32 hearth quickshell[171837]:  DEBUG qt.scenegraph.time.renderloop: [window 0x7fced6264040][gui thread] polishAndSync: start, elapsed since last call: 16 ms
Aug 27 23:56:32 hearth quickshell[171837]:  DEBUG qt.scenegraph.time.renderloop: [window 0x7fced6264040][render thread 0x7fced7807420] syncAndRender: start, elapsed since last call: 15 ms
Aug 27 23:56:32 hearth quickshell[171837]:  DEBUG qt.scenegraph.time.renderloop: [window 0x7fced6264040][gui thread] Frame prepared, polish=0 ms, lock=0 ms, blockedForSync=0 ms, animations=0 ms
Aug 27 23:56:32 hearth quickshell[171837]:  DEBUG qt.scenegraph.time.renderer: time in renderer: total=0ms, preprocess=0, updates=0, rendering=0
Aug 27 23:56:32 hearth quickshell[171837]:  DEBUG qt.scenegraph.time.renderloop: [window 0x7fced6264040][render thread 0x7fced7807420] syncAndRender: frame rendered in 0ms, sync=0, render=0, swap=0
Aug 27 23:56:32 hearth quickshell[171837]:  DEBUG qt.scenegraph.time.renderloop: [window 0x7fced6264040][gui thread] polishAndSync: start, elapsed since last call: 16 ms
Aug 27 23:56:32 hearth quickshell[171837]:  DEBUG qt.scenegraph.time.renderloop: [window 0x7fced6264040][render thread 0x7fced7807420] syncAndRender: start, elapsed since last call: 16 ms
Aug 27 23:56:32 hearth quickshell[171837]:  DEBUG qt.scenegraph.time.renderloop: [window 0x7fced6264040][gui thread] Frame prepared, polish=0 ms, lock=0 ms, blockedForSync=0 ms, animations=0 ms
Aug 27 23:56:32 hearth quickshell[171837]:  DEBUG qt.scenegraph.time.renderer: time in renderer: total=0ms, preprocess=0, updates=0, rendering=0
Aug 27 23:56:32 hearth quickshell[171837]:  DEBUG qt.scenegraph.time.renderloop: [window 0x7fced6264040][render thread 0x7fced7807420] syncAndRender: frame rendered in 0ms, sync=0, render=0, swap=0
Aug 27 23:56:32 hearth quickshell[171837]:  DEBUG qt.scenegraph.time.renderloop: [window 0x7fced6264040][gui thread] polishAndSync: start, elapsed since last call: 15 ms
Aug 27 23:56:32 hearth quickshell[171837]:  DEBUG qt.scenegraph.time.renderloop: [window 0x7fced6264040][render thread 0x7fced7807420] syncAndRender: start, elapsed since last call: 15 ms
Aug 27 23:56:32 hearth quickshell[171837]:  DEBUG qt.scenegraph.time.renderloop: [window 0x7fced6264040][gui thread] Frame prepared, polish=0 ms, lock=0 ms, blockedForSync=0 ms, animations=0 ms
Aug 27 23:56:32 hearth quickshell[171837]:  DEBUG qt.scenegraph.time.renderer: time in renderer: total=0ms, preprocess=0, updates=0, rendering=0
Aug 27 23:56:32 hearth quickshell[171837]:  DEBUG qt.scenegraph.time.renderloop: [window 0x7fced6264040][render thread 0x7fced7807420] syncAndRender: frame rendered in 0ms, sync=0, render=0, swap=0
Aug 27 23:56:32 hearth quickshell[171837]:  DEBUG qt.scenegraph.time.renderloop: [window 0x7fced6264040][gui thread] polishAndSync: start, elapsed since last call: 15 ms
Aug 27 23:56:32 hearth quickshell[171837]:  DEBUG qt.scenegraph.time.renderloop: [window 0x7fced6264040][render thread 0x7fced7807420] syncAndRender: start, elapsed since last call: 15 ms
Aug 27 23:56:32 hearth quickshell[171837]:  DEBUG qt.scenegraph.time.renderloop: [window 0x7fced6264040][gui thread] Frame prepared, polish=0 ms, lock=0 ms, blockedForSync=0 ms, animations=0 ms
Aug 27 23:56:32 hearth quickshell[171837]:  DEBUG qt.scenegraph.time.renderer: time in renderer: total=0ms, preprocess=0, updates=0, rendering=0
Aug 27 23:56:32 hearth quickshell[171837]:  DEBUG qt.scenegraph.time.renderloop: [window 0x7fced6264040][render thread 0x7fced7807420] syncAndRender: frame rendered in 0ms, sync=0, render=0, swap=0
Aug 27 23:56:32 hearth quickshell[171837]:  DEBUG qt.scenegraph.time.renderloop: [window 0x7fced6264040][gui thread] polishAndSync: start, elapsed since last call: 9 ms
Aug 27 23:56:32 hearth quickshell[171837]:  DEBUG qt.scenegraph.time.renderloop: [window 0x7fced6264040][render thread 0x7fced7807420] syncAndRender: start, elapsed since last call: 9 ms
Aug 27 23:56:32 hearth quickshell[171837]:  DEBUG qt.scenegraph.time.renderloop: [window 0x7fced6264040][gui thread] Frame prepared, polish=0 ms, lock=0 ms, blockedForSync=0 ms, animations=0 ms
Aug 27 23:56:32 hearth quickshell[171837]:  DEBUG qt.scenegraph.time.renderer: time in renderer: total=0ms, preprocess=0, updates=0, rendering=0
Aug 27 23:56:32 hearth quickshell[171837]:  DEBUG qt.scenegraph.time.renderloop: [window 0x7fced6264040][render thread 0x7fced7807420] syncAndRender: frame rendered in 0ms, sync=0, render=0, swap=0
Aug 27 23:56:32 hearth quickshell[171837]:  DEBUG qt.scenegraph.time.renderloop: [window 0x7fced6264040][gui thread] polishAndSync: start, elapsed since last call: 16 ms
Aug 27 23:56:32 hearth quickshell[171837]:  DEBUG qt.scenegraph.time.renderloop: [window 0x7fced6264040][render thread 0x7fced7807420] syncAndRender: start, elapsed since last call: 16 ms
Aug 27 23:56:32 hearth quickshell[171837]:  DEBUG qt.scenegraph.time.renderloop: [window 0x7fced6264040][gui thread] Frame prepared, polish=0 ms, lock=0 ms, blockedForSync=0 ms, animations=0 ms
Aug 27 23:56:32 hearth quickshell[171837]:  DEBUG qt.scenegraph.time.renderer: time in renderer: total=0ms, preprocess=0, updates=0, rendering=0
Aug 27 23:56:32 hearth quickshell[171837]:  DEBUG qt.scenegraph.time.renderloop: [window 0x7fced6264040][render thread 0x7fced7807420] syncAndRender: frame rendered in 0ms, sync=0, render=0, swap=0
Aug 27 23:56:32 hearth quickshell[171837]:  DEBUG qt.scenegraph.time.renderloop: [window 0x7fced6264040][gui thread] polishAndSync: start, elapsed since last call: 16 ms
Aug 27 23:56:32 hearth quickshell[171837]:  DEBUG qt.scenegraph.time.renderloop: [window 0x7fced6264040][render thread 0x7fced7807420] syncAndRender: start, elapsed since last call: 16 ms
Aug 27 23:56:32 hearth quickshell[171837]:  DEBUG qt.scenegraph.time.renderloop: [window 0x7fced6264040][gui thread] Frame prepared, polish=0 ms, lock=0 ms, blockedForSync=0 ms, animations=0 ms
Aug 27 23:56:32 hearth quickshell[171837]:  DEBUG qt.scenegraph.time.renderer: time in renderer: total=0ms, preprocess=0, updates=0, rendering=0
Aug 27 23:56:32 hearth quickshell[171837]:  DEBUG qt.scenegraph.time.renderloop: [window 0x7fced6264040][render thread 0x7fced7807420] syncAndRender: frame rendered in 0ms, sync=0, render=0, swap=0
Aug 27 23:56:32 hearth quickshell[171837]:  DEBUG qt.scenegraph.time.renderloop: [window 0x7fced6264040][gui thread] polishAndSync: start, elapsed since last call: 16 ms
Aug 27 23:56:32 hearth quickshell[171837]:  DEBUG qt.scenegraph.time.renderloop: [window 0x7fced6264040][render thread 0x7fced7807420] syncAndRender: start, elapsed since last call: 16 ms
Aug 27 23:56:32 hearth quickshell[171837]:  DEBUG qt.scenegraph.time.renderloop: [window 0x7fced6264040][gui thread] Frame prepared, polish=0 ms, lock=0 ms, blockedForSync=0 ms, animations=0 ms
Aug 27 23:56:32 hearth quickshell[171837]:  DEBUG qt.scenegraph.time.renderer: time in renderer: total=0ms, preprocess=0, updates=0, rendering=0
Aug 27 23:56:32 hearth quickshell[171837]:  DEBUG qt.scenegraph.time.renderloop: [window 0x7fced6264040][render thread 0x7fced7807420] syncAndRender: frame rendered in 0ms, sync=0, render=0, swap=0
Aug 27 23:56:32 hearth quickshell[171837]:  DEBUG qt.scenegraph.time.renderloop: [window 0x7fced6264040][gui thread] polishAndSync: start, elapsed since last call: 16 ms
Aug 27 23:56:32 hearth quickshell[171837]:  DEBUG qt.scenegraph.time.renderloop: [window 0x7fced6264040][render thread 0x7fced7807420] syncAndRender: start, elapsed since last call: 16 ms
Aug 27 23:56:32 hearth quickshell[171837]:  DEBUG qt.scenegraph.time.renderloop: [window 0x7fced6264040][gui thread] Frame prepared, polish=0 ms, lock=0 ms, blockedForSync=0 ms, animations=0 ms
Aug 27 23:56:32 hearth quickshell[171837]:  DEBUG qt.scenegraph.time.renderer: time in renderer: total=0ms, preprocess=0, updates=0, rendering=0
Aug 27 23:56:32 hearth quickshell[171837]:  DEBUG qt.scenegraph.time.renderloop: [window 0x7fced6264040][render thread 0x7fced7807420] syncAndRender: frame rendered in 0ms, sync=0, render=0, swap=0
Aug 27 23:56:32 hearth quickshell[171837]:  DEBUG qt.scenegraph.time.renderloop: [window 0x7fced6264040][gui thread] polishAndSync: start, elapsed since last call: 16 ms
Aug 27 23:56:32 hearth quickshell[171837]:  DEBUG qt.scenegraph.time.renderloop: [window 0x7fced6264040][render thread 0x7fced7807420] syncAndRender: start, elapsed since last call: 16 ms
Aug 27 23:56:32 hearth quickshell[171837]:  DEBUG qt.scenegraph.time.renderloop: [window 0x7fced6264040][gui thread] Frame prepared, polish=0 ms, lock=0 ms, blockedForSync=0 ms, animations=0 ms
Aug 27 23:56:32 hearth quickshell[171837]:  DEBUG qt.scenegraph.time.renderer: time in renderer: total=0ms, preprocess=0, updates=0, rendering=0
Aug 27 23:56:32 hearth quickshell[171837]:  DEBUG qt.scenegraph.time.renderloop: [window 0x7fced6264040][render thread 0x7fced7807420] syncAndRender: frame rendered in 0ms, sync=0, render=0, swap=0
Aug 27 23:56:32 hearth quickshell[171837]:  DEBUG qt.scenegraph.time.renderloop: [window 0x7fced6264040][gui thread] polishAndSync: start, elapsed since last call: 16 ms
Aug 27 23:56:32 hearth quickshell[171837]:  DEBUG qt.scenegraph.time.renderloop: [window 0x7fced6264040][render thread 0x7fced7807420] syncAndRender: start, elapsed since last call: 16 ms
Aug 27 23:56:32 hearth quickshell[171837]:  DEBUG qt.scenegraph.time.renderloop: [window 0x7fced6264040][gui thread] Frame prepared, polish=0 ms, lock=0 ms, blockedForSync=0 ms, animations=0 ms
Aug 27 23:56:32 hearth quickshell[171837]:  DEBUG qt.scenegraph.time.renderer: time in renderer: total=0ms, preprocess=0, updates=0, rendering=0
Aug 27 23:56:33 hearth quickshell[171837]:  DEBUG qt.scenegraph.time.renderloop: [window 0x7fced6264040][render thread 0x7fced7807420] syncAndRender: frame rendered in 0ms, sync=0, render=0, swap=0
Aug 27 23:56:33 hearth quickshell[171837]:  DEBUG qt.scenegraph.time.renderloop: [window 0x7fced6264040][gui thread] polishAndSync: start, elapsed since last call: 16 ms
Aug 27 23:56:33 hearth quickshell[171837]:  DEBUG qt.scenegraph.time.renderloop: [window 0x7fced6264040][render thread 0x7fced7807420] syncAndRender: start, elapsed since last call: 16 ms
Aug 27 23:56:33 hearth quickshell[171837]:  DEBUG qt.scenegraph.time.renderloop: [window 0x7fced6264040][gui thread] Frame prepared, polish=0 ms, lock=0 ms, blockedForSync=0 ms, animations=0 ms
Aug 27 23:56:33 hearth quickshell[171837]:  DEBUG qt.scenegraph.time.renderer: time in renderer: total=0ms, preprocess=0, updates=0, rendering=0
Aug 27 23:56:33 hearth quickshell[171837]:  DEBUG qt.scenegraph.time.renderloop: [window 0x7fced6264040][render thread 0x7fced7807420] syncAndRender: frame rendered in 0ms, sync=0, render=0, swap=0
Aug 27 23:56:33 hearth quickshell[171837]:  DEBUG qt.scenegraph.time.renderloop: [window 0x7fced6264040][gui thread] polishAndSync: start, elapsed since last call: 16 ms
Aug 27 23:56:33 hearth quickshell[171837]:  DEBUG qt.scenegraph.time.renderloop: [window 0x7fced6264040][render thread 0x7fced7807420] syncAndRender: start, elapsed since last call: 16 ms
Aug 27 23:56:33 hearth quickshell[171837]:  DEBUG qt.scenegraph.time.renderloop: [window 0x7fced6264040][gui thread] Frame prepared, polish=0 ms, lock=0 ms, blockedForSync=0 ms, animations=0 ms
Aug 27 23:56:33 hearth quickshell[171837]:  DEBUG qt.scenegraph.time.renderer: time in renderer: total=0ms, preprocess=0, updates=0, rendering=0
Aug 27 23:56:33 hearth quickshell[171837]:  DEBUG qt.scenegraph.time.renderloop: [window 0x7fced6264040][render thread 0x7fced7807420] syncAndRender: frame rendered in 0ms, sync=0, render=0, swap=0
Aug 27 23:56:33 hearth quickshell[171837]:  DEBUG qt.scenegraph.time.renderloop: [window 0x7fced6264040][gui thread] polishAndSync: start, elapsed since last call: 16 ms
Aug 27 23:56:33 hearth quickshell[171837]:  DEBUG qt.scenegraph.time.renderloop: [window 0x7fced6264040][render thread 0x7fced7807420] syncAndRender: start, elapsed since last call: 16 ms
Aug 27 23:56:33 hearth quickshell[171837]:  DEBUG qt.scenegraph.time.renderloop: [window 0x7fced6264040][gui thread] Frame prepared, polish=0 ms, lock=0 ms, blockedForSync=0 ms, animations=0 ms
Aug 27 23:56:33 hearth quickshell[171837]:  DEBUG qt.scenegraph.time.renderloop: [window 0x7fced6264040][gui thread] polishAndSync: start, elapsed since last call: 0 ms
Aug 27 23:56:33 hearth quickshell[171837]:  DEBUG qt.scenegraph.time.renderer: time in renderer: total=0ms, preprocess=0, updates=0, rendering=0
Aug 27 23:56:33 hearth quickshell[171837]:  DEBUG qt.scenegraph.time.renderloop: [window 0x7fced6264040][render thread 0x7fced7807420] syncAndRender: frame rendered in 0ms, sync=0, render=0, swap=0
Aug 27 23:56:33 hearth quickshell[171837]:  DEBUG qt.scenegraph.time.renderloop: [window 0x7fced6264040][render thread 0x7fced7807420] syncAndRender: start, elapsed since last call: 0 ms
Aug 27 23:56:33 hearth quickshell[171837]:  DEBUG qt.scenegraph.time.renderloop: [window 0x7fced6264040][gui thread] Frame prepared, polish=0 ms, lock=0 ms, blockedForSync=0 ms, animations=0 ms
Aug 27 23:56:33 hearth quickshell[171837]:  DEBUG qt.scenegraph.time.renderer: time in renderer: total=0ms, preprocess=0, updates=0, rendering=0
Aug 27 23:56:33 hearth quickshell[171837]:  DEBUG qt.scenegraph.time.renderloop: [window 0x7fced6264040][render thread 0x7fced7807420] syncAndRender: frame rendered in 16ms, sync=0, render=0, swap=15
Aug 27 23:56:33 hearth quickshell[171837]:  DEBUG qt.scenegraph.time.renderloop: [window 0x7fced6264040][gui thread] polishAndSync: start, elapsed since last call: 33 ms
Aug 27 23:56:33 hearth quickshell[171837]:  DEBUG qt.scenegraph.time.renderloop: [window 0x7fced6264040][render thread 0x7fced7807420] syncAndRender: start, elapsed since last call: 32 ms
Aug 27 23:56:33 hearth quickshell[171837]:  DEBUG qt.scenegraph.time.renderloop: [window 0x7fced6264040][gui thread] Frame prepared, polish=0 ms, lock=0 ms, blockedForSync=0 ms, animations=0 ms
Aug 27 23:56:33 hearth quickshell[171837]:  DEBUG qt.scenegraph.time.renderer: time in renderer: total=0ms, preprocess=0, updates=0, rendering=0
Aug 27 23:56:33 hearth quickshell[171837]:  DEBUG qt.scenegraph.time.renderloop: [window 0x7fced6264040][render thread 0x7fced7807420] syncAndRender: frame rendered in 0ms, sync=0, render=0, swap=0
Aug 27 23:56:33 hearth quickshell[171837]:  DEBUG qt.scenegraph.time.renderloop: [window 0x7fced6264040][gui thread] polishAndSync: start, elapsed since last call: 16 ms
Aug 27 23:56:33 hearth quickshell[171837]:  DEBUG qt.scenegraph.time.renderloop: [window 0x7fced6264040][render thread 0x7fced7807420] syncAndRender: start, elapsed since last call: 16 ms
Aug 27 23:56:33 hearth quickshell[171837]:  DEBUG qt.scenegraph.time.renderloop: [window 0x7fced6264040][gui thread] Frame prepared, polish=0 ms, lock=0 ms, blockedForSync=0 ms, animations=0 ms
Aug 27 23:56:33 hearth quickshell[171837]:  DEBUG qt.scenegraph.time.renderer: time in renderer: total=0ms, preprocess=0, updates=0, rendering=0
Aug 27 23:56:33 hearth quickshell[171837]:  DEBUG qt.scenegraph.time.renderloop: [window 0x7fced6264040][render thread 0x7fced7807420] syncAndRender: frame rendered in 0ms, sync=0, render=0, swap=0
Aug 27 23:56:33 hearth quickshell[171837]:  DEBUG qt.scenegraph.time.renderloop: [window 0x7fced6264040][gui thread] polishAndSync: start, elapsed since last call: 16 ms
Aug 27 23:56:33 hearth quickshell[171837]:  DEBUG qt.scenegraph.time.renderloop: [window 0x7fced6264040][render thread 0x7fced7807420] syncAndRender: start, elapsed since last call: 16 ms
Aug 27 23:56:33 hearth quickshell[171837]:  DEBUG qt.scenegraph.time.renderloop: [window 0x7fced6264040][gui thread] Frame prepared, polish=0 ms, lock=0 ms, blockedForSync=0 ms, animations=0 ms
Aug 27 23:56:33 hearth quickshell[171837]:  DEBUG qt.scenegraph.time.renderer: time in renderer: total=0ms, preprocess=0, updates=0, rendering=0
Aug 27 23:56:33 hearth quickshell[171837]:  DEBUG qt.scenegraph.time.renderloop: [window 0x7fced6264040][render thread 0x7fced7807420] syncAndRender: frame rendered in 0ms, sync=0, render=0, swap=0
Aug 27 23:56:33 hearth quickshell[171837]:  DEBUG qt.scenegraph.time.renderloop: [window 0x7fced6264040][gui thread] polishAndSync: start, elapsed since last call: 16 ms
Aug 27 23:56:33 hearth quickshell[171837]:  DEBUG qt.scenegraph.time.renderloop: [window 0x7fced6264040][render thread 0x7fced7807420] syncAndRender: start, elapsed since last call: 16 ms
Aug 27 23:56:33 hearth quickshell[171837]:  DEBUG qt.scenegraph.time.renderloop: [window 0x7fced6264040][gui thread] Frame prepared, polish=0 ms, lock=0 ms, blockedForSync=0 ms, animations=0 ms
Aug 27 23:56:33 hearth quickshell[171837]:  DEBUG qt.scenegraph.time.renderer: time in renderer: total=0ms, preprocess=0, updates=0, rendering=0
Aug 27 23:56:33 hearth quickshell[171837]:  DEBUG qt.scenegraph.time.renderloop: [window 0x7fced6264040][render thread 0x7fced7807420] syncAndRender: frame rendered in 0ms, sync=0, render=0, swap=0
Aug 27 23:56:33 hearth quickshell[171837]:  DEBUG qt.scenegraph.time.renderloop: [window 0x7fced6264040][gui thread] polishAndSync: start, elapsed since last call: 16 ms
Aug 27 23:56:33 hearth quickshell[171837]:  DEBUG qt.scenegraph.time.renderloop: [window 0x7fced6264040][render thread 0x7fced7807420] syncAndRender: start, elapsed since last call: 16 ms
Aug 27 23:56:33 hearth quickshell[171837]:  DEBUG qt.scenegraph.time.renderloop: [window 0x7fced6264040][gui thread] Frame prepared, polish=0 ms, lock=0 ms, blockedForSync=0 ms, animations=0 ms
Aug 27 23:56:33 hearth quickshell[171837]:  DEBUG qt.scenegraph.time.renderer: time in renderer: total=0ms, preprocess=0, updates=0, rendering=0
Aug 27 23:56:33 hearth quickshell[171837]:  DEBUG qt.scenegraph.time.renderloop: [window 0x7fced6264040][render thread 0x7fced7807420] syncAndRender: frame rendered in 0ms, sync=0, render=0, swap=0
Aug 27 23:56:33 hearth quickshell[171837]:  DEBUG qt.scenegraph.time.renderloop: [window 0x7fced6264040][gui thread] polishAndSync: start, elapsed since last call: 16 ms
Aug 27 23:56:33 hearth quickshell[171837]:  DEBUG qt.scenegraph.time.renderloop: [window 0x7fced6264040][render thread 0x7fced7807420] syncAndRender: start, elapsed since last call: 16 ms
Aug 27 23:56:33 hearth quickshell[171837]:  DEBUG qt.scenegraph.time.renderloop: [window 0x7fced6264040][gui thread] Frame prepared, polish=0 ms, lock=0 ms, blockedForSync=0 ms, animations=0 ms
Aug 27 23:56:33 hearth quickshell[171837]:  DEBUG qt.scenegraph.time.renderer: time in renderer: total=0ms, preprocess=0, updates=0, rendering=0
Aug 27 23:56:33 hearth quickshell[171837]:  DEBUG qt.scenegraph.time.renderloop: [window 0x7fced6264040][render thread 0x7fced7807420] syncAndRender: frame rendered in 0ms, sync=0, render=0, swap=0
Aug 27 23:56:33 hearth quickshell[171837]:  DEBUG qt.scenegraph.time.renderloop: [window 0x7fced6264040][gui thread] polishAndSync: start, elapsed since last call: 16 ms
Aug 27 23:56:33 hearth quickshell[171837]:  DEBUG qt.scenegraph.time.renderloop: [window 0x7fced6264040][render thread 0x7fced7807420] syncAndRender: start, elapsed since last call: 16 ms
Aug 27 23:56:33 hearth quickshell[171837]:  DEBUG qt.scenegraph.time.renderloop: [window 0x7fced6264040][gui thread] Frame prepared, polish=0 ms, lock=0 ms, blockedForSync=0 ms, animations=0 ms
Aug 27 23:56:33 hearth quickshell[171837]:  DEBUG qt.scenegraph.time.renderer: time in renderer: total=0ms, preprocess=0, updates=0, rendering=0
Aug 27 23:56:33 hearth quickshell[171837]:  DEBUG qt.scenegraph.time.renderloop: [window 0x7fced6264040][render thread 0x7fced7807420] syncAndRender: frame rendered in 0ms, sync=0, render=0, swap=0
Aug 27 23:56:33 hearth quickshell[171837]:  DEBUG qt.scenegraph.time.renderloop: [window 0x7fced6264040][gui thread] polishAndSync: start, elapsed since last call: 16 ms
Aug 27 23:56:33 hearth quickshell[171837]:  DEBUG qt.scenegraph.time.renderloop: [window 0x7fced6264040][render thread 0x7fced7807420] syncAndRender: start, elapsed since last call: 16 ms
Aug 27 23:56:33 hearth quickshell[171837]:  DEBUG qt.scenegraph.time.renderloop: [window 0x7fced6264040][gui thread] Frame prepared, polish=0 ms, lock=0 ms, blockedForSync=0 ms, animations=0 ms
Aug 27 23:56:33 hearth quickshell[171837]:  DEBUG qt.scenegraph.time.renderer: time in renderer: total=0ms, preprocess=0, updates=0, rendering=0
Aug 27 23:56:33 hearth quickshell[171837]:  DEBUG qt.scenegraph.time.renderloop: [window 0x7fced6264040][render thread 0x7fced7807420] syncAndRender: frame rendered in 0ms, sync=0, render=0, swap=0
Aug 27 23:56:33 hearth quickshell[171837]:  DEBUG qt.scenegraph.time.renderloop: [window 0x7fced6264040][gui thread] polishAndSync: start, elapsed since last call: 16 ms
Aug 27 23:56:33 hearth quickshell[171837]:  DEBUG qt.scenegraph.time.renderloop: [window 0x7fced6264040][render thread 0x7fced7807420] syncAndRender: start, elapsed since last call: 16 ms
Aug 27 23:56:33 hearth quickshell[171837]:  DEBUG qt.scenegraph.time.renderloop: [window 0x7fced6264040][gui thread] Frame prepared, polish=0 ms, lock=0 ms, blockedForSync=0 ms, animations=0 ms
Aug 27 23:56:33 hearth quickshell[171837]:  DEBUG qt.scenegraph.time.renderer: time in renderer: total=0ms, preprocess=0, updates=0, rendering=0
Aug 27 23:56:33 hearth quickshell[171837]:  DEBUG qt.scenegraph.time.renderloop: [window 0x7fced6264040][render thread 0x7fced7807420] syncAndRender: frame rendered in 0ms, sync=0, render=0, swap=0
Aug 27 23:56:33 hearth quickshell[171837]:  DEBUG qt.scenegraph.time.renderloop: [window 0x7fced6264040][gui thread] polishAndSync: start, elapsed since last call: 16 ms
Aug 27 23:56:33 hearth quickshell[171837]:  DEBUG qt.scenegraph.time.renderloop: [window 0x7fced6264040][render thread 0x7fced7807420] syncAndRender: start, elapsed since last call: 16 ms
Aug 27 23:56:33 hearth quickshell[171837]:  DEBUG qt.scenegraph.time.renderloop: [window 0x7fced6264040][gui thread] Frame prepared, polish=0 ms, lock=0 ms, blockedForSync=0 ms, animations=0 ms
Aug 27 23:56:33 hearth quickshell[171837]:  DEBUG qt.scenegraph.time.renderer: time in renderer: total=0ms, preprocess=0, updates=0, rendering=0
Aug 27 23:56:33 hearth quickshell[171837]:  DEBUG qt.scenegraph.time.renderloop: [window 0x7fced6264040][render thread 0x7fced7807420] syncAndRender: frame rendered in 0ms, sync=0, render=0, swap=0
Aug 27 23:56:33 hearth quickshell[171837]:  DEBUG qt.scenegraph.time.renderloop: [window 0x7fced6264040][gui thread] polishAndSync: start, elapsed since last call: 16 ms
Aug 27 23:56:33 hearth quickshell[171837]:  DEBUG qt.scenegraph.time.renderloop: [window 0x7fced6264040][render thread 0x7fced7807420] syncAndRender: start, elapsed since last call: 16 ms
Aug 27 23:56:33 hearth quickshell[171837]:  DEBUG qt.scenegraph.time.renderloop: [window 0x7fced6264040][gui thread] Frame prepared, polish=0 ms, lock=0 ms, blockedForSync=0 ms, animations=0 ms
Aug 27 23:56:33 hearth quickshell[171837]:  DEBUG qt.scenegraph.time.renderer: time in renderer: total=0ms, preprocess=0, updates=0, rendering=0
Aug 27 23:56:33 hearth quickshell[171837]:  DEBUG qt.scenegraph.time.renderloop: [window 0x7fced6264040][render thread 0x7fced7807420] syncAndRender: frame rendered in 0ms, sync=0, render=0, swap=0
Aug 27 23:56:33 hearth quickshell[171837]:  DEBUG qt.scenegraph.time.renderloop: [window 0x7fced6264040][gui thread] polishAndSync: start, elapsed since last call: 16 ms
Aug 27 23:56:33 hearth quickshell[171837]:  DEBUG qt.scenegraph.time.renderloop: [window 0x7fced6264040][render thread 0x7fced7807420] syncAndRender: start, elapsed since last call: 16 ms
Aug 27 23:56:33 hearth quickshell[171837]:  DEBUG qt.scenegraph.time.renderloop: [window 0x7fced6264040][gui thread] Frame prepared, polish=0 ms, lock=0 ms, blockedForSync=0 ms, animations=0 ms
Aug 27 23:56:33 hearth quickshell[171837]:  DEBUG qt.scenegraph.time.renderer: time in renderer: total=0ms, preprocess=0, updates=0, rendering=0
Aug 27 23:56:33 hearth quickshell[171837]:  DEBUG qt.scenegraph.time.renderloop: [window 0x7fced6264040][render thread 0x7fced7807420] syncAndRender: frame rendered in 0ms, sync=0, render=0, swap=0
Aug 27 23:56:33 hearth quickshell[171837]:  DEBUG qt.scenegraph.time.renderloop: [window 0x7fced6264040][gui thread] polishAndSync: start, elapsed since last call: 16 ms
Aug 27 23:56:33 hearth quickshell[171837]:  DEBUG qt.scenegraph.time.renderloop: [window 0x7fced6264040][render thread 0x7fced7807420] syncAndRender: start, elapsed since last call: 16 ms
Aug 27 23:56:33 hearth quickshell[171837]:  DEBUG qt.scenegraph.time.renderloop: [window 0x7fced6264040][gui thread] Frame prepared, polish=0 ms, lock=0 ms, blockedForSync=0 ms, animations=0 ms
Aug 27 23:56:33 hearth quickshell[171837]:  DEBUG qt.scenegraph.time.renderer: time in renderer: total=0ms, preprocess=0, updates=0, rendering=0
Aug 27 23:56:33 hearth quickshell[171837]:  DEBUG qt.scenegraph.time.renderloop: [window 0x7fced6264040][render thread 0x7fced7807420] syncAndRender: frame rendered in 0ms, sync=0, render=0, swap=0
Aug 27 23:56:33 hearth quickshell[171837]:  DEBUG qt.scenegraph.time.renderloop: [window 0x7fced6264040][gui thread] polishAndSync: start, elapsed since last call: 16 ms
Aug 27 23:56:33 hearth quickshell[171837]:  DEBUG qt.scenegraph.time.renderloop: [window 0x7fced6264040][render thread 0x7fced7807420] syncAndRender: start, elapsed since last call: 16 ms
Aug 27 23:56:33 hearth quickshell[171837]:  DEBUG qt.scenegraph.time.renderloop: [window 0x7fced6264040][gui thread] Frame prepared, polish=0 ms, lock=0 ms, blockedForSync=0 ms, animations=0 ms
Aug 27 23:56:33 hearth quickshell[171837]:  DEBUG qt.scenegraph.time.renderer: time in renderer: total=0ms, preprocess=0, updates=0, rendering=0
Aug 27 23:56:33 hearth quickshell[171837]:  DEBUG qt.scenegraph.time.renderloop: [window 0x7fced6264040][render thread 0x7fced7807420] syncAndRender: frame rendered in 0ms, sync=0, render=0, swap=0
Aug 27 23:56:33 hearth quickshell[171837]:  DEBUG qt.scenegraph.time.renderloop: [window 0x7fced6264040][gui thread] polishAndSync: start, elapsed since last call: 16 ms
Aug 27 23:56:33 hearth quickshell[171837]:  DEBUG qt.scenegraph.time.renderloop: [window 0x7fced6264040][render thread 0x7fced7807420] syncAndRender: start, elapsed since last call: 16 ms
Aug 27 23:56:33 hearth quickshell[171837]:  DEBUG qt.scenegraph.time.renderloop: [window 0x7fced6264040][gui thread] Frame prepared, polish=0 ms, lock=0 ms, blockedForSync=0 ms, animations=0 ms
Aug 27 23:56:33 hearth quickshell[171837]:  DEBUG qt.scenegraph.time.renderer: time in renderer: total=0ms, preprocess=0, updates=0, rendering=0
Aug 27 23:56:33 hearth quickshell[171837]:  DEBUG qt.scenegraph.time.renderloop: [window 0x7fced6264040][render thread 0x7fced7807420] syncAndRender: frame rendered in 0ms, sync=0, render=0, swap=0
Aug 27 23:56:33 hearth quickshell[171837]:  DEBUG qt.scenegraph.time.renderloop: [window 0x7fced6264040][gui thread] polishAndSync: start, elapsed since last call: 16 ms
Aug 27 23:56:33 hearth quickshell[171837]:  DEBUG qt.scenegraph.time.renderloop: [window 0x7fced6264040][render thread 0x7fced7807420] syncAndRender: start, elapsed since last call: 16 ms
Aug 27 23:56:33 hearth quickshell[171837]:  DEBUG qt.scenegraph.time.renderloop: [window 0x7fced6264040][gui thread] Frame prepared, polish=0 ms, lock=0 ms, blockedForSync=0 ms, animations=0 ms
Aug 27 23:56:33 hearth quickshell[171837]:  DEBUG qt.scenegraph.time.renderer: time in renderer: total=0ms, preprocess=0, updates=0, rendering=0
Aug 27 23:56:33 hearth quickshell[171837]:  DEBUG qt.scenegraph.time.renderloop: [window 0x7fced6264040][render thread 0x7fced7807420] syncAndRender: frame rendered in 0ms, sync=0, render=0, swap=0
Aug 27 23:56:33 hearth quickshell[171837]:  DEBUG qt.scenegraph.time.renderloop: [window 0x7fced6264040][gui thread] polishAndSync: start, elapsed since last call: 16 ms
Aug 27 23:56:33 hearth quickshell[171837]:  DEBUG qt.scenegraph.time.renderloop: [window 0x7fced6264040][render thread 0x7fced7807420] syncAndRender: start, elapsed since last call: 16 ms
Aug 27 23:56:33 hearth quickshell[171837]:  DEBUG qt.scenegraph.time.renderloop: [window 0x7fced6264040][gui thread] Frame prepared, polish=0 ms, lock=0 ms, blockedForSync=0 ms, animations=0 ms
Aug 27 23:56:33 hearth quickshell[171837]:  DEBUG qt.scenegraph.time.renderer: time in renderer: total=0ms, preprocess=0, updates=0, rendering=0
Aug 27 23:56:33 hearth quickshell[171837]:  DEBUG qt.scenegraph.time.renderloop: [window 0x7fced6264040][render thread 0x7fced7807420] syncAndRender: frame rendered in 0ms, sync=0, render=0, swap=0
Aug 27 23:56:33 hearth quickshell[171837]:  DEBUG qt.scenegraph.time.renderloop: [window 0x7fced6264040][gui thread] polishAndSync: start, elapsed since last call: 16 ms
Aug 27 23:56:33 hearth quickshell[171837]:  DEBUG qt.scenegraph.time.renderloop: [window 0x7fced6264040][render thread 0x7fced7807420] syncAndRender: start, elapsed since last call: 16 ms
Aug 27 23:56:33 hearth quickshell[171837]:  DEBUG qt.scenegraph.time.renderloop: [window 0x7fced6264040][gui thread] Frame prepared, polish=0 ms, lock=0 ms, blockedForSync=0 ms, animations=0 ms
Aug 27 23:56:33 hearth quickshell[171837]:  DEBUG qt.scenegraph.time.renderer: time in renderer: total=0ms, preprocess=0, updates=0, rendering=0
Aug 27 23:56:33 hearth quickshell[171837]:  DEBUG qt.scenegraph.time.renderloop: [window 0x7fced6264040][render thread 0x7fced7807420] syncAndRender: frame rendered in 0ms, sync=0, render=0, swap=0
Aug 27 23:56:33 hearth quickshell[171837]:  DEBUG qt.scenegraph.time.renderloop: [window 0x7fced6264040][gui thread] polishAndSync: start, elapsed since last call: 16 ms
Aug 27 23:56:33 hearth quickshell[171837]:  DEBUG qt.scenegraph.time.renderloop: [window 0x7fced6264040][render thread 0x7fced7807420] syncAndRender: start, elapsed since last call: 16 ms
Aug 27 23:56:33 hearth quickshell[171837]:  DEBUG qt.scenegraph.time.renderloop: [window 0x7fced6264040][gui thread] Frame prepared, polish=0 ms, lock=0 ms, blockedForSync=0 ms, animations=0 ms
Aug 27 23:56:33 hearth quickshell[171837]:  DEBUG qt.scenegraph.time.renderer: time in renderer: total=0ms, preprocess=0, updates=0, rendering=0
Aug 27 23:56:33 hearth quickshell[171837]:  DEBUG qt.scenegraph.time.renderloop: [window 0x7fced6264040][render thread 0x7fced7807420] syncAndRender: frame rendered in 0ms, sync=0, render=0, swap=0
Aug 27 23:56:33 hearth quickshell[171837]:  DEBUG qt.scenegraph.time.renderloop: [window 0x7fced6264040][gui thread] polishAndSync: start, elapsed since last call: 16 ms
Aug 27 23:56:33 hearth quickshell[171837]:  DEBUG qt.scenegraph.time.renderloop: [window 0x7fced6264040][render thread 0x7fced7807420] syncAndRender: start, elapsed since last call: 16 ms
Aug 27 23:56:33 hearth quickshell[171837]:  DEBUG qt.scenegraph.time.renderloop: [window 0x7fced6264040][gui thread] Frame prepared, polish=0 ms, lock=0 ms, blockedForSync=0 ms, animations=0 ms
Aug 27 23:56:33 hearth quickshell[171837]:  DEBUG qt.scenegraph.time.renderer: time in renderer: total=0ms, preprocess=0, updates=0, rendering=0
Aug 27 23:56:33 hearth quickshell[171837]:  DEBUG qt.scenegraph.time.renderloop: [window 0x7fced6264040][render thread 0x7fced7807420] syncAndRender: frame rendered in 0ms, sync=0, render=0, swap=0
Aug 27 23:56:33 hearth quickshell[171837]:  DEBUG qt.scenegraph.time.renderloop: [window 0x7fced6264040][gui thread] polishAndSync: start, elapsed since last call: 16 ms
Aug 27 23:56:33 hearth quickshell[171837]:  DEBUG qt.scenegraph.time.renderloop: [window 0x7fced6264040][render thread 0x7fced7807420] syncAndRender: start, elapsed since last call: 16 ms
Aug 27 23:56:33 hearth quickshell[171837]:  DEBUG qt.scenegraph.time.renderloop: [window 0x7fced6264040][gui thread] Frame prepared, polish=0 ms, lock=0 ms, blockedForSync=0 ms, animations=0 ms
Aug 27 23:56:33 hearth quickshell[171837]:  DEBUG qt.scenegraph.time.renderer: time in renderer: total=0ms, preprocess=0, updates=0, rendering=0
Aug 27 23:56:33 hearth quickshell[171837]:  DEBUG qt.scenegraph.time.renderloop: [window 0x7fced6264040][render thread 0x7fced7807420] syncAndRender: frame rendered in 0ms, sync=0, render=0, swap=0
Aug 27 23:56:33 hearth quickshell[171837]:  DEBUG qt.scenegraph.time.renderloop: [window 0x7fced6264040][gui thread] polishAndSync: start, elapsed since last call: 16 ms
Aug 27 23:56:33 hearth quickshell[171837]:  DEBUG qt.scenegraph.time.renderloop: [window 0x7fced6264040][render thread 0x7fced7807420] syncAndRender: start, elapsed since last call: 16 ms
Aug 27 23:56:33 hearth quickshell[171837]:  DEBUG qt.scenegraph.time.renderloop: [window 0x7fced6264040][gui thread] Frame prepared, polish=0 ms, lock=0 ms, blockedForSync=0 ms, animations=0 ms
Aug 27 23:56:33 hearth quickshell[171837]:  DEBUG qt.scenegraph.time.renderer: time in renderer: total=0ms, preprocess=0, updates=0, rendering=0
Aug 27 23:56:33 hearth quickshell[171837]:  DEBUG qt.scenegraph.time.renderloop: [window 0x7fced6264040][render thread 0x7fced7807420] syncAndRender: frame rendered in 0ms, sync=0, render=0, swap=0
Aug 27 23:56:33 hearth quickshell[171837]:  DEBUG qt.scenegraph.time.renderloop: [window 0x7fced6264040][gui thread] polishAndSync: start, elapsed since last call: 16 ms
Aug 27 23:56:33 hearth quickshell[171837]:  DEBUG qt.scenegraph.time.renderloop: [window 0x7fced6264040][render thread 0x7fced7807420] syncAndRender: start, elapsed since last call: 16 ms
Aug 27 23:56:33 hearth quickshell[171837]:  DEBUG qt.scenegraph.time.renderloop: [window 0x7fced6264040][gui thread] Frame prepared, polish=0 ms, lock=0 ms, blockedForSync=0 ms, animations=0 ms
Aug 27 23:56:33 hearth quickshell[171837]:  DEBUG qt.scenegraph.time.renderer: time in renderer: total=0ms, preprocess=0, updates=0, rendering=0
Aug 27 23:56:33 hearth quickshell[171837]:  DEBUG qt.scenegraph.time.renderloop: [window 0x7fced6264040][gui thread] polishAndSync: start, elapsed since last call: 0 ms
Aug 27 23:56:33 hearth quickshell[171837]:  DEBUG qt.scenegraph.time.renderloop: [window 0x7fced6264040][render thread 0x7fced7807420] syncAndRender: frame rendered in 0ms, sync=0, render=0, swap=0
Aug 27 23:56:33 hearth quickshell[171837]:  DEBUG qt.scenegraph.time.renderloop: [window 0x7fced6264040][render thread 0x7fced7807420] syncAndRender: start, elapsed since last call: 0 ms
Aug 27 23:56:33 hearth quickshell[171837]:  DEBUG qt.scenegraph.time.renderloop: [window 0x7fced6264040][gui thread] Frame prepared, polish=0 ms, lock=0 ms, blockedForSync=0 ms, animations=0 ms
Aug 27 23:56:33 hearth quickshell[171837]:  DEBUG qt.scenegraph.time.renderer: time in renderer: total=0ms, preprocess=0, updates=0, rendering=0
Aug 27 23:56:33 hearth quickshell[171837]:  DEBUG qt.scenegraph.time.renderloop: [window 0x7fced6264040][render thread 0x7fced7807420] syncAndRender: frame rendered in 16ms, sync=0, render=0, swap=15
Aug 27 23:56:33 hearth quickshell[171837]:  DEBUG qt.scenegraph.time.renderloop: [window 0x7fced6264040][gui thread] polishAndSync: start, elapsed since last call: 32 ms
Aug 27 23:56:33 hearth quickshell[171837]:  DEBUG qt.scenegraph.time.renderloop: [window 0x7fced6264040][render thread 0x7fced7807420] syncAndRender: start, elapsed since last call: 32 ms
Aug 27 23:56:33 hearth quickshell[171837]:  DEBUG qt.scenegraph.time.renderloop: [window 0x7fced6264040][gui thread] Frame prepared, polish=0 ms, lock=0 ms, blockedForSync=0 ms, animations=0 ms
Aug 27 23:56:33 hearth quickshell[171837]:  DEBUG qt.scenegraph.time.renderer: time in renderer: total=0ms, preprocess=0, updates=0, rendering=0
Aug 27 23:56:33 hearth quickshell[171837]:  DEBUG qt.scenegraph.time.renderloop: [window 0x7fced6264040][render thread 0x7fced7807420] syncAndRender: frame rendered in 0ms, sync=0, render=0, swap=0
Aug 27 23:56:33 hearth quickshell[171837]:  DEBUG qt.scenegraph.time.renderloop: [window 0x7fced6264040][gui thread] polishAndSync: start, elapsed since last call: 16 ms
Aug 27 23:56:33 hearth quickshell[171837]:  DEBUG qt.scenegraph.time.renderloop: [window 0x7fced6264040][render thread 0x7fced7807420] syncAndRender: start, elapsed since last call: 16 ms
Aug 27 23:56:33 hearth quickshell[171837]:  DEBUG qt.scenegraph.time.renderloop: [window 0x7fced6264040][gui thread] Frame prepared, polish=0 ms, lock=0 ms, blockedForSync=0 ms, animations=0 ms
Aug 27 23:56:33 hearth quickshell[171837]:  DEBUG qt.scenegraph.time.renderer: time in renderer: total=0ms, preprocess=0, updates=0, rendering=0
Aug 27 23:56:33 hearth quickshell[171837]:  DEBUG qt.scenegraph.time.renderloop: [window 0x7fced6264040][render thread 0x7fced7807420] syncAndRender: frame rendered in 0ms, sync=0, render=0, swap=0
Aug 27 23:56:33 hearth quickshell[171837]:  DEBUG qt.scenegraph.time.renderloop: [window 0x7fced6264040][gui thread] polishAndSync: start, elapsed since last call: 16 ms
Aug 27 23:56:33 hearth quickshell[171837]:  DEBUG qt.scenegraph.time.renderloop: [window 0x7fced6264040][render thread 0x7fced7807420] syncAndRender: start, elapsed since last call: 16 ms
Aug 27 23:56:33 hearth quickshell[171837]:  DEBUG qt.scenegraph.time.renderloop: [window 0x7fced6264040][gui thread] Frame prepared, polish=0 ms, lock=0 ms, blockedForSync=0 ms, animations=0 ms
Aug 27 23:56:33 hearth quickshell[171837]:  DEBUG qt.scenegraph.time.renderer: time in renderer: total=0ms, preprocess=0, updates=0, rendering=0
Aug 27 23:56:33 hearth quickshell[171837]:  DEBUG qt.scenegraph.time.renderloop: [window 0x7fced6264040][render thread 0x7fced7807420] syncAndRender: frame rendered in 0ms, sync=0, render=0, swap=0
Aug 27 23:56:33 hearth quickshell[171837]:  DEBUG qt.scenegraph.time.renderloop: [window 0x7fced6264040][gui thread] polishAndSync: start, elapsed since last call: 16 ms
Aug 27 23:56:33 hearth quickshell[171837]:  DEBUG qt.scenegraph.time.renderloop: [window 0x7fced6264040][render thread 0x7fced7807420] syncAndRender: start, elapsed since last call: 16 ms
Aug 27 23:56:33 hearth quickshell[171837]:  DEBUG qt.scenegraph.time.renderloop: [window 0x7fced6264040][gui thread] Frame prepared, polish=0 ms, lock=0 ms, blockedForSync=0 ms, animations=0 ms
Aug 27 23:56:33 hearth quickshell[171837]:  DEBUG qt.scenegraph.time.renderer: time in renderer: total=0ms, preprocess=0, updates=0, rendering=0
Aug 27 23:56:33 hearth quickshell[171837]:  DEBUG qt.scenegraph.time.renderloop: [window 0x7fced6264040][render thread 0x7fced7807420] syncAndRender: frame rendered in 0ms, sync=0, render=0, swap=0
Aug 27 23:56:33 hearth quickshell[171837]:  DEBUG qt.scenegraph.time.renderloop: [window 0x7fced6264040][gui thread] polishAndSync: start, elapsed since last call: 16 ms
Aug 27 23:56:33 hearth quickshell[171837]:  DEBUG qt.scenegraph.time.renderloop: [window 0x7fced6264040][render thread 0x7fced7807420] syncAndRender: start, elapsed since last call: 16 ms
Aug 27 23:56:33 hearth quickshell[171837]:  DEBUG qt.scenegraph.time.renderloop: [window 0x7fced6264040][gui thread] Frame prepared, polish=0 ms, lock=0 ms, blockedForSync=0 ms, animations=0 ms
Aug 27 23:56:33 hearth quickshell[171837]:  DEBUG qt.scenegraph.time.renderer: time in renderer: total=0ms, preprocess=0, updates=0, rendering=0
Aug 27 23:56:33 hearth quickshell[171837]:  DEBUG qt.scenegraph.time.renderloop: [window 0x7fced6264040][render thread 0x7fced7807420] syncAndRender: frame rendered in 0ms, sync=0, render=0, swap=0
Aug 27 23:56:33 hearth quickshell[171837]:  DEBUG qt.scenegraph.time.renderloop: [window 0x7fced6264040][gui thread] polishAndSync: start, elapsed since last call: 16 ms
Aug 27 23:56:33 hearth quickshell[171837]:  DEBUG qt.scenegraph.time.renderloop: [window 0x7fced6264040][render thread 0x7fced7807420] syncAndRender: start, elapsed since last call: 16 ms
Aug 27 23:56:33 hearth quickshell[171837]:  DEBUG qt.scenegraph.time.renderloop: [window 0x7fced6264040][gui thread] Frame prepared, polish=0 ms, lock=0 ms, blockedForSync=0 ms, animations=0 ms
Aug 27 23:56:33 hearth quickshell[171837]:  DEBUG qt.scenegraph.time.renderer: time in renderer: total=0ms, preprocess=0, updates=0, rendering=0
Aug 27 23:56:33 hearth quickshell[171837]:  DEBUG qt.scenegraph.time.renderloop: [window 0x7fced6264040][render thread 0x7fced7807420] syncAndRender: frame rendered in 0ms, sync=0, render=0, swap=0
Aug 27 23:56:33 hearth quickshell[171837]:  DEBUG qt.scenegraph.time.renderloop: [window 0x7fced6264040][gui thread] polishAndSync: start, elapsed since last call: 16 ms
Aug 27 23:56:33 hearth quickshell[171837]:  DEBUG qt.scenegraph.time.renderloop: [window 0x7fced6264040][render thread 0x7fced7807420] syncAndRender: start, elapsed since last call: 16 ms
Aug 27 23:56:33 hearth quickshell[171837]:  DEBUG qt.scenegraph.time.renderloop: [window 0x7fced6264040][gui thread] Frame prepared, polish=0 ms, lock=0 ms, blockedForSync=0 ms, animations=0 ms
Aug 27 23:56:33 hearth quickshell[171837]:  DEBUG qt.scenegraph.time.renderer: time in renderer: total=0ms, preprocess=0, updates=0, rendering=0
Aug 27 23:56:33 hearth quickshell[171837]:  DEBUG qt.scenegraph.time.renderloop: [window 0x7fced6264040][render thread 0x7fced7807420] syncAndRender: frame rendered in 0ms, sync=0, render=0, swap=0
Aug 27 23:56:33 hearth quickshell[171837]:  DEBUG qt.scenegraph.time.renderloop: [window 0x7fced6264040][gui thread] polishAndSync: start, elapsed since last call: 16 ms
Aug 27 23:56:33 hearth quickshell[171837]:  DEBUG qt.scenegraph.time.renderloop: [window 0x7fced6264040][render thread 0x7fced7807420] syncAndRender: start, elapsed since last call: 16 ms
Aug 27 23:56:33 hearth quickshell[171837]:  DEBUG qt.scenegraph.time.renderloop: [window 0x7fced6264040][gui thread] Frame prepared, polish=0 ms, lock=0 ms, blockedForSync=0 ms, animations=0 ms
Aug 27 23:56:33 hearth quickshell[171837]:  DEBUG qt.scenegraph.time.renderer: time in renderer: total=0ms, preprocess=0, updates=0, rendering=0
Aug 27 23:56:33 hearth quickshell[171837]:  DEBUG qt.scenegraph.time.renderloop: [window 0x7fced6264040][render thread 0x7fced7807420] syncAndRender: frame rendered in 0ms, sync=0, render=0, swap=0
Aug 27 23:56:33 hearth quickshell[171837]:  DEBUG qt.scenegraph.time.renderloop: [window 0x7fced6264040][gui thread] polishAndSync: start, elapsed since last call: 16 ms
Aug 27 23:56:33 hearth quickshell[171837]:  DEBUG qt.scenegraph.time.renderloop: [window 0x7fced6264040][render thread 0x7fced7807420] syncAndRender: start, elapsed since last call: 16 ms
Aug 27 23:56:33 hearth quickshell[171837]:  DEBUG qt.scenegraph.time.renderloop: [window 0x7fced6264040][gui thread] Frame prepared, polish=0 ms, lock=0 ms, blockedForSync=0 ms, animations=0 ms
Aug 27 23:56:33 hearth quickshell[171837]:  DEBUG qt.scenegraph.time.renderer: time in renderer: total=0ms, preprocess=0, updates=0, rendering=0
Aug 27 23:56:33 hearth quickshell[171837]:  DEBUG qt.scenegraph.time.renderloop: [window 0x7fced6264040][render thread 0x7fced7807420] syncAndRender: frame rendered in 0ms, sync=0, render=0, swap=0
Aug 27 23:56:33 hearth quickshell[171837]:  DEBUG qt.scenegraph.time.renderloop: [window 0x7fced6264040][gui thread] polishAndSync: start, elapsed since last call: 16 ms
Aug 27 23:56:33 hearth quickshell[171837]:  DEBUG qt.scenegraph.time.renderloop: [window 0x7fced6264040][render thread 0x7fced7807420] syncAndRender: start, elapsed since last call: 16 ms
Aug 27 23:56:33 hearth quickshell[171837]:  DEBUG qt.scenegraph.time.renderloop: [window 0x7fced6264040][gui thread] Frame prepared, polish=0 ms, lock=0 ms, blockedForSync=0 ms, animations=0 ms
Aug 27 23:56:33 hearth quickshell[171837]:  DEBUG qt.scenegraph.time.renderer: time in renderer: total=0ms, preprocess=0, updates=0, rendering=0
Aug 27 23:56:33 hearth quickshell[171837]:  DEBUG qt.scenegraph.time.renderloop: [window 0x7fced6264040][render thread 0x7fced7807420] syncAndRender: frame rendered in 0ms, sync=0, render=0, swap=0
Aug 27 23:56:33 hearth quickshell[171837]:  DEBUG qt.scenegraph.time.renderloop: [window 0x7fced6264040][gui thread] polishAndSync: start, elapsed since last call: 16 ms
Aug 27 23:56:33 hearth quickshell[171837]:  DEBUG qt.scenegraph.time.renderloop: [window 0x7fced6264040][render thread 0x7fced7807420] syncAndRender: start, elapsed since last call: 16 ms
Aug 27 23:56:33 hearth quickshell[171837]:  DEBUG qt.scenegraph.time.renderloop: [window 0x7fced6264040][gui thread] Frame prepared, polish=0 ms, lock=0 ms, blockedForSync=0 ms, animations=0 ms
Aug 27 23:56:33 hearth quickshell[171837]:  DEBUG qt.scenegraph.time.renderer: time in renderer: total=0ms, preprocess=0, updates=0, rendering=0
Aug 27 23:56:33 hearth quickshell[171837]:  DEBUG qt.scenegraph.time.renderloop: [window 0x7fced6264040][render thread 0x7fced7807420] syncAndRender: frame rendered in 0ms, sync=0, render=0, swap=0
Aug 27 23:56:33 hearth quickshell[171837]:  DEBUG qt.scenegraph.time.renderloop: [window 0x7fced6264040][gui thread] polishAndSync: start, elapsed since last call: 16 ms
Aug 27 23:56:33 hearth quickshell[171837]:  DEBUG qt.scenegraph.time.renderloop: [window 0x7fced6264040][render thread 0x7fced7807420] syncAndRender: start, elapsed since last call: 16 ms
Aug 27 23:56:33 hearth quickshell[171837]:  DEBUG qt.scenegraph.time.renderloop: [window 0x7fced6264040][gui thread] Frame prepared, polish=0 ms, lock=0 ms, blockedForSync=0 ms, animations=0 ms
Aug 27 23:56:33 hearth quickshell[171837]:  DEBUG qt.scenegraph.time.renderer: time in renderer: total=0ms, preprocess=0, updates=0, rendering=0
Aug 27 23:56:33 hearth quickshell[171837]:  DEBUG qt.scenegraph.time.renderloop: [window 0x7fced6264040][render thread 0x7fced7807420] syncAndRender: frame rendered in 0ms, sync=0, render=0, swap=0
Aug 27 23:56:33 hearth quickshell[171837]:  DEBUG qt.scenegraph.time.renderloop: [window 0x7fced6264040][gui thread] polishAndSync: start, elapsed since last call: 16 ms
Aug 27 23:56:33 hearth quickshell[171837]:  DEBUG qt.scenegraph.time.renderloop: [window 0x7fced6264040][render thread 0x7fced7807420] syncAndRender: start, elapsed since last call: 16 ms
Aug 27 23:56:33 hearth quickshell[171837]:  DEBUG qt.scenegraph.time.renderloop: [window 0x7fced6264040][gui thread] Frame prepared, polish=0 ms, lock=0 ms, blockedForSync=0 ms, animations=0 ms
Aug 27 23:56:33 hearth quickshell[171837]:  DEBUG qt.scenegraph.time.renderer: time in renderer: total=0ms, preprocess=0, updates=0, rendering=0
Aug 27 23:56:33 hearth quickshell[171837]:  DEBUG qt.scenegraph.time.renderloop: [window 0x7fced6264040][render thread 0x7fced7807420] syncAndRender: frame rendered in 0ms, sync=0, render=0, swap=0
Aug 27 23:56:33 hearth quickshell[171837]:  DEBUG qt.scenegraph.time.renderloop: [window 0x7fced6264040][gui thread] polishAndSync: start, elapsed since last call: 16 ms
Aug 27 23:56:33 hearth quickshell[171837]:  DEBUG qt.scenegraph.time.renderloop: [window 0x7fced6264040][render thread 0x7fced7807420] syncAndRender: start, elapsed since last call: 16 ms
Aug 27 23:56:33 hearth quickshell[171837]:  DEBUG qt.scenegraph.time.renderloop: [window 0x7fced6264040][gui thread] Frame prepared, polish=0 ms, lock=0 ms, blockedForSync=0 ms, animations=0 ms
Aug 27 23:56:33 hearth quickshell[171837]:  DEBUG qt.scenegraph.time.renderer: time in renderer: total=0ms, preprocess=0, updates=0, rendering=0
Aug 27 23:56:33 hearth quickshell[171837]:  DEBUG qt.scenegraph.time.renderloop: [window 0x7fced6264040][render thread 0x7fced7807420] syncAndRender: frame rendered in 0ms, sync=0, render=0, swap=0
Aug 27 23:56:33 hearth quickshell[171837]:  DEBUG qt.scenegraph.time.renderloop: [window 0x7fced6264040][gui thread] polishAndSync: start, elapsed since last call: 16 ms
Aug 27 23:56:33 hearth quickshell[171837]:  DEBUG qt.scenegraph.time.renderloop: [window 0x7fced6264040][render thread 0x7fced7807420] syncAndRender: start, elapsed since last call: 16 ms
Aug 27 23:56:33 hearth quickshell[171837]:  DEBUG qt.scenegraph.time.renderloop: [window 0x7fced6264040][gui thread] Frame prepared, polish=0 ms, lock=0 ms, blockedForSync=0 ms, animations=0 ms
Aug 27 23:56:33 hearth quickshell[171837]:  DEBUG qt.scenegraph.time.renderer: time in renderer: total=0ms, preprocess=0, updates=0, rendering=0
Aug 27 23:56:33 hearth quickshell[171837]:  DEBUG qt.scenegraph.time.renderloop: [window 0x7fced6264040][render thread 0x7fced7807420] syncAndRender: frame rendered in 0ms, sync=0, render=0, swap=0
Aug 27 23:56:33 hearth quickshell[171837]:  DEBUG qt.scenegraph.time.renderloop: [window 0x7fced6264040][gui thread] polishAndSync: start, elapsed since last call: 16 ms
Aug 27 23:56:33 hearth quickshell[171837]:  DEBUG qt.scenegraph.time.renderloop: [window 0x7fced6264040][render thread 0x7fced7807420] syncAndRender: start, elapsed since last call: 16 ms
Aug 27 23:56:33 hearth quickshell[171837]:  DEBUG qt.scenegraph.time.renderloop: [window 0x7fced6264040][gui thread] Frame prepared, polish=0 ms, lock=0 ms, blockedForSync=0 ms, animations=0 ms
Aug 27 23:56:33 hearth quickshell[171837]:  DEBUG qt.scenegraph.time.renderer: time in renderer: total=0ms, preprocess=0, updates=0, rendering=0
Aug 27 23:56:33 hearth quickshell[171837]:  DEBUG qt.scenegraph.time.renderloop: [window 0x7fced6264040][render thread 0x7fced7807420] syncAndRender: frame rendered in 0ms, sync=0, render=0, swap=0
Aug 27 23:56:33 hearth quickshell[171837]:  DEBUG qt.scenegraph.time.renderloop: [window 0x7fced6264040][gui thread] polishAndSync: start, elapsed since last call: 16 ms
Aug 27 23:56:33 hearth quickshell[171837]:  DEBUG qt.scenegraph.time.renderloop: [window 0x7fced6264040][render thread 0x7fced7807420] syncAndRender: start, elapsed since last call: 16 ms
Aug 27 23:56:33 hearth quickshell[171837]:  DEBUG qt.scenegraph.time.renderloop: [window 0x7fced6264040][gui thread] Frame prepared, polish=0 ms, lock=0 ms, blockedForSync=0 ms, animations=0 ms
Aug 27 23:56:33 hearth quickshell[171837]:  DEBUG qt.scenegraph.time.renderer: time in renderer: total=0ms, preprocess=0, updates=0, rendering=0
Aug 27 23:56:33 hearth quickshell[171837]:  DEBUG qt.scenegraph.time.renderloop: [window 0x7fced6264040][render thread 0x7fced7807420] syncAndRender: frame rendered in 0ms, sync=0, render=0, swap=0
Aug 27 23:56:33 hearth quickshell[171837]:  DEBUG qt.scenegraph.time.renderloop: [window 0x7fced6264040][gui thread] polishAndSync: start, elapsed since last call: 16 ms
Aug 27 23:56:33 hearth quickshell[171837]:  DEBUG qt.scenegraph.time.renderloop: [window 0x7fced6264040][render thread 0x7fced7807420] syncAndRender: start, elapsed since last call: 16 ms
Aug 27 23:56:33 hearth quickshell[171837]:  DEBUG qt.scenegraph.time.renderloop: [window 0x7fced6264040][gui thread] Frame prepared, polish=0 ms, lock=0 ms, blockedForSync=0 ms, animations=0 ms
Aug 27 23:56:33 hearth quickshell[171837]:  DEBUG qt.scenegraph.time.renderer: time in renderer: total=0ms, preprocess=0, updates=0, rendering=0
Aug 27 23:56:33 hearth quickshell[171837]:  DEBUG qt.scenegraph.time.renderloop: [window 0x7fced6264040][render thread 0x7fced7807420] syncAndRender: frame rendered in 0ms, sync=0, render=0, swap=0
