Aug 28 18:45:14 hearth quickshell[181612]:  DEBUG qt.scenegraph.time.renderloop: [window 0x7fa09af9dc70][gui thread] polishAndSync: start, elapsed since last call: 15394 ms
Aug 28 18:45:14 hearth quickshell[181612]:  DEBUG qt.scenegraph.time.renderloop: [window 0x7fa09af9dc70][render thread 0x7fa09c607420] syncAndRender: start, elapsed since last call: 15394 ms
Aug 28 18:45:14 hearth quickshell[181612]:  DEBUG qt.scenegraph.time.renderloop: [window 0x7fa09af9dc70][gui thread] Frame prepared, polish=0 ms, lock=0 ms, blockedForSync=1 ms, animations=0 ms
Aug 28 18:45:14 hearth quickshell[181612]:  DEBUG qt.scenegraph.time.renderloop: [window 0x7fa09af9dc70][gui thread] polishAndSync: start, elapsed since last call: 1 ms
Aug 28 18:45:14 hearth quickshell[181612]:  DEBUG qt.scenegraph.time.renderer: time in renderer: total=0ms, preprocess=0, updates=0, rendering=0
Aug 28 18:45:14 hearth quickshell[181612]:  DEBUG qt.scenegraph.time.renderloop: [window 0x7fa09af9dc70][render thread 0x7fa09c607420] syncAndRender: frame rendered in 2ms, sync=1, render=0, swap=0
Aug 28 18:45:14 hearth quickshell[181612]:  DEBUG qt.scenegraph.time.renderloop: [window 0x7fa09af9dc70][render thread 0x7fa09c607420] syncAndRender: start, elapsed since last call: 2 ms
Aug 28 18:45:14 hearth quickshell[181612]:  DEBUG qt.scenegraph.time.renderloop: [window 0x7fa09af9dc70][gui thread] Frame prepared, polish=0 ms, lock=0 ms, blockedForSync=1 ms, animations=0 ms
Aug 28 18:45:14 hearth quickshell[181612]:  DEBUG qt.scenegraph.time.renderloop: [window 0x7fa09e00ec60][gui thread] polishAndSync: start, elapsed since last call: 18053 ms
Aug 28 18:45:14 hearth quickshell[181612]:  DEBUG qt.scenegraph.time.renderer: time in renderer: total=0ms, preprocess=0, updates=0, rendering=0
Aug 28 18:45:14 hearth quickshell[181612]:  DEBUG qt.scenegraph.time.renderloop: [window 0x7fa09e00ec60][render thread 0x7fa09c606e00] syncAndRender: start, elapsed since last call: 18053 ms
Aug 28 18:45:14 hearth quickshell[181612]:  DEBUG qt.scenegraph.time.renderer: time in renderer: total=0ms, preprocess=0, updates=0, rendering=0
Aug 28 18:45:14 hearth quickshell[181612]:  DEBUG qt.scenegraph.time.renderloop: [window 0x7fa09e00ec60][gui thread] Frame prepared, polish=0 ms, lock=0 ms, blockedForSync=0 ms, animations=0 ms
Aug 28 18:45:14 hearth quickshell[181612]:  DEBUG qt.scenegraph.time.renderloop: [window 0x7fa09b10f050][gui thread] polishAndSync: start, elapsed since last call: 18053 ms
Aug 28 18:45:14 hearth quickshell[181612]:  DEBUG qt.scenegraph.time.renderloop: [window 0x7fa09b10f050][render thread 0x7fa09c607960] syncAndRender: start, elapsed since last call: 18053 ms
Aug 28 18:45:14 hearth quickshell[181612]:  DEBUG qt.scenegraph.time.renderloop: [window 0x7fa09b10f050][gui thread] Frame prepared, polish=0 ms, lock=0 ms, blockedForSync=0 ms, animations=0 ms
Aug 28 18:45:14 hearth quickshell[181612]:  DEBUG qt.scenegraph.time.renderer: time in renderer: total=0ms, preprocess=0, updates=0, rendering=0
Aug 28 18:45:14 hearth quickshell[181612]:  DEBUG qt.scenegraph.time.renderloop: [window 0x7fa09e00ec60][render thread 0x7fa09c606e00] syncAndRender: frame rendered in 0ms, sync=0, render=0, swap=0
Aug 28 18:45:14 hearth quickshell[181612]:  DEBUG qt.scenegraph.time.renderloop: [window 0x7fa09b10f050][render thread 0x7fa09c607960] syncAndRender: frame rendered in 0ms, sync=0, render=0, swap=0
Aug 28 18:45:14 hearth quickshell[181612]:  DEBUG qt.scenegraph.time.renderloop: [window 0x7fa09af9dc70][render thread 0x7fa09c607420] syncAndRender: frame rendered in 2ms, sync=0, render=0, swap=1
Aug 28 18:45:14 hearth quickshell[181612]:  DEBUG qt.scenegraph.time.renderloop: [window 0x7fa09af9dc70][gui thread] polishAndSync: start, elapsed since last call: 20 ms
Aug 28 18:45:14 hearth quickshell[181612]:  DEBUG qt.scenegraph.time.renderloop: [window 0x7fa09af9dc70][render thread 0x7fa09c607420] syncAndRender: start, elapsed since last call: 19 ms
Aug 28 18:45:14 hearth quickshell[181612]:  DEBUG qt.scenegraph.time.renderloop: [window 0x7fa09af9dc70][gui thread] Frame prepared, polish=0 ms, lock=0 ms, blockedForSync=0 ms, animations=0 ms
Aug 28 18:45:14 hearth quickshell[181612]:  DEBUG qt.scenegraph.time.renderer: time in renderer: total=0ms, preprocess=0, updates=0, rendering=0
Aug 28 18:45:14 hearth quickshell[181612]:  DEBUG qt.scenegraph.time.renderloop: [window 0x7fa09af9dc70][render thread 0x7fa09c607420] syncAndRender: frame rendered in 1ms, sync=0, render=0, swap=0
Aug 28 18:45:14 hearth quickshell[181612]:  DEBUG qt.scenegraph.time.renderloop: [window 0x7fa09af9dc70][gui thread] polishAndSync: start, elapsed since last call: 16 ms
Aug 28 18:45:14 hearth quickshell[181612]:  DEBUG qt.scenegraph.time.renderloop: [window 0x7fa09af9dc70][render thread 0x7fa09c607420] syncAndRender: start, elapsed since last call: 16 ms
Aug 28 18:45:14 hearth quickshell[181612]:  DEBUG qt.scenegraph.time.renderloop: [window 0x7fa09af9dc70][gui thread] Frame prepared, polish=0 ms, lock=0 ms, blockedForSync=0 ms, animations=0 ms
Aug 28 18:45:14 hearth quickshell[181612]:  DEBUG qt.scenegraph.time.renderer: time in renderer: total=0ms, preprocess=0, updates=0, rendering=0
Aug 28 18:45:14 hearth quickshell[181612]:  DEBUG qt.scenegraph.time.renderloop: [window 0x7fa09af9dc70][render thread 0x7fa09c607420] syncAndRender: frame rendered in 0ms, sync=0, render=0, swap=0
Aug 28 18:45:14 hearth quickshell[181612]:  DEBUG qt.scenegraph.time.renderloop: [window 0x7fa09af9dc70][gui thread] polishAndSync: start, elapsed since last call: 16 ms
Aug 28 18:45:14 hearth quickshell[181612]:  DEBUG qt.scenegraph.time.renderloop: [window 0x7fa09af9dc70][render thread 0x7fa09c607420] syncAndRender: start, elapsed since last call: 16 ms
Aug 28 18:45:14 hearth quickshell[181612]:  DEBUG qt.scenegraph.time.renderloop: [window 0x7fa09af9dc70][gui thread] Frame prepared, polish=0 ms, lock=0 ms, blockedForSync=0 ms, animations=0 ms
Aug 28 18:45:14 hearth quickshell[181612]:  DEBUG qt.scenegraph.time.renderer: time in renderer: total=0ms, preprocess=0, updates=0, rendering=0
Aug 28 18:45:14 hearth quickshell[181612]:  DEBUG qt.scenegraph.time.renderloop: [window 0x7fa09af9dc70][render thread 0x7fa09c607420] syncAndRender: frame rendered in 0ms, sync=0, render=0, swap=0
Aug 28 18:45:14 hearth quickshell[181612]:  DEBUG qt.scenegraph.time.renderloop: [window 0x7fa09af9dc70][gui thread] polishAndSync: start, elapsed since last call: 16 ms
Aug 28 18:45:14 hearth quickshell[181612]:  DEBUG qt.scenegraph.time.renderloop: [window 0x7fa09af9dc70][render thread 0x7fa09c607420] syncAndRender: start, elapsed since last call: 16 ms
Aug 28 18:45:14 hearth quickshell[181612]:  DEBUG qt.scenegraph.time.renderloop: [window 0x7fa09af9dc70][gui thread] Frame prepared, polish=0 ms, lock=0 ms, blockedForSync=0 ms, animations=0 ms
Aug 28 18:45:14 hearth quickshell[181612]:  DEBUG qt.scenegraph.time.renderer: time in renderer: total=0ms, preprocess=0, updates=0, rendering=0
Aug 28 18:45:14 hearth quickshell[181612]:  DEBUG qt.scenegraph.time.renderloop: [window 0x7fa09af9dc70][render thread 0x7fa09c607420] syncAndRender: frame rendered in 0ms, sync=0, render=0, swap=0
Aug 28 18:45:14 hearth quickshell[181612]:  DEBUG qt.scenegraph.time.renderloop: [window 0x7fa09e00ec60][gui thread] polishAndSync: start, elapsed since last call: 78 ms
Aug 28 18:45:14 hearth quickshell[181612]:  DEBUG qt.scenegraph.time.renderloop: [window 0x7fa09e00ec60][render thread 0x7fa09c606e00] syncAndRender: start, elapsed since last call: 78 ms
Aug 28 18:45:14 hearth quickshell[181612]:  DEBUG qt.scenegraph.time.renderer: time in renderer: total=0ms, preprocess=0, updates=0, rendering=0
Aug 28 18:45:14 hearth quickshell[181612]:  DEBUG qt.scenegraph.time.renderloop: [window 0x7fa09e00ec60][gui thread] Frame prepared, polish=0 ms, lock=0 ms, blockedForSync=0 ms, animations=0 ms
Aug 28 18:45:14 hearth quickshell[181612]:  DEBUG qt.scenegraph.time.renderloop: [window 0x7fa09e00ec60][render thread 0x7fa09c606e00] syncAndRender: frame rendered in 0ms, sync=0, render=0, swap=0
Aug 28 18:45:14 hearth quickshell[181612]:  DEBUG qt.scenegraph.time.renderloop: [window 0x7fa09e00ec60][gui thread] polishAndSync: start, elapsed since last call: 6 ms
Aug 28 18:45:14 hearth quickshell[181612]:  DEBUG qt.scenegraph.time.renderloop: [window 0x7fa09e00ec60][render thread 0x7fa09c606e00] syncAndRender: start, elapsed since last call: 6 ms
Aug 28 18:45:14 hearth quickshell[181612]:  DEBUG qt.scenegraph.time.renderloop: [window 0x7fa09e00ec60][gui thread] Frame prepared, polish=0 ms, lock=0 ms, blockedForSync=0 ms, animations=0 ms
Aug 28 18:45:14 hearth quickshell[181612]:  DEBUG qt.scenegraph.time.renderer: time in renderer: total=0ms, preprocess=0, updates=0, rendering=0
Aug 28 18:45:14 hearth quickshell[181612]:  DEBUG qt.scenegraph.time.renderloop: [window 0x7fa09af9dc70][gui thread] polishAndSync: start, elapsed since last call: 16 ms
Aug 28 18:45:14 hearth quickshell[181612]:  DEBUG qt.scenegraph.time.renderloop: [window 0x7fa09af9dc70][render thread 0x7fa09c607420] syncAndRender: start, elapsed since last call: 16 ms
Aug 28 18:45:14 hearth quickshell[181612]:  DEBUG qt.scenegraph.time.renderloop: [window 0x7fa09e00ec60][render thread 0x7fa09c606e00] syncAndRender: frame rendered in 0ms, sync=0, render=0, swap=0
Aug 28 18:45:14 hearth quickshell[181612]:  DEBUG qt.scenegraph.time.renderloop: [window 0x7fa09af9dc70][gui thread] Frame prepared, polish=0 ms, lock=0 ms, blockedForSync=0 ms, animations=0 ms
Aug 28 18:45:14 hearth quickshell[181612]:  DEBUG qt.scenegraph.time.renderer: time in renderer: total=0ms, preprocess=0, updates=0, rendering=0
Aug 28 18:45:14 hearth quickshell[181612]:  DEBUG qt.scenegraph.time.renderloop: [window 0x7fa09af9dc70][render thread 0x7fa09c607420] syncAndRender: frame rendered in 1ms, sync=0, render=0, swap=0
Aug 28 18:45:14 hearth quickshell[181612]:  DEBUG qt.scenegraph.time.renderloop: [window 0x7fa09e00ec60][gui thread] polishAndSync: start, elapsed since last call: 16 ms
Aug 28 18:45:14 hearth quickshell[181612]:  DEBUG qt.scenegraph.time.renderloop: [window 0x7fa09e00ec60][render thread 0x7fa09c606e00] syncAndRender: start, elapsed since last call: 16 ms
Aug 28 18:45:14 hearth quickshell[181612]:  DEBUG qt.scenegraph.time.renderer: time in renderer: total=0ms, preprocess=0, updates=0, rendering=0
Aug 28 18:45:14 hearth quickshell[181612]:  DEBUG qt.scenegraph.time.renderloop: [window 0x7fa09e00ec60][gui thread] Frame prepared, polish=0 ms, lock=0 ms, blockedForSync=0 ms, animations=0 ms
Aug 28 18:45:14 hearth quickshell[181612]:  DEBUG qt.scenegraph.time.renderloop: [window 0x7fa09af9dc70][gui thread] polishAndSync: start, elapsed since last call: 16 ms
Aug 28 18:45:14 hearth quickshell[181612]:  DEBUG qt.scenegraph.time.renderloop: [window 0x7fa09e00ec60][render thread 0x7fa09c606e00] syncAndRender: frame rendered in 0ms, sync=0, render=0, swap=0
Aug 28 18:45:14 hearth quickshell[181612]:  DEBUG qt.scenegraph.time.renderloop: [window 0x7fa09af9dc70][render thread 0x7fa09c607420] syncAndRender: start, elapsed since last call: 16 ms
Aug 28 18:45:14 hearth quickshell[181612]:  DEBUG qt.scenegraph.time.renderloop: [window 0x7fa09af9dc70][gui thread] Frame prepared, polish=0 ms, lock=0 ms, blockedForSync=0 ms, animations=0 ms
Aug 28 18:45:14 hearth quickshell[181612]:  DEBUG qt.scenegraph.time.renderer: time in renderer: total=0ms, preprocess=0, updates=0, rendering=0
Aug 28 18:45:14 hearth quickshell[181612]:  DEBUG qt.scenegraph.time.renderloop: [window 0x7fa09af9dc70][render thread 0x7fa09c607420] syncAndRender: frame rendered in 0ms, sync=0, render=0, swap=0
Aug 28 18:45:14 hearth quickshell[181612]:  DEBUG qt.scenegraph.time.renderloop: [window 0x7fa09e00ec60][gui thread] polishAndSync: start, elapsed since last call: 16 ms
Aug 28 18:45:14 hearth quickshell[181612]:  DEBUG qt.scenegraph.time.renderloop: [window 0x7fa09e00ec60][render thread 0x7fa09c606e00] syncAndRender: start, elapsed since last call: 16 ms
Aug 28 18:45:14 hearth quickshell[181612]:  DEBUG qt.scenegraph.time.renderer: time in renderer: total=0ms, preprocess=0, updates=0, rendering=0
Aug 28 18:45:14 hearth quickshell[181612]:  DEBUG qt.scenegraph.time.renderloop: [window 0x7fa09e00ec60][gui thread] Frame prepared, polish=0 ms, lock=0 ms, blockedForSync=0 ms, animations=0 ms
Aug 28 18:45:14 hearth quickshell[181612]:  DEBUG qt.scenegraph.time.renderloop: [window 0x7fa09af9dc70][gui thread] polishAndSync: start, elapsed since last call: 16 ms
Aug 28 18:45:14 hearth quickshell[181612]:  DEBUG qt.scenegraph.time.renderloop: [window 0x7fa09e00ec60][render thread 0x7fa09c606e00] syncAndRender: frame rendered in 0ms, sync=0, render=0, swap=0
Aug 28 18:45:14 hearth quickshell[181612]:  DEBUG qt.scenegraph.time.renderloop: [window 0x7fa09af9dc70][render thread 0x7fa09c607420] syncAndRender: start, elapsed since last call: 16 ms
Aug 28 18:45:14 hearth quickshell[181612]:  DEBUG qt.scenegraph.time.renderloop: [window 0x7fa09af9dc70][gui thread] Frame prepared, polish=0 ms, lock=0 ms, blockedForSync=0 ms, animations=0 ms
Aug 28 18:45:14 hearth quickshell[181612]:  DEBUG qt.scenegraph.time.renderer: time in renderer: total=0ms, preprocess=0, updates=0, rendering=0
Aug 28 18:45:14 hearth quickshell[181612]:  DEBUG qt.scenegraph.time.renderloop: [window 0x7fa09af9dc70][render thread 0x7fa09c607420] syncAndRender: frame rendered in 0ms, sync=0, render=0, swap=0
Aug 28 18:45:14 hearth quickshell[181612]:  DEBUG qt.scenegraph.time.renderloop: [window 0x7fa09e00ec60][gui thread] polishAndSync: start, elapsed since last call: 16 ms
Aug 28 18:45:14 hearth quickshell[181612]:  DEBUG qt.scenegraph.time.renderloop: [window 0x7fa09e00ec60][render thread 0x7fa09c606e00] syncAndRender: start, elapsed since last call: 16 ms
Aug 28 18:45:14 hearth quickshell[181612]:  DEBUG qt.scenegraph.time.renderloop: [window 0x7fa09e00ec60][gui thread] Frame prepared, polish=0 ms, lock=0 ms, blockedForSync=0 ms, animations=0 ms
Aug 28 18:45:14 hearth quickshell[181612]:  DEBUG qt.scenegraph.time.renderer: time in renderer: total=0ms, preprocess=0, updates=0, rendering=0
Aug 28 18:45:14 hearth quickshell[181612]:  DEBUG qt.scenegraph.time.renderloop: [window 0x7fa09af9dc70][gui thread] polishAndSync: start, elapsed since last call: 16 ms
Aug 28 18:45:14 hearth quickshell[181612]:  DEBUG qt.scenegraph.time.renderloop: [window 0x7fa09af9dc70][render thread 0x7fa09c607420] syncAndRender: start, elapsed since last call: 16 ms
Aug 28 18:45:14 hearth quickshell[181612]:  DEBUG qt.scenegraph.time.renderloop: [window 0x7fa09e00ec60][render thread 0x7fa09c606e00] syncAndRender: frame rendered in 0ms, sync=0, render=0, swap=0
Aug 28 18:45:14 hearth quickshell[181612]:  DEBUG qt.scenegraph.time.renderloop: [window 0x7fa09af9dc70][gui thread] Frame prepared, polish=0 ms, lock=0 ms, blockedForSync=0 ms, animations=0 ms
Aug 28 18:45:14 hearth quickshell[181612]:  DEBUG qt.scenegraph.time.renderer: time in renderer: total=0ms, preprocess=0, updates=0, rendering=0
Aug 28 18:45:14 hearth quickshell[181612]:  DEBUG qt.scenegraph.time.renderloop: [window 0x7fa09af9dc70][render thread 0x7fa09c607420] syncAndRender: frame rendered in 0ms, sync=0, render=0, swap=0
Aug 28 18:45:14 hearth quickshell[181612]:  DEBUG qt.scenegraph.time.renderloop: [window 0x7fa09e00ec60][gui thread] polishAndSync: start, elapsed since last call: 16 ms
Aug 28 18:45:14 hearth quickshell[181612]:  DEBUG qt.scenegraph.time.renderloop: [window 0x7fa09e00ec60][render thread 0x7fa09c606e00] syncAndRender: start, elapsed since last call: 16 ms
Aug 28 18:45:14 hearth quickshell[181612]:  DEBUG qt.scenegraph.time.renderer: time in renderer: total=0ms, preprocess=0, updates=0, rendering=0
Aug 28 18:45:14 hearth quickshell[181612]:  DEBUG qt.scenegraph.time.renderloop: [window 0x7fa09e00ec60][gui thread] Frame prepared, polish=0 ms, lock=0 ms, blockedForSync=0 ms, animations=0 ms
Aug 28 18:45:14 hearth quickshell[181612]:  DEBUG qt.scenegraph.time.renderloop: [window 0x7fa09af9dc70][gui thread] polishAndSync: start, elapsed since last call: 16 ms
Aug 28 18:45:14 hearth quickshell[181612]:  DEBUG qt.scenegraph.time.renderloop: [window 0x7fa09af9dc70][render thread 0x7fa09c607420] syncAndRender: start, elapsed since last call: 16 ms
Aug 28 18:45:14 hearth quickshell[181612]:  DEBUG qt.scenegraph.time.renderloop: [window 0x7fa09e00ec60][render thread 0x7fa09c606e00] syncAndRender: frame rendered in 0ms, sync=0, render=0, swap=0
Aug 28 18:45:14 hearth quickshell[181612]:  DEBUG qt.scenegraph.time.renderloop: [window 0x7fa09af9dc70][gui thread] Frame prepared, polish=0 ms, lock=0 ms, blockedForSync=0 ms, animations=0 ms
Aug 28 18:45:14 hearth quickshell[181612]:  DEBUG qt.scenegraph.time.renderer: time in renderer: total=0ms, preprocess=0, updates=0, rendering=0
Aug 28 18:45:14 hearth quickshell[181612]:  DEBUG qt.scenegraph.time.renderloop: [window 0x7fa09af9dc70][render thread 0x7fa09c607420] syncAndRender: frame rendered in 0ms, sync=0, render=0, swap=0
Aug 28 18:45:14 hearth quickshell[181612]:  DEBUG qt.scenegraph.time.renderloop: [window 0x7fa09e00ec60][gui thread] polishAndSync: start, elapsed since last call: 16 ms
Aug 28 18:45:14 hearth quickshell[181612]:  DEBUG qt.scenegraph.time.renderloop: [window 0x7fa09e00ec60][render thread 0x7fa09c606e00] syncAndRender: start, elapsed since last call: 16 ms
Aug 28 18:45:14 hearth quickshell[181612]:  DEBUG qt.scenegraph.time.renderer: time in renderer: total=0ms, preprocess=0, updates=0, rendering=0
Aug 28 18:45:14 hearth quickshell[181612]:  DEBUG qt.scenegraph.time.renderloop: [window 0x7fa09e00ec60][gui thread] Frame prepared, polish=0 ms, lock=0 ms, blockedForSync=0 ms, animations=0 ms
Aug 28 18:45:14 hearth quickshell[181612]:  DEBUG qt.scenegraph.time.renderloop: [window 0x7fa09af9dc70][gui thread] polishAndSync: start, elapsed since last call: 16 ms
Aug 28 18:45:14 hearth quickshell[181612]:  DEBUG qt.scenegraph.time.renderloop: [window 0x7fa09e00ec60][render thread 0x7fa09c606e00] syncAndRender: frame rendered in 0ms, sync=0, render=0, swap=0
Aug 28 18:45:14 hearth quickshell[181612]:  DEBUG qt.scenegraph.time.renderloop: [window 0x7fa09af9dc70][render thread 0x7fa09c607420] syncAndRender: start, elapsed since last call: 17 ms
Aug 28 18:45:14 hearth quickshell[181612]:  DEBUG qt.scenegraph.time.renderloop: [window 0x7fa09af9dc70][gui thread] Frame prepared, polish=0 ms, lock=0 ms, blockedForSync=0 ms, animations=0 ms
Aug 28 18:45:14 hearth quickshell[181612]:  DEBUG qt.scenegraph.time.renderloop: [window 0x7fa09af9dc70][gui thread] polishAndSync: start, elapsed since last call: 0 ms
Aug 28 18:45:14 hearth quickshell[181612]:  DEBUG qt.scenegraph.time.renderer: time in renderer: total=0ms, preprocess=0, updates=0, rendering=0
Aug 28 18:45:14 hearth quickshell[181612]:  DEBUG qt.scenegraph.time.renderloop: [window 0x7fa09af9dc70][render thread 0x7fa09c607420] syncAndRender: frame rendered in 0ms, sync=0, render=0, swap=0
Aug 28 18:45:14 hearth quickshell[181612]:  DEBUG qt.scenegraph.time.renderloop: [window 0x7fa09af9dc70][render thread 0x7fa09c607420] syncAndRender: start, elapsed since last call: 0 ms
Aug 28 18:45:14 hearth quickshell[181612]:  DEBUG qt.scenegraph.time.renderloop: [window 0x7fa09af9dc70][gui thread] Frame prepared, polish=0 ms, lock=0 ms, blockedForSync=0 ms, animations=0 ms
Aug 28 18:45:14 hearth quickshell[181612]:  DEBUG qt.scenegraph.time.renderer: time in renderer: total=0ms, preprocess=0, updates=0, rendering=0
Aug 28 18:45:14 hearth quickshell[181612]:  DEBUG qt.scenegraph.time.renderloop: [window 0x7fa09e00ec60][gui thread] polishAndSync: start, elapsed since last call: 16 ms
Aug 28 18:45:14 hearth quickshell[181612]:  DEBUG qt.scenegraph.time.renderloop: [window 0x7fa09af9dc70][render thread 0x7fa09c607420] syncAndRender: frame rendered in 15ms, sync=0, render=0, swap=14
Aug 28 18:45:14 hearth quickshell[181612]:  DEBUG qt.scenegraph.time.renderloop: [window 0x7fa09e00ec60][render thread 0x7fa09c606e00] syncAndRender: start, elapsed since last call: 16 ms
Aug 28 18:45:14 hearth quickshell[181612]:  DEBUG qt.scenegraph.time.renderloop: [window 0x7fa09e00ec60][gui thread] Frame prepared, polish=0 ms, lock=0 ms, blockedForSync=0 ms, animations=0 ms
Aug 28 18:45:14 hearth quickshell[181612]:  DEBUG qt.scenegraph.time.renderer: time in renderer: total=0ms, preprocess=0, updates=0, rendering=0
Aug 28 18:45:14 hearth quickshell[181612]:  DEBUG qt.scenegraph.time.renderloop: [window 0x7fa09af9dc70][gui thread] polishAndSync: start, elapsed since last call: 15 ms
Aug 28 18:45:14 hearth quickshell[181612]:  DEBUG qt.scenegraph.time.renderloop: [window 0x7fa09af9dc70][render thread 0x7fa09c607420] syncAndRender: start, elapsed since last call: 15 ms
Aug 28 18:45:14 hearth quickshell[181612]:  DEBUG qt.scenegraph.time.renderloop: [window 0x7fa09e00ec60][render thread 0x7fa09c606e00] syncAndRender: frame rendered in 0ms, sync=0, render=0, swap=0
Aug 28 18:45:14 hearth quickshell[181612]:  DEBUG qt.scenegraph.time.renderloop: [window 0x7fa09af9dc70][gui thread] Frame prepared, polish=0 ms, lock=0 ms, blockedForSync=0 ms, animations=0 ms
Aug 28 18:45:14 hearth quickshell[181612]:  DEBUG qt.scenegraph.time.renderer: time in renderer: total=0ms, preprocess=0, updates=0, rendering=0
Aug 28 18:45:14 hearth quickshell[181612]:  DEBUG qt.scenegraph.time.renderloop: [window 0x7fa09e00ec60][gui thread] polishAndSync: start, elapsed since last call: 15 ms
Aug 28 18:45:14 hearth quickshell[181612]:  DEBUG qt.scenegraph.time.renderloop: [window 0x7fa09af9dc70][render thread 0x7fa09c607420] syncAndRender: frame rendered in 15ms, sync=0, render=0, swap=14
Aug 28 18:45:14 hearth quickshell[181612]:  DEBUG qt.scenegraph.time.renderloop: [window 0x7fa09e00ec60][render thread 0x7fa09c606e00] syncAndRender: start, elapsed since last call: 15 ms
Aug 28 18:45:14 hearth quickshell[181612]:  DEBUG qt.scenegraph.time.renderer: time in renderer: total=0ms, preprocess=0, updates=0, rendering=0
Aug 28 18:45:14 hearth quickshell[181612]:  DEBUG qt.scenegraph.time.renderloop: [window 0x7fa09e00ec60][gui thread] Frame prepared, polish=0 ms, lock=0 ms, blockedForSync=0 ms, animations=0 ms
Aug 28 18:45:14 hearth quickshell[181612]:  DEBUG qt.scenegraph.time.renderloop: [window 0x7fa09e00ec60][render thread 0x7fa09c606e00] syncAndRender: frame rendered in 0ms, sync=0, render=0, swap=0
Aug 28 18:45:14 hearth quickshell[181612]:  DEBUG qt.scenegraph.time.renderloop: [window 0x7fa09af9dc70][gui thread] polishAndSync: start, elapsed since last call: 15 ms
Aug 28 18:45:14 hearth quickshell[181612]:  DEBUG qt.scenegraph.time.renderloop: [window 0x7fa09af9dc70][render thread 0x7fa09c607420] syncAndRender: start, elapsed since last call: 15 ms
Aug 28 18:45:14 hearth quickshell[181612]:  DEBUG qt.scenegraph.time.renderloop: [window 0x7fa09af9dc70][gui thread] Frame prepared, polish=0 ms, lock=0 ms, blockedForSync=0 ms, animations=0 ms
Aug 28 18:45:14 hearth quickshell[181612]:  DEBUG qt.scenegraph.time.renderer: time in renderer: total=0ms, preprocess=0, updates=0, rendering=0
Aug 28 18:45:14 hearth quickshell[181612]:  DEBUG qt.scenegraph.time.renderloop: [window 0x7fa09af9dc70][render thread 0x7fa09c607420] syncAndRender: frame rendered in 0ms, sync=0, render=0, swap=0
Aug 28 18:45:14 hearth quickshell[181612]:  DEBUG qt.scenegraph.time.renderloop: [window 0x7fa09e00ec60][gui thread] polishAndSync: start, elapsed since last call: 17 ms
Aug 28 18:45:14 hearth quickshell[181612]:  DEBUG qt.scenegraph.time.renderloop: [window 0x7fa09e00ec60][render thread 0x7fa09c606e00] syncAndRender: start, elapsed since last call: 17 ms
Aug 28 18:45:14 hearth quickshell[181612]:  DEBUG qt.scenegraph.time.renderloop: [window 0x7fa09e00ec60][gui thread] Frame prepared, polish=0 ms, lock=0 ms, blockedForSync=0 ms, animations=0 ms
Aug 28 18:45:14 hearth quickshell[181612]:  DEBUG qt.scenegraph.time.renderloop: [window 0x7fa09af9dc70][gui thread] polishAndSync: start, elapsed since last call: 17 ms
Aug 28 18:45:14 hearth quickshell[181612]:  DEBUG qt.scenegraph.time.renderer: time in renderer: total=0ms, preprocess=0, updates=0, rendering=0
Aug 28 18:45:14 hearth quickshell[181612]:  DEBUG qt.scenegraph.time.renderloop: [window 0x7fa09af9dc70][render thread 0x7fa09c607420] syncAndRender: start, elapsed since last call: 17 ms
Aug 28 18:45:14 hearth quickshell[181612]:  DEBUG qt.scenegraph.time.renderloop: [window 0x7fa09e00ec60][render thread 0x7fa09c606e00] syncAndRender: frame rendered in 0ms, sync=0, render=0, swap=0
Aug 28 18:45:14 hearth quickshell[181612]:  DEBUG qt.scenegraph.time.renderloop: [window 0x7fa09af9dc70][gui thread] Frame prepared, polish=0 ms, lock=0 ms, blockedForSync=0 ms, animations=0 ms
Aug 28 18:45:14 hearth quickshell[181612]:  DEBUG qt.scenegraph.time.renderer: time in renderer: total=0ms, preprocess=0, updates=0, rendering=0
Aug 28 18:45:14 hearth quickshell[181612]:  DEBUG qt.scenegraph.time.renderloop: [window 0x7fa09af9dc70][render thread 0x7fa09c607420] syncAndRender: frame rendered in 0ms, sync=0, render=0, swap=0
Aug 28 18:45:14 hearth quickshell[181612]:  DEBUG qt.scenegraph.time.renderloop: [window 0x7fa09e00ec60][gui thread] polishAndSync: start, elapsed since last call: 16 ms
Aug 28 18:45:14 hearth quickshell[181612]:  DEBUG qt.scenegraph.time.renderloop: [window 0x7fa09e00ec60][render thread 0x7fa09c606e00] syncAndRender: start, elapsed since last call: 16 ms
Aug 28 18:45:14 hearth quickshell[181612]:  DEBUG qt.scenegraph.time.renderer: time in renderer: total=0ms, preprocess=0, updates=0, rendering=0
Aug 28 18:45:14 hearth quickshell[181612]:  DEBUG qt.scenegraph.time.renderloop: [window 0x7fa09e00ec60][gui thread] Frame prepared, polish=0 ms, lock=0 ms, blockedForSync=0 ms, animations=0 ms
Aug 28 18:45:14 hearth quickshell[181612]:  DEBUG qt.scenegraph.time.renderloop: [window 0x7fa09af9dc70][gui thread] polishAndSync: start, elapsed since last call: 16 ms
Aug 28 18:45:14 hearth quickshell[181612]:  DEBUG qt.scenegraph.time.renderloop: [window 0x7fa09af9dc70][render thread 0x7fa09c607420] syncAndRender: start, elapsed since last call: 16 ms
Aug 28 18:45:14 hearth quickshell[181612]:  DEBUG qt.scenegraph.time.renderloop: [window 0x7fa09e00ec60][render thread 0x7fa09c606e00] syncAndRender: frame rendered in 0ms, sync=0, render=0, swap=0
Aug 28 18:45:14 hearth quickshell[181612]:  DEBUG qt.scenegraph.time.renderloop: [window 0x7fa09af9dc70][gui thread] Frame prepared, polish=0 ms, lock=0 ms, blockedForSync=0 ms, animations=0 ms
Aug 28 18:45:14 hearth quickshell[181612]:  DEBUG qt.scenegraph.time.renderer: time in renderer: total=0ms, preprocess=0, updates=0, rendering=0
Aug 28 18:45:14 hearth quickshell[181612]:  DEBUG qt.scenegraph.time.renderloop: [window 0x7fa09af9dc70][render thread 0x7fa09c607420] syncAndRender: frame rendered in 0ms, sync=0, render=0, swap=0
Aug 28 18:45:14 hearth quickshell[181612]:  DEBUG qt.scenegraph.time.renderloop: [window 0x7fa09e00ec60][gui thread] polishAndSync: start, elapsed since last call: 16 ms
Aug 28 18:45:14 hearth quickshell[181612]:  DEBUG qt.scenegraph.time.renderloop: [window 0x7fa09e00ec60][render thread 0x7fa09c606e00] syncAndRender: start, elapsed since last call: 16 ms
Aug 28 18:45:14 hearth quickshell[181612]:  DEBUG qt.scenegraph.time.renderloop: [window 0x7fa09e00ec60][gui thread] Frame prepared, polish=0 ms, lock=0 ms, blockedForSync=0 ms, animations=0 ms
Aug 28 18:45:14 hearth quickshell[181612]:  DEBUG qt.scenegraph.time.renderer: time in renderer: total=0ms, preprocess=0, updates=0, rendering=0
Aug 28 18:45:14 hearth quickshell[181612]:  DEBUG qt.scenegraph.time.renderloop: [window 0x7fa09af9dc70][gui thread] polishAndSync: start, elapsed since last call: 16 ms
Aug 28 18:45:14 hearth quickshell[181612]:  DEBUG qt.scenegraph.time.renderloop: [window 0x7fa09af9dc70][render thread 0x7fa09c607420] syncAndRender: start, elapsed since last call: 16 ms
Aug 28 18:45:14 hearth quickshell[181612]:  DEBUG qt.scenegraph.time.renderloop: [window 0x7fa09e00ec60][render thread 0x7fa09c606e00] syncAndRender: frame rendered in 0ms, sync=0, render=0, swap=0
Aug 28 18:45:14 hearth quickshell[181612]:  DEBUG qt.scenegraph.time.renderloop: [window 0x7fa09af9dc70][gui thread] Frame prepared, polish=0 ms, lock=0 ms, blockedForSync=0 ms, animations=0 ms
Aug 28 18:45:14 hearth quickshell[181612]:  DEBUG qt.scenegraph.time.renderer: time in renderer: total=0ms, preprocess=0, updates=0, rendering=0
Aug 28 18:45:14 hearth quickshell[181612]:  DEBUG qt.scenegraph.time.renderloop: [window 0x7fa09af9dc70][render thread 0x7fa09c607420] syncAndRender: frame rendered in 0ms, sync=0, render=0, swap=0
Aug 28 18:45:14 hearth quickshell[181612]:  DEBUG qt.scenegraph.time.renderloop: [window 0x7fa09e00ec60][gui thread] polishAndSync: start, elapsed since last call: 16 ms
Aug 28 18:45:14 hearth quickshell[181612]:  DEBUG qt.scenegraph.time.renderloop: [window 0x7fa09e00ec60][render thread 0x7fa09c606e00] syncAndRender: start, elapsed since last call: 16 ms
Aug 28 18:45:14 hearth quickshell[181612]:  DEBUG qt.scenegraph.time.renderer: time in renderer: total=0ms, preprocess=0, updates=0, rendering=0
Aug 28 18:45:14 hearth quickshell[181612]:  DEBUG qt.scenegraph.time.renderloop: [window 0x7fa09e00ec60][gui thread] Frame prepared, polish=0 ms, lock=0 ms, blockedForSync=0 ms, animations=0 ms
Aug 28 18:45:14 hearth quickshell[181612]:  DEBUG qt.scenegraph.time.renderloop: [window 0x7fa09af9dc70][gui thread] polishAndSync: start, elapsed since last call: 16 ms
Aug 28 18:45:14 hearth quickshell[181612]:  DEBUG qt.scenegraph.time.renderloop: [window 0x7fa09af9dc70][render thread 0x7fa09c607420] syncAndRender: start, elapsed since last call: 16 ms
Aug 28 18:45:14 hearth quickshell[181612]:  DEBUG qt.scenegraph.time.renderloop: [window 0x7fa09e00ec60][render thread 0x7fa09c606e00] syncAndRender: frame rendered in 0ms, sync=0, render=0, swap=0
Aug 28 18:45:14 hearth quickshell[181612]:  DEBUG qt.scenegraph.time.renderloop: [window 0x7fa09af9dc70][gui thread] Frame prepared, polish=0 ms, lock=0 ms, blockedForSync=0 ms, animations=0 ms
Aug 28 18:45:14 hearth quickshell[181612]:  DEBUG qt.scenegraph.time.renderer: time in renderer: total=0ms, preprocess=0, updates=0, rendering=0
Aug 28 18:45:14 hearth quickshell[181612]:  DEBUG qt.scenegraph.time.renderloop: [window 0x7fa09af9dc70][render thread 0x7fa09c607420] syncAndRender: frame rendered in 0ms, sync=0, render=0, swap=0
Aug 28 18:45:14 hearth quickshell[181612]:  DEBUG qt.scenegraph.time.renderloop: [window 0x7fa09e00ec60][gui thread] polishAndSync: start, elapsed since last call: 16 ms
Aug 28 18:45:14 hearth quickshell[181612]:  DEBUG qt.scenegraph.time.renderloop: [window 0x7fa09e00ec60][render thread 0x7fa09c606e00] syncAndRender: start, elapsed since last call: 16 ms
Aug 28 18:45:14 hearth quickshell[181612]:  DEBUG qt.scenegraph.time.renderloop: [window 0x7fa09e00ec60][gui thread] Frame prepared, polish=0 ms, lock=0 ms, blockedForSync=0 ms, animations=0 ms
Aug 28 18:45:14 hearth quickshell[181612]:  DEBUG qt.scenegraph.time.renderer: time in renderer: total=0ms, preprocess=0, updates=0, rendering=0
Aug 28 18:45:14 hearth quickshell[181612]:  DEBUG qt.scenegraph.time.renderloop: [window 0x7fa09af9dc70][gui thread] polishAndSync: start, elapsed since last call: 16 ms
Aug 28 18:45:14 hearth quickshell[181612]:  DEBUG qt.scenegraph.time.renderloop: [window 0x7fa09af9dc70][render thread 0x7fa09c607420] syncAndRender: start, elapsed since last call: 16 ms
Aug 28 18:45:14 hearth quickshell[181612]:  DEBUG qt.scenegraph.time.renderloop: [window 0x7fa09e00ec60][render thread 0x7fa09c606e00] syncAndRender: frame rendered in 0ms, sync=0, render=0, swap=0
Aug 28 18:45:14 hearth quickshell[181612]:  DEBUG qt.scenegraph.time.renderloop: [window 0x7fa09af9dc70][gui thread] Frame prepared, polish=0 ms, lock=0 ms, blockedForSync=0 ms, animations=0 ms
Aug 28 18:45:14 hearth quickshell[181612]:  DEBUG qt.scenegraph.time.renderer: time in renderer: total=0ms, preprocess=0, updates=0, rendering=0
Aug 28 18:45:14 hearth quickshell[181612]:  DEBUG qt.scenegraph.time.renderloop: [window 0x7fa09af9dc70][render thread 0x7fa09c607420] syncAndRender: frame rendered in 0ms, sync=0, render=0, swap=0
Aug 28 18:45:14 hearth quickshell[181612]:  DEBUG qt.scenegraph.time.renderloop: [window 0x7fa09e00ec60][gui thread] polishAndSync: start, elapsed since last call: 16 ms
Aug 28 18:45:14 hearth quickshell[181612]:  DEBUG qt.scenegraph.time.renderloop: [window 0x7fa09e00ec60][render thread 0x7fa09c606e00] syncAndRender: start, elapsed since last call: 16 ms
Aug 28 18:45:14 hearth quickshell[181612]:  DEBUG qt.scenegraph.time.renderer: time in renderer: total=0ms, preprocess=0, updates=0, rendering=0
Aug 28 18:45:14 hearth quickshell[181612]:  DEBUG qt.scenegraph.time.renderloop: [window 0x7fa09e00ec60][gui thread] Frame prepared, polish=0 ms, lock=0 ms, blockedForSync=0 ms, animations=0 ms
Aug 28 18:45:14 hearth quickshell[181612]:  DEBUG qt.scenegraph.time.renderloop: [window 0x7fa09af9dc70][gui thread] polishAndSync: start, elapsed since last call: 16 ms
Aug 28 18:45:14 hearth quickshell[181612]:  DEBUG qt.scenegraph.time.renderloop: [window 0x7fa09e00ec60][render thread 0x7fa09c606e00] syncAndRender: frame rendered in 0ms, sync=0, render=0, swap=0
Aug 28 18:45:14 hearth quickshell[181612]:  DEBUG qt.scenegraph.time.renderloop: [window 0x7fa09af9dc70][render thread 0x7fa09c607420] syncAndRender: start, elapsed since last call: 16 ms
Aug 28 18:45:14 hearth quickshell[181612]:  DEBUG qt.scenegraph.time.renderloop: [window 0x7fa09af9dc70][gui thread] Frame prepared, polish=0 ms, lock=0 ms, blockedForSync=0 ms, animations=0 ms
Aug 28 18:45:14 hearth quickshell[181612]:  DEBUG qt.scenegraph.time.renderer: time in renderer: total=0ms, preprocess=0, updates=0, rendering=0
Aug 28 18:45:14 hearth quickshell[181612]:  DEBUG qt.scenegraph.time.renderloop: [window 0x7fa09af9dc70][render thread 0x7fa09c607420] syncAndRender: frame rendered in 0ms, sync=0, render=0, swap=0
Aug 28 18:45:14 hearth quickshell[181612]:  DEBUG qt.scenegraph.time.renderloop: [window 0x7fa09e00ec60][gui thread] polishAndSync: start, elapsed since last call: 16 ms
Aug 28 18:45:14 hearth quickshell[181612]:  DEBUG qt.scenegraph.time.renderloop: [window 0x7fa09e00ec60][render thread 0x7fa09c606e00] syncAndRender: start, elapsed since last call: 16 ms
Aug 28 18:45:14 hearth quickshell[181612]:  DEBUG qt.scenegraph.time.renderer: time in renderer: total=0ms, preprocess=0, updates=0, rendering=0
Aug 28 18:45:14 hearth quickshell[181612]:  DEBUG qt.scenegraph.time.renderloop: [window 0x7fa09e00ec60][gui thread] Frame prepared, polish=0 ms, lock=0 ms, blockedForSync=0 ms, animations=0 ms
Aug 28 18:45:14 hearth quickshell[181612]:  DEBUG qt.scenegraph.time.renderloop: [window 0x7fa09af9dc70][gui thread] polishAndSync: start, elapsed since last call: 16 ms
Aug 28 18:45:14 hearth quickshell[181612]:  DEBUG qt.scenegraph.time.renderloop: [window 0x7fa09af9dc70][render thread 0x7fa09c607420] syncAndRender: start, elapsed since last call: 16 ms
Aug 28 18:45:14 hearth quickshell[181612]:  DEBUG qt.scenegraph.time.renderloop: [window 0x7fa09e00ec60][render thread 0x7fa09c606e00] syncAndRender: frame rendered in 0ms, sync=0, render=0, swap=0
Aug 28 18:45:14 hearth quickshell[181612]:  DEBUG qt.scenegraph.time.renderloop: [window 0x7fa09af9dc70][gui thread] Frame prepared, polish=0 ms, lock=0 ms, blockedForSync=0 ms, animations=0 ms
Aug 28 18:45:14 hearth quickshell[181612]:  DEBUG qt.scenegraph.time.renderloop: [window 0x7fa09af9dc70][gui thread] polishAndSync: start, elapsed since last call: 0 ms
Aug 28 18:45:14 hearth quickshell[181612]:  DEBUG qt.scenegraph.time.renderer: time in renderer: total=0ms, preprocess=0, updates=0, rendering=0
Aug 28 18:45:14 hearth quickshell[181612]:  DEBUG qt.scenegraph.time.renderloop: [window 0x7fa09af9dc70][render thread 0x7fa09c607420] syncAndRender: frame rendered in 0ms, sync=0, render=0, swap=0
Aug 28 18:45:14 hearth quickshell[181612]:  DEBUG qt.scenegraph.time.renderloop: [window 0x7fa09af9dc70][render thread 0x7fa09c607420] syncAndRender: start, elapsed since last call: 0 ms
Aug 28 18:45:14 hearth quickshell[181612]:  DEBUG qt.scenegraph.time.renderloop: [window 0x7fa09af9dc70][gui thread] Frame prepared, polish=0 ms, lock=0 ms, blockedForSync=0 ms, animations=0 ms
Aug 28 18:45:14 hearth quickshell[181612]:  DEBUG qt.scenegraph.time.renderer: time in renderer: total=0ms, preprocess=0, updates=0, rendering=0
Aug 28 18:45:14 hearth quickshell[181612]:  DEBUG qt.scenegraph.time.renderloop: [window 0x7fa09e00ec60][gui thread] polishAndSync: start, elapsed since last call: 16 ms
Aug 28 18:45:14 hearth quickshell[181612]:  DEBUG qt.scenegraph.time.renderloop: [window 0x7fa09af9dc70][render thread 0x7fa09c607420] syncAndRender: frame rendered in 15ms, sync=0, render=0, swap=15
Aug 28 18:45:14 hearth quickshell[181612]:  DEBUG qt.scenegraph.time.renderloop: [window 0x7fa09e00ec60][render thread 0x7fa09c606e00] syncAndRender: start, elapsed since last call: 16 ms
Aug 28 18:45:14 hearth quickshell[181612]:  DEBUG qt.scenegraph.time.renderloop: [window 0x7fa09e00ec60][gui thread] Frame prepared, polish=0 ms, lock=0 ms, blockedForSync=0 ms, animations=0 ms
Aug 28 18:45:14 hearth quickshell[181612]:  DEBUG qt.scenegraph.time.renderloop: [window 0x7fa09af9dc70][gui thread] polishAndSync: start, elapsed since last call: 16 ms
Aug 28 18:45:14 hearth quickshell[181612]:  DEBUG qt.scenegraph.time.renderer: time in renderer: total=0ms, preprocess=0, updates=0, rendering=0
Aug 28 18:45:14 hearth quickshell[181612]:  DEBUG qt.scenegraph.time.renderloop: [window 0x7fa09af9dc70][render thread 0x7fa09c607420] syncAndRender: start, elapsed since last call: 15 ms
Aug 28 18:45:14 hearth quickshell[181612]:  DEBUG qt.scenegraph.time.renderloop: [window 0x7fa09af9dc70][gui thread] Frame prepared, polish=0 ms, lock=0 ms, blockedForSync=0 ms, animations=0 ms
Aug 28 18:45:14 hearth quickshell[181612]:  DEBUG qt.scenegraph.time.renderer: time in renderer: total=0ms, preprocess=0, updates=0, rendering=0
Aug 28 18:45:14 hearth quickshell[181612]:  DEBUG qt.scenegraph.time.renderloop: [window 0x7fa09e00ec60][render thread 0x7fa09c606e00] syncAndRender: frame rendered in 0ms, sync=0, render=0, swap=0
Aug 28 18:45:14 hearth quickshell[181612]:  DEBUG qt.scenegraph.time.renderloop: [window 0x7fa09e00ec60][gui thread] polishAndSync: start, elapsed since last call: 16 ms
Aug 28 18:45:14 hearth quickshell[181612]:  DEBUG qt.scenegraph.time.renderloop: [window 0x7fa09af9dc70][render thread 0x7fa09c607420] syncAndRender: frame rendered in 16ms, sync=0, render=0, swap=16
Aug 28 18:45:14 hearth quickshell[181612]:  DEBUG qt.scenegraph.time.renderloop: [window 0x7fa09e00ec60][render thread 0x7fa09c606e00] syncAndRender: start, elapsed since last call: 16 ms
Aug 28 18:45:14 hearth quickshell[181612]:  DEBUG qt.scenegraph.time.renderer: time in renderer: total=0ms, preprocess=0, updates=0, rendering=0
Aug 28 18:45:14 hearth quickshell[181612]:  DEBUG qt.scenegraph.time.renderloop: [window 0x7fa09e00ec60][gui thread] Frame prepared, polish=0 ms, lock=0 ms, blockedForSync=0 ms, animations=0 ms
Aug 28 18:45:14 hearth quickshell[181612]:  DEBUG qt.scenegraph.time.renderloop: [window 0x7fa09af9dc70][gui thread] polishAndSync: start, elapsed since last call: 17 ms
Aug 28 18:45:14 hearth quickshell[181612]:  DEBUG qt.scenegraph.time.renderloop: [window 0x7fa09e00ec60][render thread 0x7fa09c606e00] syncAndRender: frame rendered in 0ms, sync=0, render=0, swap=0
Aug 28 18:45:14 hearth quickshell[181612]:  DEBUG qt.scenegraph.time.renderloop: [window 0x7fa09af9dc70][render thread 0x7fa09c607420] syncAndRender: start, elapsed since last call: 17 ms
Aug 28 18:45:14 hearth quickshell[181612]:  DEBUG qt.scenegraph.time.renderloop: [window 0x7fa09af9dc70][gui thread] Frame prepared, polish=0 ms, lock=0 ms, blockedForSync=0 ms, animations=0 ms
Aug 28 18:45:14 hearth quickshell[181612]:  DEBUG qt.scenegraph.time.renderer: time in renderer: total=0ms, preprocess=0, updates=0, rendering=0
Aug 28 18:45:14 hearth quickshell[181612]:  DEBUG qt.scenegraph.time.renderloop: [window 0x7fa09e00ec60][gui thread] polishAndSync: start, elapsed since last call: 16 ms
Aug 28 18:45:14 hearth quickshell[181612]:  DEBUG qt.scenegraph.time.renderloop: [window 0x7fa09af9dc70][render thread 0x7fa09c607420] syncAndRender: frame rendered in 15ms, sync=0, render=0, swap=15
Aug 28 18:45:14 hearth quickshell[181612]:  DEBUG qt.scenegraph.time.renderloop: [window 0x7fa09e00ec60][render thread 0x7fa09c606e00] syncAndRender: start, elapsed since last call: 16 ms
Aug 28 18:45:14 hearth quickshell[181612]:  DEBUG qt.scenegraph.time.renderloop: [window 0x7fa09e00ec60][gui thread] Frame prepared, polish=0 ms, lock=0 ms, blockedForSync=0 ms, animations=0 ms
Aug 28 18:45:14 hearth quickshell[181612]:  DEBUG qt.scenegraph.time.renderloop: [window 0x7fa09af9dc70][gui thread] polishAndSync: start, elapsed since last call: 16 ms
Aug 28 18:45:14 hearth quickshell[181612]:  DEBUG qt.scenegraph.time.renderloop: [window 0x7fa09af9dc70][render thread 0x7fa09c607420] syncAndRender: start, elapsed since last call: 15 ms
Aug 28 18:45:14 hearth quickshell[181612]:  DEBUG qt.scenegraph.time.renderer: time in renderer: total=0ms, preprocess=0, updates=0, rendering=0
Aug 28 18:45:14 hearth quickshell[181612]:  DEBUG qt.scenegraph.time.renderloop: [window 0x7fa09af9dc70][gui thread] Frame prepared, polish=0 ms, lock=0 ms, blockedForSync=0 ms, animations=0 ms
Aug 28 18:45:14 hearth quickshell[181612]:  DEBUG qt.scenegraph.time.renderloop: [window 0x7fa09e00ec60][render thread 0x7fa09c606e00] syncAndRender: frame rendered in 0ms, sync=0, render=0, swap=0
Aug 28 18:45:14 hearth quickshell[181612]:  DEBUG qt.scenegraph.time.renderer: time in renderer: total=0ms, preprocess=0, updates=0, rendering=0
Aug 28 18:45:14 hearth quickshell[181612]:  DEBUG qt.scenegraph.time.renderloop: [window 0x7fa09e00ec60][gui thread] polishAndSync: start, elapsed since last call: 16 ms
Aug 28 18:45:14 hearth quickshell[181612]:  DEBUG qt.scenegraph.time.renderloop: [window 0x7fa09af9dc70][render thread 0x7fa09c607420] syncAndRender: frame rendered in 16ms, sync=0, render=0, swap=16
Aug 28 18:45:14 hearth quickshell[181612]:  DEBUG qt.scenegraph.time.renderloop: [window 0x7fa09e00ec60][render thread 0x7fa09c606e00] syncAndRender: start, elapsed since last call: 16 ms
Aug 28 18:45:14 hearth quickshell[181612]:  DEBUG qt.scenegraph.time.renderer: time in renderer: total=0ms, preprocess=0, updates=0, rendering=0
Aug 28 18:45:14 hearth quickshell[181612]:  DEBUG qt.scenegraph.time.renderloop: [window 0x7fa09e00ec60][gui thread] Frame prepared, polish=0 ms, lock=0 ms, blockedForSync=0 ms, animations=0 ms
Aug 28 18:45:14 hearth quickshell[181612]:  DEBUG qt.scenegraph.time.renderloop: [window 0x7fa09af9dc70][gui thread] polishAndSync: start, elapsed since last call: 16 ms
Aug 28 18:45:14 hearth quickshell[181612]:  DEBUG qt.scenegraph.time.renderloop: [window 0x7fa09af9dc70][render thread 0x7fa09c607420] syncAndRender: start, elapsed since last call: 16 ms
Aug 28 18:45:14 hearth quickshell[181612]:  DEBUG qt.scenegraph.time.renderloop: [window 0x7fa09e00ec60][render thread 0x7fa09c606e00] syncAndRender: frame rendered in 0ms, sync=0, render=0, swap=0
Aug 28 18:45:14 hearth quickshell[181612]:  DEBUG qt.scenegraph.time.renderloop: [window 0x7fa09af9dc70][gui thread] Frame prepared, polish=0 ms, lock=0 ms, blockedForSync=0 ms, animations=0 ms
Aug 28 18:45:14 hearth quickshell[181612]:  DEBUG qt.scenegraph.time.renderer: time in renderer: total=0ms, preprocess=0, updates=0, rendering=0
Aug 28 18:45:14 hearth quickshell[181612]:  DEBUG qt.scenegraph.time.renderloop: [window 0x7fa09e00ec60][gui thread] polishAndSync: start, elapsed since last call: 16 ms
Aug 28 18:45:14 hearth quickshell[181612]:  DEBUG qt.scenegraph.time.renderloop: [window 0x7fa09af9dc70][render thread 0x7fa09c607420] syncAndRender: frame rendered in 16ms, sync=0, render=0, swap=15
Aug 28 18:45:14 hearth quickshell[181612]:  DEBUG qt.scenegraph.time.renderloop: [window 0x7fa09e00ec60][render thread 0x7fa09c606e00] syncAndRender: start, elapsed since last call: 16 ms
Aug 28 18:45:14 hearth quickshell[181612]:  DEBUG qt.scenegraph.time.renderer: time in renderer: total=0ms, preprocess=0, updates=0, rendering=0
Aug 28 18:45:14 hearth quickshell[181612]:  DEBUG qt.scenegraph.time.renderloop: [window 0x7fa09e00ec60][gui thread] Frame prepared, polish=0 ms, lock=0 ms, blockedForSync=0 ms, animations=0 ms
Aug 28 18:45:14 hearth quickshell[181612]:  DEBUG qt.scenegraph.time.renderloop: [window 0x7fa09af9dc70][gui thread] polishAndSync: start, elapsed since last call: 16 ms
Aug 28 18:45:14 hearth quickshell[181612]:  DEBUG qt.scenegraph.time.renderloop: [window 0x7fa09af9dc70][render thread 0x7fa09c607420] syncAndRender: start, elapsed since last call: 16 ms
Aug 28 18:45:14 hearth quickshell[181612]:  DEBUG qt.scenegraph.time.renderloop: [window 0x7fa09e00ec60][render thread 0x7fa09c606e00] syncAndRender: frame rendered in 0ms, sync=0, render=0, swap=0
Aug 28 18:45:14 hearth quickshell[181612]:  DEBUG qt.scenegraph.time.renderloop: [window 0x7fa09af9dc70][gui thread] Frame prepared, polish=0 ms, lock=0 ms, blockedForSync=0 ms, animations=0 ms
Aug 28 18:45:14 hearth quickshell[181612]:  DEBUG qt.scenegraph.time.renderer: time in renderer: total=0ms, preprocess=0, updates=0, rendering=0
Aug 28 18:45:14 hearth quickshell[181612]:  DEBUG qt.scenegraph.time.renderloop: [window 0x7fa09e00ec60][gui thread] polishAndSync: start, elapsed since last call: 16 ms
Aug 28 18:45:14 hearth quickshell[181612]:  DEBUG qt.scenegraph.time.renderloop: [window 0x7fa09af9dc70][render thread 0x7fa09c607420] syncAndRender: frame rendered in 16ms, sync=0, render=0, swap=15
Aug 28 18:45:14 hearth quickshell[181612]:  DEBUG qt.scenegraph.time.renderloop: [window 0x7fa09e00ec60][render thread 0x7fa09c606e00] syncAndRender: start, elapsed since last call: 16 ms
Aug 28 18:45:14 hearth quickshell[181612]:  DEBUG qt.scenegraph.time.renderer: time in renderer: total=0ms, preprocess=0, updates=0, rendering=0
Aug 28 18:45:14 hearth quickshell[181612]:  DEBUG qt.scenegraph.time.renderloop: [window 0x7fa09e00ec60][gui thread] Frame prepared, polish=0 ms, lock=0 ms, blockedForSync=0 ms, animations=0 ms
Aug 28 18:45:14 hearth quickshell[181612]:  DEBUG qt.scenegraph.time.renderloop: [window 0x7fa09af9dc70][gui thread] polishAndSync: start, elapsed since last call: 16 ms
Aug 28 18:45:14 hearth quickshell[181612]:  DEBUG qt.scenegraph.time.renderloop: [window 0x7fa09af9dc70][render thread 0x7fa09c607420] syncAndRender: start, elapsed since last call: 16 ms
Aug 28 18:45:14 hearth quickshell[181612]:  DEBUG qt.scenegraph.time.renderloop: [window 0x7fa09e00ec60][render thread 0x7fa09c606e00] syncAndRender: frame rendered in 0ms, sync=0, render=0, swap=0
Aug 28 18:45:14 hearth quickshell[181612]:  DEBUG qt.scenegraph.time.renderloop: [window 0x7fa09af9dc70][gui thread] Frame prepared, polish=0 ms, lock=0 ms, blockedForSync=0 ms, animations=0 ms
Aug 28 18:45:14 hearth quickshell[181612]:  DEBUG qt.scenegraph.time.renderer: time in renderer: total=0ms, preprocess=0, updates=0, rendering=0
Aug 28 18:45:14 hearth quickshell[181612]:  DEBUG qt.scenegraph.time.renderloop: [window 0x7fa09e00ec60][gui thread] polishAndSync: start, elapsed since last call: 16 ms
Aug 28 18:45:14 hearth quickshell[181612]:  DEBUG qt.scenegraph.time.renderloop: [window 0x7fa09af9dc70][render thread 0x7fa09c607420] syncAndRender: frame rendered in 16ms, sync=0, render=0, swap=16
Aug 28 18:45:14 hearth quickshell[181612]:  DEBUG qt.scenegraph.time.renderloop: [window 0x7fa09e00ec60][render thread 0x7fa09c606e00] syncAndRender: start, elapsed since last call: 16 ms
Aug 28 18:45:14 hearth quickshell[181612]:  DEBUG qt.scenegraph.time.renderloop: [window 0x7fa09e00ec60][gui thread] Frame prepared, polish=0 ms, lock=0 ms, blockedForSync=0 ms, animations=0 ms
Aug 28 18:45:14 hearth quickshell[181612]:  DEBUG qt.scenegraph.time.renderer: time in renderer: total=0ms, preprocess=0, updates=0, rendering=0
Aug 28 18:45:14 hearth quickshell[181612]:  DEBUG qt.scenegraph.time.renderloop: [window 0x7fa09af9dc70][gui thread] polishAndSync: start, elapsed since last call: 16 ms
Aug 28 18:45:14 hearth quickshell[181612]:  DEBUG qt.scenegraph.time.renderloop: [window 0x7fa09e00ec60][render thread 0x7fa09c606e00] syncAndRender: frame rendered in 0ms, sync=0, render=0, swap=0
Aug 28 18:45:14 hearth quickshell[181612]:  DEBUG qt.scenegraph.time.renderloop: [window 0x7fa09af9dc70][render thread 0x7fa09c607420] syncAndRender: start, elapsed since last call: 16 ms
Aug 28 18:45:14 hearth quickshell[181612]:  DEBUG qt.scenegraph.time.renderloop: [window 0x7fa09af9dc70][gui thread] Frame prepared, polish=0 ms, lock=0 ms, blockedForSync=0 ms, animations=0 ms
Aug 28 18:45:14 hearth quickshell[181612]:  DEBUG qt.scenegraph.time.renderer: time in renderer: total=0ms, preprocess=0, updates=0, rendering=0
Aug 28 18:45:14 hearth quickshell[181612]:  DEBUG qt.scenegraph.time.renderloop: [window 0x7fa09e00ec60][gui thread] polishAndSync: start, elapsed since last call: 16 ms
Aug 28 18:45:14 hearth quickshell[181612]:  DEBUG qt.scenegraph.time.renderloop: [window 0x7fa09af9dc70][render thread 0x7fa09c607420] syncAndRender: frame rendered in 16ms, sync=0, render=0, swap=15
Aug 28 18:45:14 hearth quickshell[181612]:  DEBUG qt.scenegraph.time.renderloop: [window 0x7fa09e00ec60][render thread 0x7fa09c606e00] syncAndRender: start, elapsed since last call: 16 ms
Aug 28 18:45:14 hearth quickshell[181612]:  DEBUG qt.scenegraph.time.renderloop: [window 0x7fa09e00ec60][gui thread] Frame prepared, polish=0 ms, lock=0 ms, blockedForSync=0 ms, animations=0 ms
Aug 28 18:45:14 hearth quickshell[181612]:  DEBUG qt.scenegraph.time.renderer: time in renderer: total=0ms, preprocess=0, updates=0, rendering=0
Aug 28 18:45:14 hearth quickshell[181612]:  DEBUG qt.scenegraph.time.renderloop: [window 0x7fa09af9dc70][gui thread] polishAndSync: start, elapsed since last call: 16 ms
Aug 28 18:45:14 hearth quickshell[181612]:  DEBUG qt.scenegraph.time.renderloop: [window 0x7fa09af9dc70][render thread 0x7fa09c607420] syncAndRender: start, elapsed since last call: 16 ms
Aug 28 18:45:14 hearth quickshell[181612]:  DEBUG qt.scenegraph.time.renderloop: [window 0x7fa09e00ec60][render thread 0x7fa09c606e00] syncAndRender: frame rendered in 0ms, sync=0, render=0, swap=0
Aug 28 18:45:14 hearth quickshell[181612]:  DEBUG qt.scenegraph.time.renderloop: [window 0x7fa09af9dc70][gui thread] Frame prepared, polish=0 ms, lock=0 ms, blockedForSync=0 ms, animations=0 ms
Aug 28 18:45:14 hearth quickshell[181612]:  DEBUG qt.scenegraph.time.renderer: time in renderer: total=0ms, preprocess=0, updates=0, rendering=0
Aug 28 18:45:14 hearth quickshell[181612]:  DEBUG qt.scenegraph.time.renderloop: [window 0x7fa09e00ec60][gui thread] polishAndSync: start, elapsed since last call: 16 ms
Aug 28 18:45:14 hearth quickshell[181612]:  DEBUG qt.scenegraph.time.renderloop: [window 0x7fa09af9dc70][render thread 0x7fa09c607420] syncAndRender: frame rendered in 16ms, sync=0, render=0, swap=15
Aug 28 18:45:14 hearth quickshell[181612]:  DEBUG qt.scenegraph.time.renderloop: [window 0x7fa09e00ec60][render thread 0x7fa09c606e00] syncAndRender: start, elapsed since last call: 16 ms
Aug 28 18:45:14 hearth quickshell[181612]:  DEBUG qt.scenegraph.time.renderer: time in renderer: total=0ms, preprocess=0, updates=0, rendering=0
Aug 28 18:45:14 hearth quickshell[181612]:  DEBUG qt.scenegraph.time.renderloop: [window 0x7fa09e00ec60][gui thread] Frame prepared, polish=0 ms, lock=0 ms, blockedForSync=0 ms, animations=0 ms
Aug 28 18:45:14 hearth quickshell[181612]:  DEBUG qt.scenegraph.time.renderloop: [window 0x7fa09af9dc70][gui thread] polishAndSync: start, elapsed since last call: 16 ms
Aug 28 18:45:14 hearth quickshell[181612]:  DEBUG qt.scenegraph.time.renderloop: [window 0x7fa09af9dc70][render thread 0x7fa09c607420] syncAndRender: start, elapsed since last call: 16 ms
Aug 28 18:45:14 hearth quickshell[181612]:  DEBUG qt.scenegraph.time.renderloop: [window 0x7fa09e00ec60][render thread 0x7fa09c606e00] syncAndRender: frame rendered in 0ms, sync=0, render=0, swap=0
Aug 28 18:45:14 hearth quickshell[181612]:  DEBUG qt.scenegraph.time.renderloop: [window 0x7fa09af9dc70][gui thread] Frame prepared, polish=0 ms, lock=0 ms, blockedForSync=0 ms, animations=0 ms
Aug 28 18:45:14 hearth quickshell[181612]:  DEBUG qt.scenegraph.time.renderer: time in renderer: total=0ms, preprocess=0, updates=0, rendering=0
Aug 28 18:45:14 hearth quickshell[181612]:  DEBUG qt.scenegraph.time.renderloop: [window 0x7fa09e00ec60][gui thread] polishAndSync: start, elapsed since last call: 16 ms
Aug 28 18:45:14 hearth quickshell[181612]:  DEBUG qt.scenegraph.time.renderloop: [window 0x7fa09af9dc70][render thread 0x7fa09c607420] syncAndRender: frame rendered in 16ms, sync=0, render=0, swap=16
Aug 28 18:45:14 hearth quickshell[181612]:  DEBUG qt.scenegraph.time.renderloop: [window 0x7fa09e00ec60][render thread 0x7fa09c606e00] syncAndRender: start, elapsed since last call: 16 ms
Aug 28 18:45:14 hearth quickshell[181612]:  DEBUG qt.scenegraph.time.renderer: time in renderer: total=0ms, preprocess=0, updates=0, rendering=0
Aug 28 18:45:14 hearth quickshell[181612]:  DEBUG qt.scenegraph.time.renderloop: [window 0x7fa09e00ec60][gui thread] Frame prepared, polish=0 ms, lock=0 ms, blockedForSync=0 ms, animations=0 ms
Aug 28 18:45:14 hearth quickshell[181612]:  DEBUG qt.scenegraph.time.renderloop: [window 0x7fa09af9dc70][gui thread] polishAndSync: start, elapsed since last call: 16 ms
Aug 28 18:45:14 hearth quickshell[181612]:  DEBUG qt.scenegraph.time.renderloop: [window 0x7fa09af9dc70][render thread 0x7fa09c607420] syncAndRender: start, elapsed since last call: 16 ms
Aug 28 18:45:14 hearth quickshell[181612]:  DEBUG qt.scenegraph.time.renderloop: [window 0x7fa09e00ec60][render thread 0x7fa09c606e00] syncAndRender: frame rendered in 0ms, sync=0, render=0, swap=0
Aug 28 18:45:14 hearth quickshell[181612]:  DEBUG qt.scenegraph.time.renderloop: [window 0x7fa09af9dc70][gui thread] Frame prepared, polish=0 ms, lock=0 ms, blockedForSync=0 ms, animations=0 ms
Aug 28 18:45:14 hearth quickshell[181612]:  DEBUG qt.scenegraph.time.renderer: time in renderer: total=0ms, preprocess=0, updates=0, rendering=0
Aug 28 18:45:14 hearth quickshell[181612]:  DEBUG qt.scenegraph.time.renderloop: [window 0x7fa09e00ec60][gui thread] polishAndSync: start, elapsed since last call: 16 ms
Aug 28 18:45:14 hearth quickshell[181612]:  DEBUG qt.scenegraph.time.renderloop: [window 0x7fa09af9dc70][render thread 0x7fa09c607420] syncAndRender: frame rendered in 16ms, sync=0, render=0, swap=16
Aug 28 18:45:14 hearth quickshell[181612]:  DEBUG qt.scenegraph.time.renderloop: [window 0x7fa09e00ec60][render thread 0x7fa09c606e00] syncAndRender: start, elapsed since last call: 16 ms
Aug 28 18:45:14 hearth quickshell[181612]:  DEBUG qt.scenegraph.time.renderer: time in renderer: total=0ms, preprocess=0, updates=0, rendering=0
Aug 28 18:45:14 hearth quickshell[181612]:  DEBUG qt.scenegraph.time.renderloop: [window 0x7fa09e00ec60][gui thread] Frame prepared, polish=0 ms, lock=0 ms, blockedForSync=0 ms, animations=0 ms
Aug 28 18:45:14 hearth quickshell[181612]:  DEBUG qt.scenegraph.time.renderloop: [window 0x7fa09af9dc70][gui thread] polishAndSync: start, elapsed since last call: 16 ms
Aug 28 18:45:14 hearth quickshell[181612]:  DEBUG qt.scenegraph.time.renderloop: [window 0x7fa09e00ec60][render thread 0x7fa09c606e00] syncAndRender: frame rendered in 0ms, sync=0, render=0, swap=0
Aug 28 18:45:14 hearth quickshell[181612]:  DEBUG qt.scenegraph.time.renderloop: [window 0x7fa09af9dc70][render thread 0x7fa09c607420] syncAndRender: start, elapsed since last call: 16 ms
Aug 28 18:45:14 hearth quickshell[181612]:  DEBUG qt.scenegraph.time.renderloop: [window 0x7fa09af9dc70][gui thread] Frame prepared, polish=0 ms, lock=0 ms, blockedForSync=0 ms, animations=0 ms
Aug 28 18:45:14 hearth quickshell[181612]:  DEBUG qt.scenegraph.time.renderer: time in renderer: total=0ms, preprocess=0, updates=0, rendering=0
Aug 28 18:45:14 hearth quickshell[181612]:  DEBUG qt.scenegraph.time.renderloop: [window 0x7fa09e00ec60][gui thread] polishAndSync: start, elapsed since last call: 16 ms
Aug 28 18:45:14 hearth quickshell[181612]:  DEBUG qt.scenegraph.time.renderloop: [window 0x7fa09af9dc70][render thread 0x7fa09c607420] syncAndRender: frame rendered in 16ms, sync=0, render=0, swap=16
Aug 28 18:45:14 hearth quickshell[181612]:  DEBUG qt.scenegraph.time.renderloop: [window 0x7fa09e00ec60][render thread 0x7fa09c606e00] syncAndRender: start, elapsed since last call: 16 ms
Aug 28 18:45:14 hearth quickshell[181612]:  DEBUG qt.scenegraph.time.renderloop: [window 0x7fa09e00ec60][gui thread] Frame prepared, polish=0 ms, lock=0 ms, blockedForSync=0 ms, animations=0 ms
Aug 28 18:45:14 hearth quickshell[181612]:  DEBUG qt.scenegraph.time.renderloop: [window 0x7fa09af9dc70][gui thread] polishAndSync: start, elapsed since last call: 16 ms
Aug 28 18:45:14 hearth quickshell[181612]:  DEBUG qt.scenegraph.time.renderer: time in renderer: total=0ms, preprocess=0, updates=0, rendering=0
Aug 28 18:45:14 hearth quickshell[181612]:  DEBUG qt.scenegraph.time.renderloop: [window 0x7fa09e00ec60][render thread 0x7fa09c606e00] syncAndRender: frame rendered in 0ms, sync=0, render=0, swap=0
Aug 28 18:45:14 hearth quickshell[181612]:  DEBUG qt.scenegraph.time.renderloop: [window 0x7fa09af9dc70][render thread 0x7fa09c607420] syncAndRender: start, elapsed since last call: 17 ms
Aug 28 18:45:14 hearth quickshell[181612]:  DEBUG qt.scenegraph.time.renderloop: [window 0x7fa09af9dc70][gui thread] Frame prepared, polish=0 ms, lock=0 ms, blockedForSync=0 ms, animations=0 ms
Aug 28 18:45:14 hearth quickshell[181612]:  DEBUG qt.scenegraph.time.renderer: time in renderer: total=0ms, preprocess=0, updates=0, rendering=0
Aug 28 18:45:14 hearth quickshell[181612]:  DEBUG qt.scenegraph.time.renderloop: [window 0x7fa09e00ec60][gui thread] polishAndSync: start, elapsed since last call: 16 ms
Aug 28 18:45:14 hearth quickshell[181612]:  DEBUG qt.scenegraph.time.renderloop: [window 0x7fa09af9dc70][render thread 0x7fa09c607420] syncAndRender: frame rendered in 15ms, sync=0, render=0, swap=15
Aug 28 18:45:14 hearth quickshell[181612]:  DEBUG qt.scenegraph.time.renderloop: [window 0x7fa09e00ec60][render thread 0x7fa09c606e00] syncAndRender: start, elapsed since last call: 16 ms
Aug 28 18:45:14 hearth quickshell[181612]:  DEBUG qt.scenegraph.time.renderer: time in renderer: total=0ms, preprocess=0, updates=0, rendering=0
Aug 28 18:45:14 hearth quickshell[181612]:  DEBUG qt.scenegraph.time.renderloop: [window 0x7fa09e00ec60][gui thread] Frame prepared, polish=0 ms, lock=0 ms, blockedForSync=0 ms, animations=0 ms
Aug 28 18:45:14 hearth quickshell[181612]:  DEBUG qt.scenegraph.time.renderloop: [window 0x7fa09af9dc70][gui thread] polishAndSync: start, elapsed since last call: 16 ms
Aug 28 18:45:14 hearth quickshell[181612]:  DEBUG qt.scenegraph.time.renderloop: [window 0x7fa09e00ec60][render thread 0x7fa09c606e00] syncAndRender: frame rendered in 0ms, sync=0, render=0, swap=0
Aug 28 18:45:14 hearth quickshell[181612]:  DEBUG qt.scenegraph.time.renderloop: [window 0x7fa09af9dc70][render thread 0x7fa09c607420] syncAndRender: start, elapsed since last call: 16 ms
Aug 28 18:45:14 hearth quickshell[181612]:  DEBUG qt.scenegraph.time.renderloop: [window 0x7fa09af9dc70][gui thread] Frame prepared, polish=0 ms, lock=0 ms, blockedForSync=0 ms, animations=0 ms
Aug 28 18:45:14 hearth quickshell[181612]:  DEBUG qt.scenegraph.time.renderer: time in renderer: total=0ms, preprocess=0, updates=0, rendering=0
Aug 28 18:45:14 hearth quickshell[181612]:  DEBUG qt.scenegraph.time.renderloop: [window 0x7fa09e00ec60][gui thread] polishAndSync: start, elapsed since last call: 16 ms
Aug 28 18:45:14 hearth quickshell[181612]:  DEBUG qt.scenegraph.time.renderloop: [window 0x7fa09af9dc70][render thread 0x7fa09c607420] syncAndRender: frame rendered in 16ms, sync=0, render=0, swap=15
Aug 28 18:45:14 hearth quickshell[181612]:  DEBUG qt.scenegraph.time.renderloop: [window 0x7fa09e00ec60][render thread 0x7fa09c606e00] syncAndRender: start, elapsed since last call: 16 ms
Aug 28 18:45:14 hearth quickshell[181612]:  DEBUG qt.scenegraph.time.renderer: time in renderer: total=0ms, preprocess=0, updates=0, rendering=0
Aug 28 18:45:14 hearth quickshell[181612]:  DEBUG qt.scenegraph.time.renderloop: [window 0x7fa09e00ec60][gui thread] Frame prepared, polish=0 ms, lock=0 ms, blockedForSync=0 ms, animations=0 ms
Aug 28 18:45:14 hearth quickshell[181612]:  DEBUG qt.scenegraph.time.renderloop: [window 0x7fa09af9dc70][gui thread] polishAndSync: start, elapsed since last call: 16 ms
Aug 28 18:45:14 hearth quickshell[181612]:  DEBUG qt.scenegraph.time.renderloop: [window 0x7fa09af9dc70][render thread 0x7fa09c607420] syncAndRender: start, elapsed since last call: 16 ms
Aug 28 18:45:14 hearth quickshell[181612]:  DEBUG qt.scenegraph.time.renderloop: [window 0x7fa09e00ec60][render thread 0x7fa09c606e00] syncAndRender: frame rendered in 0ms, sync=0, render=0, swap=0
Aug 28 18:45:14 hearth quickshell[181612]:  DEBUG qt.scenegraph.time.renderloop: [window 0x7fa09af9dc70][gui thread] Frame prepared, polish=0 ms, lock=0 ms, blockedForSync=0 ms, animations=0 ms
Aug 28 18:45:14 hearth quickshell[181612]:  DEBUG qt.scenegraph.time.renderer: time in renderer: total=0ms, preprocess=0, updates=0, rendering=0
Aug 28 18:45:14 hearth quickshell[181612]:  DEBUG qt.scenegraph.time.renderloop: [window 0x7fa09e00ec60][gui thread] polishAndSync: start, elapsed since last call: 16 ms
Aug 28 18:45:14 hearth quickshell[181612]:  DEBUG qt.scenegraph.time.renderloop: [window 0x7fa09af9dc70][render thread 0x7fa09c607420] syncAndRender: frame rendered in 16ms, sync=0, render=0, swap=16
Aug 28 18:45:14 hearth quickshell[181612]:  DEBUG qt.scenegraph.time.renderloop: [window 0x7fa09e00ec60][render thread 0x7fa09c606e00] syncAndRender: start, elapsed since last call: 16 ms
Aug 28 18:45:14 hearth quickshell[181612]:  DEBUG qt.scenegraph.time.renderer: time in renderer: total=0ms, preprocess=0, updates=0, rendering=0
Aug 28 18:45:14 hearth quickshell[181612]:  DEBUG qt.scenegraph.time.renderloop: [window 0x7fa09e00ec60][gui thread] Frame prepared, polish=0 ms, lock=0 ms, blockedForSync=0 ms, animations=0 ms
Aug 28 18:45:14 hearth quickshell[181612]:  DEBUG qt.scenegraph.time.renderloop: [window 0x7fa09af9dc70][gui thread] polishAndSync: start, elapsed since last call: 16 ms
Aug 28 18:45:14 hearth quickshell[181612]:  DEBUG qt.scenegraph.time.renderloop: [window 0x7fa09e00ec60][render thread 0x7fa09c606e00] syncAndRender: frame rendered in 0ms, sync=0, render=0, swap=0
Aug 28 18:45:14 hearth quickshell[181612]:  DEBUG qt.scenegraph.time.renderloop: [window 0x7fa09af9dc70][render thread 0x7fa09c607420] syncAndRender: start, elapsed since last call: 16 ms
Aug 28 18:45:14 hearth quickshell[181612]:  DEBUG qt.scenegraph.time.renderloop: [window 0x7fa09af9dc70][gui thread] Frame prepared, polish=0 ms, lock=0 ms, blockedForSync=0 ms, animations=0 ms
Aug 28 18:45:14 hearth quickshell[181612]:  DEBUG qt.scenegraph.time.renderer: time in renderer: total=0ms, preprocess=0, updates=0, rendering=0
Aug 28 18:45:14 hearth quickshell[181612]:  DEBUG qt.scenegraph.time.renderloop: [window 0x7fa09e00ec60][gui thread] polishAndSync: start, elapsed since last call: 16 ms
Aug 28 18:45:14 hearth quickshell[181612]:  DEBUG qt.scenegraph.time.renderloop: [window 0x7fa09af9dc70][render thread 0x7fa09c607420] syncAndRender: frame rendered in 16ms, sync=0, render=0, swap=16
Aug 28 18:45:14 hearth quickshell[181612]:  DEBUG qt.scenegraph.time.renderloop: [window 0x7fa09e00ec60][render thread 0x7fa09c606e00] syncAndRender: start, elapsed since last call: 16 ms
Aug 28 18:45:14 hearth quickshell[181612]:  DEBUG qt.scenegraph.time.renderloop: [window 0x7fa09e00ec60][gui thread] Frame prepared, polish=0 ms, lock=0 ms, blockedForSync=0 ms, animations=0 ms
Aug 28 18:45:14 hearth quickshell[181612]:  DEBUG qt.scenegraph.time.renderer: time in renderer: total=0ms, preprocess=0, updates=0, rendering=0
Aug 28 18:45:14 hearth quickshell[181612]:  DEBUG qt.scenegraph.time.renderloop: [window 0x7fa09af9dc70][gui thread] polishAndSync: start, elapsed since last call: 16 ms
Aug 28 18:45:14 hearth quickshell[181612]:  DEBUG qt.scenegraph.time.renderloop: [window 0x7fa09af9dc70][render thread 0x7fa09c607420] syncAndRender: start, elapsed since last call: 16 ms
Aug 28 18:45:14 hearth quickshell[181612]:  DEBUG qt.scenegraph.time.renderloop: [window 0x7fa09e00ec60][render thread 0x7fa09c606e00] syncAndRender: frame rendered in 0ms, sync=0, render=0, swap=0
Aug 28 18:45:14 hearth quickshell[181612]:  DEBUG qt.scenegraph.time.renderloop: [window 0x7fa09af9dc70][gui thread] Frame prepared, polish=0 ms, lock=0 ms, blockedForSync=0 ms, animations=0 ms
Aug 28 18:45:14 hearth quickshell[181612]:  DEBUG qt.scenegraph.time.renderer: time in renderer: total=0ms, preprocess=0, updates=0, rendering=0
Aug 28 18:45:14 hearth quickshell[181612]:  DEBUG qt.scenegraph.time.renderloop: [window 0x7fa09e00ec60][gui thread] polishAndSync: start, elapsed since last call: 16 ms
Aug 28 18:45:14 hearth quickshell[181612]:  DEBUG qt.scenegraph.time.renderloop: [window 0x7fa09af9dc70][render thread 0x7fa09c607420] syncAndRender: frame rendered in 16ms, sync=0, render=0, swap=16
Aug 28 18:45:14 hearth quickshell[181612]:  DEBUG qt.scenegraph.time.renderloop: [window 0x7fa09e00ec60][render thread 0x7fa09c606e00] syncAndRender: start, elapsed since last call: 16 ms
Aug 28 18:45:14 hearth quickshell[181612]:  DEBUG qt.scenegraph.time.renderloop: [window 0x7fa09e00ec60][gui thread] Frame prepared, polish=0 ms, lock=0 ms, blockedForSync=0 ms, animations=0 ms
Aug 28 18:45:14 hearth quickshell[181612]:  DEBUG qt.scenegraph.time.renderer: time in renderer: total=0ms, preprocess=0, updates=0, rendering=0
Aug 28 18:45:14 hearth quickshell[181612]:  DEBUG qt.scenegraph.time.renderloop: [window 0x7fa09af9dc70][gui thread] polishAndSync: start, elapsed since last call: 16 ms
Aug 28 18:45:14 hearth quickshell[181612]:  DEBUG qt.scenegraph.time.renderloop: [window 0x7fa09af9dc70][render thread 0x7fa09c607420] syncAndRender: start, elapsed since last call: 16 ms
Aug 28 18:45:14 hearth quickshell[181612]:  DEBUG qt.scenegraph.time.renderloop: [window 0x7fa09e00ec60][render thread 0x7fa09c606e00] syncAndRender: frame rendered in 0ms, sync=0, render=0, swap=0
Aug 28 18:45:14 hearth quickshell[181612]:  DEBUG qt.scenegraph.time.renderloop: [window 0x7fa09af9dc70][gui thread] Frame prepared, polish=0 ms, lock=0 ms, blockedForSync=0 ms, animations=0 ms
Aug 28 18:45:14 hearth quickshell[181612]:  DEBUG qt.scenegraph.time.renderer: time in renderer: total=0ms, preprocess=0, updates=0, rendering=0
Aug 28 18:45:14 hearth quickshell[181612]:  DEBUG qt.scenegraph.time.renderloop: [window 0x7fa09e00ec60][gui thread] polishAndSync: start, elapsed since last call: 16 ms
Aug 28 18:45:14 hearth quickshell[181612]:  DEBUG qt.scenegraph.time.renderloop: [window 0x7fa09af9dc70][render thread 0x7fa09c607420] syncAndRender: frame rendered in 16ms, sync=0, render=0, swap=16
Aug 28 18:45:14 hearth quickshell[181612]:  DEBUG qt.scenegraph.time.renderloop: [window 0x7fa09e00ec60][render thread 0x7fa09c606e00] syncAndRender: start, elapsed since last call: 16 ms
Aug 28 18:45:14 hearth quickshell[181612]:  DEBUG qt.scenegraph.time.renderloop: [window 0x7fa09e00ec60][gui thread] Frame prepared, polish=0 ms, lock=0 ms, blockedForSync=0 ms, animations=0 ms
Aug 28 18:45:14 hearth quickshell[181612]:  DEBUG qt.scenegraph.time.renderloop: [window 0x7fa09af9dc70][gui thread] polishAndSync: start, elapsed since last call: 16 ms
Aug 28 18:45:14 hearth quickshell[181612]:  DEBUG qt.scenegraph.time.renderer: time in renderer: total=0ms, preprocess=0, updates=0, rendering=0
Aug 28 18:45:14 hearth quickshell[181612]:  DEBUG qt.scenegraph.time.renderloop: [window 0x7fa09af9dc70][render thread 0x7fa09c607420] syncAndRender: start, elapsed since last call: 16 ms
Aug 28 18:45:14 hearth quickshell[181612]:  DEBUG qt.scenegraph.time.renderloop: [window 0x7fa09e00ec60][render thread 0x7fa09c606e00] syncAndRender: frame rendered in 0ms, sync=0, render=0, swap=0
Aug 28 18:45:14 hearth quickshell[181612]:  DEBUG qt.scenegraph.time.renderloop: [window 0x7fa09af9dc70][gui thread] Frame prepared, polish=0 ms, lock=0 ms, blockedForSync=0 ms, animations=0 ms
Aug 28 18:45:14 hearth quickshell[181612]:  DEBUG qt.scenegraph.time.renderer: time in renderer: total=0ms, preprocess=0, updates=0, rendering=0
Aug 28 18:45:14 hearth quickshell[181612]:  DEBUG qt.scenegraph.time.renderloop: [window 0x7fa09e00ec60][gui thread] polishAndSync: start, elapsed since last call: 16 ms
Aug 28 18:45:14 hearth quickshell[181612]:  DEBUG qt.scenegraph.time.renderloop: [window 0x7fa09af9dc70][render thread 0x7fa09c607420] syncAndRender: frame rendered in 16ms, sync=0, render=0, swap=16
Aug 28 18:45:14 hearth quickshell[181612]:  DEBUG qt.scenegraph.time.renderloop: [window 0x7fa09e00ec60][render thread 0x7fa09c606e00] syncAndRender: start, elapsed since last call: 16 ms
Aug 28 18:45:14 hearth quickshell[181612]:  DEBUG qt.scenegraph.time.renderloop: [window 0x7fa09e00ec60][gui thread] Frame prepared, polish=0 ms, lock=0 ms, blockedForSync=0 ms, animations=0 ms
Aug 28 18:45:14 hearth quickshell[181612]:  DEBUG qt.scenegraph.time.renderer: time in renderer: total=0ms, preprocess=0, updates=0, rendering=0
Aug 28 18:45:14 hearth quickshell[181612]:  DEBUG qt.scenegraph.time.renderloop: [window 0x7fa09af9dc70][gui thread] polishAndSync: start, elapsed since last call: 16 ms
Aug 28 18:45:14 hearth quickshell[181612]:  DEBUG qt.scenegraph.time.renderloop: [window 0x7fa09af9dc70][render thread 0x7fa09c607420] syncAndRender: start, elapsed since last call: 16 ms
Aug 28 18:45:14 hearth quickshell[181612]:  DEBUG qt.scenegraph.time.renderloop: [window 0x7fa09e00ec60][render thread 0x7fa09c606e00] syncAndRender: frame rendered in 0ms, sync=0, render=0, swap=0
Aug 28 18:45:14 hearth quickshell[181612]:  DEBUG qt.scenegraph.time.renderloop: [window 0x7fa09af9dc70][gui thread] Frame prepared, polish=0 ms, lock=0 ms, blockedForSync=0 ms, animations=0 ms
Aug 28 18:45:14 hearth quickshell[181612]:  DEBUG qt.scenegraph.time.renderer: time in renderer: total=0ms, preprocess=0, updates=0, rendering=0
Aug 28 18:45:14 hearth quickshell[181612]:  DEBUG qt.scenegraph.time.renderloop: [window 0x7fa09e00ec60][gui thread] polishAndSync: start, elapsed since last call: 16 ms
Aug 28 18:45:14 hearth quickshell[181612]:  DEBUG qt.scenegraph.time.renderloop: [window 0x7fa09af9dc70][render thread 0x7fa09c607420] syncAndRender: frame rendered in 16ms, sync=0, render=0, swap=16
Aug 28 18:45:14 hearth quickshell[181612]:  DEBUG qt.scenegraph.time.renderloop: [window 0x7fa09e00ec60][render thread 0x7fa09c606e00] syncAndRender: start, elapsed since last call: 16 ms
Aug 28 18:45:14 hearth quickshell[181612]:  DEBUG qt.scenegraph.time.renderer: time in renderer: total=0ms, preprocess=0, updates=0, rendering=0
Aug 28 18:45:14 hearth quickshell[181612]:  DEBUG qt.scenegraph.time.renderloop: [window 0x7fa09e00ec60][gui thread] Frame prepared, polish=0 ms, lock=0 ms, blockedForSync=0 ms, animations=0 ms
Aug 28 18:45:14 hearth quickshell[181612]:  DEBUG qt.scenegraph.time.renderloop: [window 0x7fa09af9dc70][gui thread] polishAndSync: start, elapsed since last call: 16 ms
Aug 28 18:45:14 hearth quickshell[181612]:  DEBUG qt.scenegraph.time.renderloop: [window 0x7fa09e00ec60][render thread 0x7fa09c606e00] syncAndRender: frame rendered in 0ms, sync=0, render=0, swap=0
Aug 28 18:45:14 hearth quickshell[181612]:  DEBUG qt.scenegraph.time.renderloop: [window 0x7fa09af9dc70][render thread 0x7fa09c607420] syncAndRender: start, elapsed since last call: 16 ms
Aug 28 18:45:14 hearth quickshell[181612]:  DEBUG qt.scenegraph.time.renderloop: [window 0x7fa09af9dc70][gui thread] Frame prepared, polish=0 ms, lock=0 ms, blockedForSync=0 ms, animations=0 ms
Aug 28 18:45:14 hearth quickshell[181612]:  DEBUG qt.scenegraph.time.renderer: time in renderer: total=0ms, preprocess=0, updates=0, rendering=0
Aug 28 18:45:14 hearth quickshell[181612]:  DEBUG qt.scenegraph.time.renderloop: [window 0x7fa09e00ec60][gui thread] polishAndSync: start, elapsed since last call: 16 ms
Aug 28 18:45:14 hearth quickshell[181612]:  DEBUG qt.scenegraph.time.renderloop: [window 0x7fa09af9dc70][render thread 0x7fa09c607420] syncAndRender: frame rendered in 16ms, sync=0, render=0, swap=15
Aug 28 18:45:14 hearth quickshell[181612]:  DEBUG qt.scenegraph.time.renderloop: [window 0x7fa09e00ec60][render thread 0x7fa09c606e00] syncAndRender: start, elapsed since last call: 16 ms
Aug 28 18:45:14 hearth quickshell[181612]:  DEBUG qt.scenegraph.time.renderer: time in renderer: total=0ms, preprocess=0, updates=0, rendering=0
Aug 28 18:45:14 hearth quickshell[181612]:  DEBUG qt.scenegraph.time.renderloop: [window 0x7fa09e00ec60][gui thread] Frame prepared, polish=0 ms, lock=0 ms, blockedForSync=0 ms, animations=0 ms
Aug 28 18:45:14 hearth quickshell[181612]:  DEBUG qt.scenegraph.time.renderloop: [window 0x7fa09af9dc70][gui thread] polishAndSync: start, elapsed since last call: 16 ms
Aug 28 18:45:14 hearth quickshell[181612]:  DEBUG qt.scenegraph.time.renderloop: [window 0x7fa09e00ec60][render thread 0x7fa09c606e00] syncAndRender: frame rendered in 0ms, sync=0, render=0, swap=0
Aug 28 18:45:14 hearth quickshell[181612]:  DEBUG qt.scenegraph.time.renderloop: [window 0x7fa09af9dc70][render thread 0x7fa09c607420] syncAndRender: start, elapsed since last call: 16 ms
Aug 28 18:45:14 hearth quickshell[181612]:  DEBUG qt.scenegraph.time.renderloop: [window 0x7fa09af9dc70][gui thread] Frame prepared, polish=0 ms, lock=0 ms, blockedForSync=0 ms, animations=0 ms
Aug 28 18:45:14 hearth quickshell[181612]:  DEBUG qt.scenegraph.time.renderer: time in renderer: total=0ms, preprocess=0, updates=0, rendering=0
Aug 28 18:45:14 hearth quickshell[181612]:  DEBUG qt.scenegraph.time.renderloop: [window 0x7fa09e00ec60][gui thread] polishAndSync: start, elapsed since last call: 16 ms
Aug 28 18:45:14 hearth quickshell[181612]:  DEBUG qt.scenegraph.time.renderloop: [window 0x7fa09af9dc70][render thread 0x7fa09c607420] syncAndRender: frame rendered in 16ms, sync=0, render=0, swap=16
Aug 28 18:45:14 hearth quickshell[181612]:  DEBUG qt.scenegraph.time.renderloop: [window 0x7fa09e00ec60][render thread 0x7fa09c606e00] syncAndRender: start, elapsed since last call: 16 ms
Aug 28 18:45:14 hearth quickshell[181612]:  DEBUG qt.scenegraph.time.renderloop: [window 0x7fa09e00ec60][gui thread] Frame prepared, polish=0 ms, lock=0 ms, blockedForSync=0 ms, animations=0 ms
Aug 28 18:45:14 hearth quickshell[181612]:  DEBUG qt.scenegraph.time.renderer: time in renderer: total=0ms, preprocess=0, updates=0, rendering=0
Aug 28 18:45:14 hearth quickshell[181612]:  DEBUG qt.scenegraph.time.renderloop: [window 0x7fa09af9dc70][gui thread] polishAndSync: start, elapsed since last call: 16 ms
Aug 28 18:45:14 hearth quickshell[181612]:  DEBUG qt.scenegraph.time.renderloop: [window 0x7fa09e00ec60][render thread 0x7fa09c606e00] syncAndRender: frame rendered in 0ms, sync=0, render=0, swap=0
Aug 28 18:45:14 hearth quickshell[181612]:  DEBUG qt.scenegraph.time.renderloop: [window 0x7fa09af9dc70][render thread 0x7fa09c607420] syncAndRender: start, elapsed since last call: 16 ms
Aug 28 18:45:14 hearth quickshell[181612]:  DEBUG qt.scenegraph.time.renderloop: [window 0x7fa09af9dc70][gui thread] Frame prepared, polish=0 ms, lock=0 ms, blockedForSync=0 ms, animations=0 ms
Aug 28 18:45:14 hearth quickshell[181612]:  DEBUG qt.scenegraph.time.renderer: time in renderer: total=0ms, preprocess=0, updates=0, rendering=0
Aug 28 18:45:14 hearth quickshell[181612]:  DEBUG qt.scenegraph.time.renderloop: [window 0x7fa09e00ec60][gui thread] polishAndSync: start, elapsed since last call: 16 ms
Aug 28 18:45:14 hearth quickshell[181612]:  DEBUG qt.scenegraph.time.renderloop: [window 0x7fa09af9dc70][render thread 0x7fa09c607420] syncAndRender: frame rendered in 16ms, sync=0, render=0, swap=15
Aug 28 18:45:14 hearth quickshell[181612]:  DEBUG qt.scenegraph.time.renderloop: [window 0x7fa09e00ec60][render thread 0x7fa09c606e00] syncAndRender: start, elapsed since last call: 16 ms
Aug 28 18:45:14 hearth quickshell[181612]:  DEBUG qt.scenegraph.time.renderloop: [window 0x7fa09e00ec60][gui thread] Frame prepared, polish=0 ms, lock=0 ms, blockedForSync=0 ms, animations=0 ms
Aug 28 18:45:14 hearth quickshell[181612]:  DEBUG qt.scenegraph.time.renderer: time in renderer: total=0ms, preprocess=0, updates=0, rendering=0
Aug 28 18:45:14 hearth quickshell[181612]:  DEBUG qt.scenegraph.time.renderloop: [window 0x7fa09af9dc70][gui thread] polishAndSync: start, elapsed since last call: 16 ms
Aug 28 18:45:14 hearth quickshell[181612]:  DEBUG qt.scenegraph.time.renderloop: [window 0x7fa09af9dc70][render thread 0x7fa09c607420] syncAndRender: start, elapsed since last call: 16 ms
Aug 28 18:45:14 hearth quickshell[181612]:  DEBUG qt.scenegraph.time.renderloop: [window 0x7fa09e00ec60][render thread 0x7fa09c606e00] syncAndRender: frame rendered in 0ms, sync=0, render=0, swap=0
Aug 28 18:45:14 hearth quickshell[181612]:  DEBUG qt.scenegraph.time.renderloop: [window 0x7fa09af9dc70][gui thread] Frame prepared, polish=0 ms, lock=0 ms, blockedForSync=0 ms, animations=0 ms
Aug 28 18:45:14 hearth quickshell[181612]:  DEBUG qt.scenegraph.time.renderer: time in renderer: total=0ms, preprocess=0, updates=0, rendering=0
Aug 28 18:45:14 hearth quickshell[181612]:  DEBUG qt.scenegraph.time.renderloop: [window 0x7fa09e00ec60][gui thread] polishAndSync: start, elapsed since last call: 16 ms
Aug 28 18:45:14 hearth quickshell[181612]:  DEBUG qt.scenegraph.time.renderloop: [window 0x7fa09af9dc70][render thread 0x7fa09c607420] syncAndRender: frame rendered in 16ms, sync=0, render=0, swap=16
Aug 28 18:45:14 hearth quickshell[181612]:  DEBUG qt.scenegraph.time.renderloop: [window 0x7fa09e00ec60][render thread 0x7fa09c606e00] syncAndRender: start, elapsed since last call: 16 ms
Aug 28 18:45:14 hearth quickshell[181612]:  DEBUG qt.scenegraph.time.renderer: time in renderer: total=0ms, preprocess=0, updates=0, rendering=0
Aug 28 18:45:14 hearth quickshell[181612]:  DEBUG qt.scenegraph.time.renderloop: [window 0x7fa09e00ec60][gui thread] Frame prepared, polish=0 ms, lock=0 ms, blockedForSync=0 ms, animations=0 ms
Aug 28 18:45:14 hearth quickshell[181612]:  DEBUG qt.scenegraph.time.renderloop: [window 0x7fa09af9dc70][gui thread] polishAndSync: start, elapsed since last call: 16 ms
Aug 28 18:45:14 hearth quickshell[181612]:  DEBUG qt.scenegraph.time.renderloop: [window 0x7fa09af9dc70][render thread 0x7fa09c607420] syncAndRender: start, elapsed since last call: 16 ms
Aug 28 18:45:14 hearth quickshell[181612]:  DEBUG qt.scenegraph.time.renderloop: [window 0x7fa09e00ec60][render thread 0x7fa09c606e00] syncAndRender: frame rendered in 0ms, sync=0, render=0, swap=0
Aug 28 18:45:14 hearth quickshell[181612]:  DEBUG qt.scenegraph.time.renderloop: [window 0x7fa09af9dc70][gui thread] Frame prepared, polish=0 ms, lock=0 ms, blockedForSync=0 ms, animations=0 ms
Aug 28 18:45:14 hearth quickshell[181612]:  DEBUG qt.scenegraph.time.renderer: time in renderer: total=0ms, preprocess=0, updates=0, rendering=0
Aug 28 18:45:14 hearth quickshell[181612]:  DEBUG qt.scenegraph.time.renderloop: [window 0x7fa09e00ec60][gui thread] polishAndSync: start, elapsed since last call: 16 ms
Aug 28 18:45:14 hearth quickshell[181612]:  DEBUG qt.scenegraph.time.renderloop: [window 0x7fa09af9dc70][render thread 0x7fa09c607420] syncAndRender: frame rendered in 16ms, sync=0, render=0, swap=16
Aug 28 18:45:14 hearth quickshell[181612]:  DEBUG qt.scenegraph.time.renderloop: [window 0x7fa09e00ec60][render thread 0x7fa09c606e00] syncAndRender: start, elapsed since last call: 16 ms
Aug 28 18:45:14 hearth quickshell[181612]:  DEBUG qt.scenegraph.time.renderer: time in renderer: total=0ms, preprocess=0, updates=0, rendering=0
Aug 28 18:45:14 hearth quickshell[181612]:  DEBUG qt.scenegraph.time.renderloop: [window 0x7fa09e00ec60][gui thread] Frame prepared, polish=0 ms, lock=0 ms, blockedForSync=0 ms, animations=0 ms
Aug 28 18:45:14 hearth quickshell[181612]:  DEBUG qt.scenegraph.time.renderloop: [window 0x7fa09af9dc70][gui thread] polishAndSync: start, elapsed since last call: 16 ms
Aug 28 18:45:14 hearth quickshell[181612]:  DEBUG qt.scenegraph.time.renderloop: [window 0x7fa09e00ec60][render thread 0x7fa09c606e00] syncAndRender: frame rendered in 0ms, sync=0, render=0, swap=0
Aug 28 18:45:14 hearth quickshell[181612]:  DEBUG qt.scenegraph.time.renderloop: [window 0x7fa09af9dc70][render thread 0x7fa09c607420] syncAndRender: start, elapsed since last call: 16 ms
Aug 28 18:45:14 hearth quickshell[181612]:  DEBUG qt.scenegraph.time.renderloop: [window 0x7fa09af9dc70][gui thread] Frame prepared, polish=0 ms, lock=0 ms, blockedForSync=0 ms, animations=0 ms
Aug 28 18:45:14 hearth quickshell[181612]:  DEBUG qt.scenegraph.time.renderer: time in renderer: total=0ms, preprocess=0, updates=0, rendering=0
Aug 28 18:45:14 hearth quickshell[181612]:  DEBUG qt.scenegraph.time.renderloop: [window 0x7fa09e00ec60][gui thread] polishAndSync: start, elapsed since last call: 16 ms
Aug 28 18:45:14 hearth quickshell[181612]:  DEBUG qt.scenegraph.time.renderloop: [window 0x7fa09af9dc70][render thread 0x7fa09c607420] syncAndRender: frame rendered in 16ms, sync=0, render=0, swap=16
Aug 28 18:45:14 hearth quickshell[181612]:  DEBUG qt.scenegraph.time.renderloop: [window 0x7fa09e00ec60][render thread 0x7fa09c606e00] syncAndRender: start, elapsed since last call: 16 ms
Aug 28 18:45:14 hearth quickshell[181612]:  DEBUG qt.scenegraph.time.renderer: time in renderer: total=0ms, preprocess=0, updates=0, rendering=0
Aug 28 18:45:14 hearth quickshell[181612]:  DEBUG qt.scenegraph.time.renderloop: [window 0x7fa09e00ec60][gui thread] Frame prepared, polish=0 ms, lock=0 ms, blockedForSync=0 ms, animations=0 ms
Aug 28 18:45:14 hearth quickshell[181612]:  DEBUG qt.scenegraph.time.renderloop: [window 0x7fa09af9dc70][gui thread] polishAndSync: start, elapsed since last call: 16 ms
Aug 28 18:45:14 hearth quickshell[181612]:  DEBUG qt.scenegraph.time.renderloop: [window 0x7fa09e00ec60][render thread 0x7fa09c606e00] syncAndRender: frame rendered in 0ms, sync=0, render=0, swap=0
Aug 28 18:45:14 hearth quickshell[181612]:  DEBUG qt.scenegraph.time.renderloop: [window 0x7fa09af9dc70][render thread 0x7fa09c607420] syncAndRender: start, elapsed since last call: 16 ms
Aug 28 18:45:14 hearth quickshell[181612]:  DEBUG qt.scenegraph.time.renderloop: [window 0x7fa09af9dc70][gui thread] Frame prepared, polish=0 ms, lock=0 ms, blockedForSync=0 ms, animations=0 ms
Aug 28 18:45:14 hearth quickshell[181612]:  DEBUG qt.scenegraph.time.renderer: time in renderer: total=0ms, preprocess=0, updates=0, rendering=0
Aug 28 18:45:14 hearth quickshell[181612]:  DEBUG qt.scenegraph.time.renderloop: [window 0x7fa09e00ec60][gui thread] polishAndSync: start, elapsed since last call: 16 ms
Aug 28 18:45:14 hearth quickshell[181612]:  DEBUG qt.scenegraph.time.renderloop: [window 0x7fa09af9dc70][render thread 0x7fa09c607420] syncAndRender: frame rendered in 16ms, sync=0, render=0, swap=16
Aug 28 18:45:14 hearth quickshell[181612]:  DEBUG qt.scenegraph.time.renderloop: [window 0x7fa09e00ec60][render thread 0x7fa09c606e00] syncAndRender: start, elapsed since last call: 16 ms
Aug 28 18:45:14 hearth quickshell[181612]:  DEBUG qt.scenegraph.time.renderer: time in renderer: total=0ms, preprocess=0, updates=0, rendering=0
Aug 28 18:45:14 hearth quickshell[181612]:  DEBUG qt.scenegraph.time.renderloop: [window 0x7fa09e00ec60][gui thread] Frame prepared, polish=0 ms, lock=0 ms, blockedForSync=0 ms, animations=0 ms
Aug 28 18:45:14 hearth quickshell[181612]:  DEBUG qt.scenegraph.time.renderloop: [window 0x7fa09af9dc70][gui thread] polishAndSync: start, elapsed since last call: 16 ms
Aug 28 18:45:14 hearth quickshell[181612]:  DEBUG qt.scenegraph.time.renderloop: [window 0x7fa09e00ec60][render thread 0x7fa09c606e00] syncAndRender: frame rendered in 0ms, sync=0, render=0, swap=0
Aug 28 18:45:14 hearth quickshell[181612]:  DEBUG qt.scenegraph.time.renderloop: [window 0x7fa09af9dc70][render thread 0x7fa09c607420] syncAndRender: start, elapsed since last call: 16 ms
Aug 28 18:45:14 hearth quickshell[181612]:  DEBUG qt.scenegraph.time.renderloop: [window 0x7fa09af9dc70][gui thread] Frame prepared, polish=0 ms, lock=0 ms, blockedForSync=0 ms, animations=0 ms
Aug 28 18:45:14 hearth quickshell[181612]:  DEBUG qt.scenegraph.time.renderer: time in renderer: total=0ms, preprocess=0, updates=0, rendering=0
Aug 28 18:45:14 hearth quickshell[181612]:  DEBUG qt.scenegraph.time.renderloop: [window 0x7fa09e00ec60][gui thread] polishAndSync: start, elapsed since last call: 16 ms
Aug 28 18:45:14 hearth quickshell[181612]:  DEBUG qt.scenegraph.time.renderloop: [window 0x7fa09af9dc70][render thread 0x7fa09c607420] syncAndRender: frame rendered in 16ms, sync=0, render=0, swap=15
Aug 28 18:45:14 hearth quickshell[181612]:  DEBUG qt.scenegraph.time.renderloop: [window 0x7fa09e00ec60][render thread 0x7fa09c606e00] syncAndRender: start, elapsed since last call: 16 ms
Aug 28 18:45:14 hearth quickshell[181612]:  DEBUG qt.scenegraph.time.renderer: time in renderer: total=0ms, preprocess=0, updates=0, rendering=0
Aug 28 18:45:14 hearth quickshell[181612]:  DEBUG qt.scenegraph.time.renderloop: [window 0x7fa09e00ec60][gui thread] Frame prepared, polish=0 ms, lock=0 ms, blockedForSync=0 ms, animations=0 ms
Aug 28 18:45:14 hearth quickshell[181612]:  DEBUG qt.scenegraph.time.renderloop: [window 0x7fa09af9dc70][gui thread] polishAndSync: start, elapsed since last call: 16 ms
Aug 28 18:45:14 hearth quickshell[181612]:  DEBUG qt.scenegraph.time.renderloop: [window 0x7fa09e00ec60][render thread 0x7fa09c606e00] syncAndRender: frame rendered in 0ms, sync=0, render=0, swap=0
Aug 28 18:45:14 hearth quickshell[181612]:  DEBUG qt.scenegraph.time.renderloop: [window 0x7fa09af9dc70][render thread 0x7fa09c607420] syncAndRender: start, elapsed since last call: 16 ms
Aug 28 18:45:14 hearth quickshell[181612]:  DEBUG qt.scenegraph.time.renderloop: [window 0x7fa09af9dc70][gui thread] Frame prepared, polish=0 ms, lock=0 ms, blockedForSync=0 ms, animations=0 ms
Aug 28 18:45:14 hearth quickshell[181612]:  DEBUG qt.scenegraph.time.renderer: time in renderer: total=0ms, preprocess=0, updates=0, rendering=0
Aug 28 18:45:14 hearth quickshell[181612]:  DEBUG qt.scenegraph.time.renderloop: [window 0x7fa09e00ec60][gui thread] polishAndSync: start, elapsed since last call: 16 ms
Aug 28 18:45:14 hearth quickshell[181612]:  DEBUG qt.scenegraph.time.renderloop: [window 0x7fa09af9dc70][render thread 0x7fa09c607420] syncAndRender: frame rendered in 16ms, sync=0, render=0, swap=15
Aug 28 18:45:14 hearth quickshell[181612]:  DEBUG qt.scenegraph.time.renderloop: [window 0x7fa09e00ec60][render thread 0x7fa09c606e00] syncAndRender: start, elapsed since last call: 16 ms
Aug 28 18:45:14 hearth quickshell[181612]:  DEBUG qt.scenegraph.time.renderer: time in renderer: total=0ms, preprocess=0, updates=0, rendering=0
Aug 28 18:45:14 hearth quickshell[181612]:  DEBUG qt.scenegraph.time.renderloop: [window 0x7fa09e00ec60][gui thread] Frame prepared, polish=0 ms, lock=0 ms, blockedForSync=0 ms, animations=0 ms
Aug 28 18:45:14 hearth quickshell[181612]:  DEBUG qt.scenegraph.time.renderloop: [window 0x7fa09af9dc70][gui thread] polishAndSync: start, elapsed since last call: 16 ms
Aug 28 18:45:14 hearth quickshell[181612]:  DEBUG qt.scenegraph.time.renderloop: [window 0x7fa09af9dc70][render thread 0x7fa09c607420] syncAndRender: start, elapsed since last call: 16 ms
Aug 28 18:45:14 hearth quickshell[181612]:  DEBUG qt.scenegraph.time.renderloop: [window 0x7fa09e00ec60][render thread 0x7fa09c606e00] syncAndRender: frame rendered in 0ms, sync=0, render=0, swap=0
Aug 28 18:45:14 hearth quickshell[181612]:  DEBUG qt.scenegraph.time.renderloop: [window 0x7fa09af9dc70][gui thread] Frame prepared, polish=0 ms, lock=0 ms, blockedForSync=0 ms, animations=0 ms
Aug 28 18:45:14 hearth quickshell[181612]:  DEBUG qt.scenegraph.time.renderer: time in renderer: total=0ms, preprocess=0, updates=0, rendering=0
Aug 28 18:45:14 hearth quickshell[181612]:  DEBUG qt.scenegraph.time.renderloop: [window 0x7fa09e00ec60][gui thread] polishAndSync: start, elapsed since last call: 16 ms
Aug 28 18:45:14 hearth quickshell[181612]:  DEBUG qt.scenegraph.time.renderloop: [window 0x7fa09af9dc70][render thread 0x7fa09c607420] syncAndRender: frame rendered in 16ms, sync=0, render=0, swap=16
Aug 28 18:45:14 hearth quickshell[181612]:  DEBUG qt.scenegraph.time.renderloop: [window 0x7fa09e00ec60][render thread 0x7fa09c606e00] syncAndRender: start, elapsed since last call: 16 ms
Aug 28 18:45:14 hearth quickshell[181612]:  DEBUG qt.scenegraph.time.renderer: time in renderer: total=0ms, preprocess=0, updates=0, rendering=0
Aug 28 18:45:14 hearth quickshell[181612]:  DEBUG qt.scenegraph.time.renderloop: [window 0x7fa09e00ec60][gui thread] Frame prepared, polish=0 ms, lock=0 ms, blockedForSync=0 ms, animations=0 ms
Aug 28 18:45:14 hearth quickshell[181612]:  DEBUG qt.scenegraph.time.renderloop: [window 0x7fa09af9dc70][gui thread] polishAndSync: start, elapsed since last call: 16 ms
Aug 28 18:45:14 hearth quickshell[181612]:  DEBUG qt.scenegraph.time.renderloop: [window 0x7fa09af9dc70][render thread 0x7fa09c607420] syncAndRender: start, elapsed since last call: 16 ms
Aug 28 18:45:14 hearth quickshell[181612]:  DEBUG qt.scenegraph.time.renderloop: [window 0x7fa09e00ec60][render thread 0x7fa09c606e00] syncAndRender: frame rendered in 0ms, sync=0, render=0, swap=0
Aug 28 18:45:14 hearth quickshell[181612]:  DEBUG qt.scenegraph.time.renderloop: [window 0x7fa09af9dc70][gui thread] Frame prepared, polish=0 ms, lock=0 ms, blockedForSync=0 ms, animations=0 ms
Aug 28 18:45:14 hearth quickshell[181612]:  DEBUG qt.scenegraph.time.renderer: time in renderer: total=0ms, preprocess=0, updates=0, rendering=0
Aug 28 18:45:15 hearth quickshell[181612]:  DEBUG qt.scenegraph.time.renderloop: [window 0x7fa09e00ec60][gui thread] polishAndSync: start, elapsed since last call: 16 ms
Aug 28 18:45:15 hearth quickshell[181612]:  DEBUG qt.scenegraph.time.renderloop: [window 0x7fa09af9dc70][render thread 0x7fa09c607420] syncAndRender: frame rendered in 16ms, sync=0, render=0, swap=16
Aug 28 18:45:15 hearth quickshell[181612]:  DEBUG qt.scenegraph.time.renderloop: [window 0x7fa09e00ec60][render thread 0x7fa09c606e00] syncAndRender: start, elapsed since last call: 16 ms
Aug 28 18:45:15 hearth quickshell[181612]:  DEBUG qt.scenegraph.time.renderloop: [window 0x7fa09e00ec60][gui thread] Frame prepared, polish=0 ms, lock=0 ms, blockedForSync=0 ms, animations=0 ms
Aug 28 18:45:15 hearth quickshell[181612]:  DEBUG qt.scenegraph.time.renderloop: [window 0x7fa09af9dc70][gui thread] polishAndSync: start, elapsed since last call: 16 ms
Aug 28 18:45:15 hearth quickshell[181612]:  DEBUG qt.scenegraph.time.renderer: time in renderer: total=0ms, preprocess=0, updates=0, rendering=0
Aug 28 18:45:15 hearth quickshell[181612]:  DEBUG qt.scenegraph.time.renderloop: [window 0x7fa09af9dc70][render thread 0x7fa09c607420] syncAndRender: start, elapsed since last call: 16 ms
Aug 28 18:45:15 hearth quickshell[181612]:  DEBUG qt.scenegraph.time.renderloop: [window 0x7fa09af9dc70][gui thread] Frame prepared, polish=0 ms, lock=0 ms, blockedForSync=0 ms, animations=0 ms
Aug 28 18:45:15 hearth quickshell[181612]:  DEBUG qt.scenegraph.time.renderloop: [window 0x7fa09e00ec60][render thread 0x7fa09c606e00] syncAndRender: frame rendered in 0ms, sync=0, render=0, swap=0
Aug 28 18:45:15 hearth quickshell[181612]:  DEBUG qt.scenegraph.time.renderer: time in renderer: total=0ms, preprocess=0, updates=0, rendering=0
Aug 28 18:45:15 hearth quickshell[181612]:  DEBUG qt.scenegraph.time.renderloop: [window 0x7fa09e00ec60][gui thread] polishAndSync: start, elapsed since last call: 16 ms
Aug 28 18:45:15 hearth quickshell[181612]:  DEBUG qt.scenegraph.time.renderloop: [window 0x7fa09af9dc70][render thread 0x7fa09c607420] syncAndRender: frame rendered in 16ms, sync=0, render=0, swap=16
Aug 28 18:45:15 hearth quickshell[181612]:  DEBUG qt.scenegraph.time.renderloop: [window 0x7fa09e00ec60][render thread 0x7fa09c606e00] syncAndRender: start, elapsed since last call: 16 ms
Aug 28 18:45:15 hearth quickshell[181612]:  DEBUG qt.scenegraph.time.renderer: time in renderer: total=0ms, preprocess=0, updates=0, rendering=0
Aug 28 18:45:15 hearth quickshell[181612]:  DEBUG qt.scenegraph.time.renderloop: [window 0x7fa09e00ec60][gui thread] Frame prepared, polish=0 ms, lock=0 ms, blockedForSync=0 ms, animations=0 ms
Aug 28 18:45:15 hearth quickshell[181612]:  DEBUG qt.scenegraph.time.renderloop: [window 0x7fa09af9dc70][gui thread] polishAndSync: start, elapsed since last call: 16 ms
Aug 28 18:45:15 hearth quickshell[181612]:  DEBUG qt.scenegraph.time.renderloop: [window 0x7fa09af9dc70][render thread 0x7fa09c607420] syncAndRender: start, elapsed since last call: 16 ms
Aug 28 18:45:15 hearth quickshell[181612]:  DEBUG qt.scenegraph.time.renderloop: [window 0x7fa09e00ec60][render thread 0x7fa09c606e00] syncAndRender: frame rendered in 0ms, sync=0, render=0, swap=0
Aug 28 18:45:15 hearth quickshell[181612]:  DEBUG qt.scenegraph.time.renderloop: [window 0x7fa09af9dc70][gui thread] Frame prepared, polish=0 ms, lock=0 ms, blockedForSync=0 ms, animations=0 ms
Aug 28 18:45:15 hearth quickshell[181612]:  DEBUG qt.scenegraph.time.renderer: time in renderer: total=0ms, preprocess=0, updates=0, rendering=0
Aug 28 18:45:15 hearth quickshell[181612]:  DEBUG qt.scenegraph.time.renderloop: [window 0x7fa09e00ec60][gui thread] polishAndSync: start, elapsed since last call: 16 ms
Aug 28 18:45:15 hearth quickshell[181612]:  DEBUG qt.scenegraph.time.renderloop: [window 0x7fa09af9dc70][render thread 0x7fa09c607420] syncAndRender: frame rendered in 16ms, sync=0, render=0, swap=16
Aug 28 18:45:15 hearth quickshell[181612]:  DEBUG qt.scenegraph.time.renderloop: [window 0x7fa09e00ec60][render thread 0x7fa09c606e00] syncAndRender: start, elapsed since last call: 16 ms
Aug 28 18:45:15 hearth quickshell[181612]:  DEBUG qt.scenegraph.time.renderer: time in renderer: total=0ms, preprocess=0, updates=0, rendering=0
Aug 28 18:45:15 hearth quickshell[181612]:  DEBUG qt.scenegraph.time.renderloop: [window 0x7fa09e00ec60][gui thread] Frame prepared, polish=0 ms, lock=0 ms, blockedForSync=0 ms, animations=0 ms
Aug 28 18:45:15 hearth quickshell[181612]:  DEBUG qt.scenegraph.time.renderloop: [window 0x7fa09af9dc70][gui thread] polishAndSync: start, elapsed since last call: 16 ms
Aug 28 18:45:15 hearth quickshell[181612]:  DEBUG qt.scenegraph.time.renderloop: [window 0x7fa09e00ec60][render thread 0x7fa09c606e00] syncAndRender: frame rendered in 0ms, sync=0, render=0, swap=0
Aug 28 18:45:15 hearth quickshell[181612]:  DEBUG qt.scenegraph.time.renderloop: [window 0x7fa09af9dc70][render thread 0x7fa09c607420] syncAndRender: start, elapsed since last call: 17 ms
Aug 28 18:45:15 hearth quickshell[181612]:  DEBUG qt.scenegraph.time.renderloop: [window 0x7fa09af9dc70][gui thread] Frame prepared, polish=0 ms, lock=0 ms, blockedForSync=0 ms, animations=0 ms
Aug 28 18:45:15 hearth quickshell[181612]:  DEBUG qt.scenegraph.time.renderer: time in renderer: total=0ms, preprocess=0, updates=0, rendering=0
Aug 28 18:45:15 hearth quickshell[181612]:  DEBUG qt.scenegraph.time.renderloop: [window 0x7fa09e00ec60][gui thread] polishAndSync: start, elapsed since last call: 16 ms
Aug 28 18:45:15 hearth quickshell[181612]:  DEBUG qt.scenegraph.time.renderloop: [window 0x7fa09af9dc70][render thread 0x7fa09c607420] syncAndRender: frame rendered in 15ms, sync=0, render=0, swap=15
Aug 28 18:45:15 hearth quickshell[181612]:  DEBUG qt.scenegraph.time.renderloop: [window 0x7fa09e00ec60][render thread 0x7fa09c606e00] syncAndRender: start, elapsed since last call: 16 ms
Aug 28 18:45:15 hearth quickshell[181612]:  DEBUG qt.scenegraph.time.renderloop: [window 0x7fa09e00ec60][gui thread] Frame prepared, polish=0 ms, lock=0 ms, blockedForSync=0 ms, animations=0 ms
Aug 28 18:45:15 hearth quickshell[181612]:  DEBUG qt.scenegraph.time.renderer: time in renderer: total=0ms, preprocess=0, updates=0, rendering=0
Aug 28 18:45:15 hearth quickshell[181612]:  DEBUG qt.scenegraph.time.renderloop: [window 0x7fa09af9dc70][gui thread] polishAndSync: start, elapsed since last call: 16 ms
Aug 28 18:45:15 hearth quickshell[181612]:  DEBUG qt.scenegraph.time.renderloop: [window 0x7fa09af9dc70][render thread 0x7fa09c607420] syncAndRender: start, elapsed since last call: 16 ms
Aug 28 18:45:15 hearth quickshell[181612]:  DEBUG qt.scenegraph.time.renderloop: [window 0x7fa09e00ec60][render thread 0x7fa09c606e00] syncAndRender: frame rendered in 0ms, sync=0, render=0, swap=0
Aug 28 18:45:15 hearth quickshell[181612]:  DEBUG qt.scenegraph.time.renderloop: [window 0x7fa09af9dc70][gui thread] Frame prepared, polish=0 ms, lock=0 ms, blockedForSync=0 ms, animations=0 ms
Aug 28 18:45:15 hearth quickshell[181612]:  DEBUG qt.scenegraph.time.renderer: time in renderer: total=0ms, preprocess=0, updates=0, rendering=0
Aug 28 18:45:15 hearth quickshell[181612]:  DEBUG qt.scenegraph.time.renderloop: [window 0x7fa09e00ec60][gui thread] polishAndSync: start, elapsed since last call: 16 ms
Aug 28 18:45:15 hearth quickshell[181612]:  DEBUG qt.scenegraph.time.renderloop: [window 0x7fa09af9dc70][render thread 0x7fa09c607420] syncAndRender: frame rendered in 16ms, sync=0, render=0, swap=16
Aug 28 18:45:15 hearth quickshell[181612]:  DEBUG qt.scenegraph.time.renderloop: [window 0x7fa09e00ec60][render thread 0x7fa09c606e00] syncAndRender: start, elapsed since last call: 16 ms
Aug 28 18:45:15 hearth quickshell[181612]:  DEBUG qt.scenegraph.time.renderer: time in renderer: total=0ms, preprocess=0, updates=0, rendering=0
Aug 28 18:45:15 hearth quickshell[181612]:  DEBUG qt.scenegraph.time.renderloop: [window 0x7fa09e00ec60][gui thread] Frame prepared, polish=0 ms, lock=0 ms, blockedForSync=0 ms, animations=0 ms
Aug 28 18:45:15 hearth quickshell[181612]:  DEBUG qt.scenegraph.time.renderloop: [window 0x7fa09af9dc70][gui thread] polishAndSync: start, elapsed since last call: 16 ms
Aug 28 18:45:15 hearth quickshell[181612]:  DEBUG qt.scenegraph.time.renderloop: [window 0x7fa09e00ec60][render thread 0x7fa09c606e00] syncAndRender: frame rendered in 0ms, sync=0, render=0, swap=0
Aug 28 18:45:15 hearth quickshell[181612]:  DEBUG qt.scenegraph.time.renderloop: [window 0x7fa09af9dc70][render thread 0x7fa09c607420] syncAndRender: start, elapsed since last call: 16 ms
Aug 28 18:45:15 hearth quickshell[181612]:  DEBUG qt.scenegraph.time.renderloop: [window 0x7fa09af9dc70][gui thread] Frame prepared, polish=0 ms, lock=0 ms, blockedForSync=0 ms, animations=0 ms
Aug 28 18:45:15 hearth quickshell[181612]:  DEBUG qt.scenegraph.time.renderer: time in renderer: total=0ms, preprocess=0, updates=0, rendering=0
Aug 28 18:45:15 hearth quickshell[181612]:  DEBUG qt.scenegraph.time.renderloop: [window 0x7fa09e00ec60][gui thread] polishAndSync: start, elapsed since last call: 16 ms
Aug 28 18:45:15 hearth quickshell[181612]:  DEBUG qt.scenegraph.time.renderloop: [window 0x7fa09af9dc70][render thread 0x7fa09c607420] syncAndRender: frame rendered in 16ms, sync=0, render=0, swap=16
Aug 28 18:45:15 hearth quickshell[181612]:  DEBUG qt.scenegraph.time.renderloop: [window 0x7fa09e00ec60][render thread 0x7fa09c606e00] syncAndRender: start, elapsed since last call: 16 ms
Aug 28 18:45:15 hearth quickshell[181612]:  DEBUG qt.scenegraph.time.renderloop: [window 0x7fa09e00ec60][gui thread] Frame prepared, polish=0 ms, lock=0 ms, blockedForSync=0 ms, animations=0 ms
Aug 28 18:45:15 hearth quickshell[181612]:  DEBUG qt.scenegraph.time.renderer: time in renderer: total=0ms, preprocess=0, updates=0, rendering=0
Aug 28 18:45:15 hearth quickshell[181612]:  DEBUG qt.scenegraph.time.renderloop: [window 0x7fa09af9dc70][gui thread] polishAndSync: start, elapsed since last call: 16 ms
Aug 28 18:45:15 hearth quickshell[181612]:  DEBUG qt.scenegraph.time.renderloop: [window 0x7fa09af9dc70][render thread 0x7fa09c607420] syncAndRender: start, elapsed since last call: 16 ms
Aug 28 18:45:15 hearth quickshell[181612]:  DEBUG qt.scenegraph.time.renderloop: [window 0x7fa09e00ec60][render thread 0x7fa09c606e00] syncAndRender: frame rendered in 0ms, sync=0, render=0, swap=0
Aug 28 18:45:15 hearth quickshell[181612]:  DEBUG qt.scenegraph.time.renderloop: [window 0x7fa09af9dc70][gui thread] Frame prepared, polish=0 ms, lock=0 ms, blockedForSync=0 ms, animations=0 ms
Aug 28 18:45:15 hearth quickshell[181612]:  DEBUG qt.scenegraph.time.renderer: time in renderer: total=0ms, preprocess=0, updates=0, rendering=0
Aug 28 18:45:15 hearth quickshell[181612]:  DEBUG qt.scenegraph.time.renderloop: [window 0x7fa09e00ec60][gui thread] polishAndSync: start, elapsed since last call: 16 ms
Aug 28 18:45:15 hearth quickshell[181612]:  DEBUG qt.scenegraph.time.renderloop: [window 0x7fa09af9dc70][render thread 0x7fa09c607420] syncAndRender: frame rendered in 16ms, sync=0, render=0, swap=16
Aug 28 18:45:15 hearth quickshell[181612]:  DEBUG qt.scenegraph.time.renderloop: [window 0x7fa09e00ec60][render thread 0x7fa09c606e00] syncAndRender: start, elapsed since last call: 16 ms
Aug 28 18:45:15 hearth quickshell[181612]:  DEBUG qt.scenegraph.time.renderer: time in renderer: total=0ms, preprocess=0, updates=0, rendering=0
Aug 28 18:45:15 hearth quickshell[181612]:  DEBUG qt.scenegraph.time.renderloop: [window 0x7fa09e00ec60][gui thread] Frame prepared, polish=0 ms, lock=0 ms, blockedForSync=0 ms, animations=0 ms
Aug 28 18:45:15 hearth quickshell[181612]:  DEBUG qt.scenegraph.time.renderloop: [window 0x7fa09af9dc70][gui thread] polishAndSync: start, elapsed since last call: 16 ms
Aug 28 18:45:15 hearth quickshell[181612]:  DEBUG qt.scenegraph.time.renderloop: [window 0x7fa09af9dc70][render thread 0x7fa09c607420] syncAndRender: start, elapsed since last call: 16 ms
Aug 28 18:45:15 hearth quickshell[181612]:  DEBUG qt.scenegraph.time.renderloop: [window 0x7fa09e00ec60][render thread 0x7fa09c606e00] syncAndRender: frame rendered in 0ms, sync=0, render=0, swap=0
Aug 28 18:45:15 hearth quickshell[181612]:  DEBUG qt.scenegraph.time.renderloop: [window 0x7fa09af9dc70][gui thread] Frame prepared, polish=0 ms, lock=0 ms, blockedForSync=0 ms, animations=0 ms
Aug 28 18:45:15 hearth quickshell[181612]:  DEBUG qt.scenegraph.time.renderer: time in renderer: total=0ms, preprocess=0, updates=0, rendering=0
Aug 28 18:45:15 hearth quickshell[181612]:  DEBUG qt.scenegraph.time.renderloop: [window 0x7fa09e00ec60][gui thread] polishAndSync: start, elapsed since last call: 16 ms
Aug 28 18:45:15 hearth quickshell[181612]:  DEBUG qt.scenegraph.time.renderloop: [window 0x7fa09af9dc70][render thread 0x7fa09c607420] syncAndRender: frame rendered in 16ms, sync=0, render=0, swap=16
Aug 28 18:45:15 hearth quickshell[181612]:  DEBUG qt.scenegraph.time.renderloop: [window 0x7fa09e00ec60][render thread 0x7fa09c606e00] syncAndRender: start, elapsed since last call: 16 ms
Aug 28 18:45:15 hearth quickshell[181612]:  DEBUG qt.scenegraph.time.renderloop: [window 0x7fa09e00ec60][gui thread] Frame prepared, polish=0 ms, lock=0 ms, blockedForSync=0 ms, animations=0 ms
Aug 28 18:45:15 hearth quickshell[181612]:  DEBUG qt.scenegraph.time.renderer: time in renderer: total=0ms, preprocess=0, updates=0, rendering=0
Aug 28 18:45:15 hearth quickshell[181612]:  DEBUG qt.scenegraph.time.renderloop: [window 0x7fa09af9dc70][gui thread] polishAndSync: start, elapsed since last call: 16 ms
Aug 28 18:45:15 hearth quickshell[181612]:  DEBUG qt.scenegraph.time.renderloop: [window 0x7fa09af9dc70][render thread 0x7fa09c607420] syncAndRender: start, elapsed since last call: 16 ms
Aug 28 18:45:15 hearth quickshell[181612]:  DEBUG qt.scenegraph.time.renderloop: [window 0x7fa09e00ec60][render thread 0x7fa09c606e00] syncAndRender: frame rendered in 0ms, sync=0, render=0, swap=0
Aug 28 18:45:15 hearth quickshell[181612]:  DEBUG qt.scenegraph.time.renderloop: [window 0x7fa09af9dc70][gui thread] Frame prepared, polish=0 ms, lock=0 ms, blockedForSync=0 ms, animations=0 ms
Aug 28 18:45:15 hearth quickshell[181612]:  DEBUG qt.scenegraph.time.renderer: time in renderer: total=0ms, preprocess=0, updates=0, rendering=0
Aug 28 18:45:15 hearth quickshell[181612]:  DEBUG qt.scenegraph.time.renderloop: [window 0x7fa09e00ec60][gui thread] polishAndSync: start, elapsed since last call: 16 ms
Aug 28 18:45:15 hearth quickshell[181612]:  DEBUG qt.scenegraph.time.renderloop: [window 0x7fa09af9dc70][render thread 0x7fa09c607420] syncAndRender: frame rendered in 16ms, sync=0, render=0, swap=16
Aug 28 18:45:15 hearth quickshell[181612]:  DEBUG qt.scenegraph.time.renderloop: [window 0x7fa09e00ec60][render thread 0x7fa09c606e00] syncAndRender: start, elapsed since last call: 16 ms
Aug 28 18:45:15 hearth quickshell[181612]:  DEBUG qt.scenegraph.time.renderloop: [window 0x7fa09e00ec60][gui thread] Frame prepared, polish=0 ms, lock=0 ms, blockedForSync=0 ms, animations=0 ms
Aug 28 18:45:15 hearth quickshell[181612]:  DEBUG qt.scenegraph.time.renderloop: [window 0x7fa09af9dc70][gui thread] polishAndSync: start, elapsed since last call: 16 ms
Aug 28 18:45:15 hearth quickshell[181612]:  DEBUG qt.scenegraph.time.renderloop: [window 0x7fa09af9dc70][render thread 0x7fa09c607420] syncAndRender: start, elapsed since last call: 16 ms
Aug 28 18:45:15 hearth quickshell[181612]:  DEBUG qt.scenegraph.time.renderer: time in renderer: total=0ms, preprocess=0, updates=0, rendering=0
Aug 28 18:45:15 hearth quickshell[181612]:  DEBUG qt.scenegraph.time.renderloop: [window 0x7fa09e00ec60][render thread 0x7fa09c606e00] syncAndRender: frame rendered in 0ms, sync=0, render=0, swap=0
Aug 28 18:45:15 hearth quickshell[181612]:  DEBUG qt.scenegraph.time.renderloop: [window 0x7fa09af9dc70][gui thread] Frame prepared, polish=0 ms, lock=0 ms, blockedForSync=0 ms, animations=0 ms
Aug 28 18:45:15 hearth quickshell[181612]:  DEBUG qt.scenegraph.time.renderer: time in renderer: total=0ms, preprocess=0, updates=0, rendering=0
Aug 28 18:45:15 hearth quickshell[181612]:  DEBUG qt.scenegraph.time.renderloop: [window 0x7fa09e00ec60][gui thread] polishAndSync: start, elapsed since last call: 16 ms
Aug 28 18:45:15 hearth quickshell[181612]:  DEBUG qt.scenegraph.time.renderloop: [window 0x7fa09af9dc70][render thread 0x7fa09c607420] syncAndRender: frame rendered in 16ms, sync=0, render=0, swap=16
Aug 28 18:45:15 hearth quickshell[181612]:  DEBUG qt.scenegraph.time.renderloop: [window 0x7fa09e00ec60][render thread 0x7fa09c606e00] syncAndRender: start, elapsed since last call: 16 ms
Aug 28 18:45:15 hearth quickshell[181612]:  DEBUG qt.scenegraph.time.renderer: time in renderer: total=0ms, preprocess=0, updates=0, rendering=0
Aug 28 18:45:15 hearth quickshell[181612]:  DEBUG qt.scenegraph.time.renderloop: [window 0x7fa09e00ec60][gui thread] Frame prepared, polish=0 ms, lock=0 ms, blockedForSync=0 ms, animations=0 ms
Aug 28 18:45:15 hearth quickshell[181612]:  DEBUG qt.scenegraph.time.renderloop: [window 0x7fa09af9dc70][gui thread] polishAndSync: start, elapsed since last call: 16 ms
Aug 28 18:45:15 hearth quickshell[181612]:  DEBUG qt.scenegraph.time.renderloop: [window 0x7fa09e00ec60][render thread 0x7fa09c606e00] syncAndRender: frame rendered in 0ms, sync=0, render=0, swap=0
Aug 28 18:45:15 hearth quickshell[181612]:  DEBUG qt.scenegraph.time.renderloop: [window 0x7fa09af9dc70][render thread 0x7fa09c607420] syncAndRender: start, elapsed since last call: 16 ms
Aug 28 18:45:15 hearth quickshell[181612]:  DEBUG qt.scenegraph.time.renderloop: [window 0x7fa09af9dc70][gui thread] Frame prepared, polish=0 ms, lock=0 ms, blockedForSync=0 ms, animations=0 ms
Aug 28 18:45:15 hearth quickshell[181612]:  DEBUG qt.scenegraph.time.renderer: time in renderer: total=0ms, preprocess=0, updates=0, rendering=0
Aug 28 18:45:15 hearth quickshell[181612]:  DEBUG qt.scenegraph.time.renderloop: [window 0x7fa09e00ec60][gui thread] polishAndSync: start, elapsed since last call: 16 ms
Aug 28 18:45:15 hearth quickshell[181612]:  DEBUG qt.scenegraph.time.renderloop: [window 0x7fa09af9dc70][render thread 0x7fa09c607420] syncAndRender: frame rendered in 16ms, sync=0, render=0, swap=16
Aug 28 18:45:15 hearth quickshell[181612]:  DEBUG qt.scenegraph.time.renderloop: [window 0x7fa09e00ec60][render thread 0x7fa09c606e00] syncAndRender: start, elapsed since last call: 16 ms
Aug 28 18:45:15 hearth quickshell[181612]:  DEBUG qt.scenegraph.time.renderloop: [window 0x7fa09e00ec60][gui thread] Frame prepared, polish=0 ms, lock=0 ms, blockedForSync=0 ms, animations=0 ms
Aug 28 18:45:15 hearth quickshell[181612]:  DEBUG qt.scenegraph.time.renderloop: [window 0x7fa09af9dc70][gui thread] polishAndSync: start, elapsed since last call: 16 ms
Aug 28 18:45:15 hearth quickshell[181612]:  DEBUG qt.scenegraph.time.renderloop: [window 0x7fa09af9dc70][render thread 0x7fa09c607420] syncAndRender: start, elapsed since last call: 16 ms
Aug 28 18:45:15 hearth quickshell[181612]:  DEBUG qt.scenegraph.time.renderer: time in renderer: total=0ms, preprocess=0, updates=0, rendering=0
Aug 28 18:45:15 hearth quickshell[181612]:  DEBUG qt.scenegraph.time.renderloop: [window 0x7fa09af9dc70][gui thread] Frame prepared, polish=0 ms, lock=0 ms, blockedForSync=0 ms, animations=0 ms
Aug 28 18:45:15 hearth quickshell[181612]:  DEBUG qt.scenegraph.time.renderloop: [window 0x7fa09e00ec60][render thread 0x7fa09c606e00] syncAndRender: frame rendered in 0ms, sync=0, render=0, swap=0
Aug 28 18:45:15 hearth quickshell[181612]:  DEBUG qt.scenegraph.time.renderer: time in renderer: total=0ms, preprocess=0, updates=0, rendering=0
Aug 28 18:45:15 hearth quickshell[181612]:  DEBUG qt.scenegraph.time.renderloop: [window 0x7fa09e00ec60][gui thread] polishAndSync: start, elapsed since last call: 16 ms
Aug 28 18:45:15 hearth quickshell[181612]:  DEBUG qt.scenegraph.time.renderloop: [window 0x7fa09af9dc70][render thread 0x7fa09c607420] syncAndRender: frame rendered in 16ms, sync=0, render=0, swap=16
Aug 28 18:45:15 hearth quickshell[181612]:  DEBUG qt.scenegraph.time.renderloop: [window 0x7fa09e00ec60][render thread 0x7fa09c606e00] syncAndRender: start, elapsed since last call: 16 ms
Aug 28 18:45:15 hearth quickshell[181612]:  DEBUG qt.scenegraph.time.renderer: time in renderer: total=0ms, preprocess=0, updates=0, rendering=0
Aug 28 18:45:15 hearth quickshell[181612]:  DEBUG qt.scenegraph.time.renderloop: [window 0x7fa09e00ec60][gui thread] Frame prepared, polish=0 ms, lock=0 ms, blockedForSync=0 ms, animations=0 ms
Aug 28 18:45:15 hearth quickshell[181612]:  DEBUG qt.scenegraph.time.renderloop: [window 0x7fa09af9dc70][gui thread] polishAndSync: start, elapsed since last call: 16 ms
Aug 28 18:45:15 hearth quickshell[181612]:  DEBUG qt.scenegraph.time.renderloop: [window 0x7fa09af9dc70][render thread 0x7fa09c607420] syncAndRender: start, elapsed since last call: 16 ms
Aug 28 18:45:15 hearth quickshell[181612]:  DEBUG qt.scenegraph.time.renderloop: [window 0x7fa09e00ec60][render thread 0x7fa09c606e00] syncAndRender: frame rendered in 0ms, sync=0, render=0, swap=0
Aug 28 18:45:15 hearth quickshell[181612]:  DEBUG qt.scenegraph.time.renderloop: [window 0x7fa09af9dc70][gui thread] Frame prepared, polish=0 ms, lock=0 ms, blockedForSync=0 ms, animations=0 ms
Aug 28 18:45:15 hearth quickshell[181612]:  DEBUG qt.scenegraph.time.renderer: time in renderer: total=0ms, preprocess=0, updates=0, rendering=0
Aug 28 18:45:15 hearth quickshell[181612]:  DEBUG qt.scenegraph.time.renderloop: [window 0x7fa09e00ec60][gui thread] polishAndSync: start, elapsed since last call: 16 ms
Aug 28 18:45:15 hearth quickshell[181612]:  DEBUG qt.scenegraph.time.renderloop: [window 0x7fa09af9dc70][render thread 0x7fa09c607420] syncAndRender: frame rendered in 16ms, sync=0, render=0, swap=16
Aug 28 18:45:15 hearth quickshell[181612]:  DEBUG qt.scenegraph.time.renderloop: [window 0x7fa09e00ec60][render thread 0x7fa09c606e00] syncAndRender: start, elapsed since last call: 16 ms
Aug 28 18:45:15 hearth quickshell[181612]:  DEBUG qt.scenegraph.time.renderloop: [window 0x7fa09e00ec60][gui thread] Frame prepared, polish=0 ms, lock=0 ms, blockedForSync=0 ms, animations=0 ms
Aug 28 18:45:15 hearth quickshell[181612]:  DEBUG qt.scenegraph.time.renderloop: [window 0x7fa09af9dc70][gui thread] polishAndSync: start, elapsed since last call: 16 ms
Aug 28 18:45:15 hearth quickshell[181612]:  DEBUG qt.scenegraph.time.renderer: time in renderer: total=0ms, preprocess=0, updates=0, rendering=0
Aug 28 18:45:15 hearth quickshell[181612]:  DEBUG qt.scenegraph.time.renderloop: [window 0x7fa09e00ec60][render thread 0x7fa09c606e00] syncAndRender: frame rendered in 0ms, sync=0, render=0, swap=0
Aug 28 18:45:15 hearth quickshell[181612]:  DEBUG qt.scenegraph.time.renderloop: [window 0x7fa09af9dc70][render thread 0x7fa09c607420] syncAndRender: start, elapsed since last call: 17 ms
Aug 28 18:45:15 hearth quickshell[181612]:  DEBUG qt.scenegraph.time.renderloop: [window 0x7fa09af9dc70][gui thread] Frame prepared, polish=0 ms, lock=0 ms, blockedForSync=0 ms, animations=0 ms
Aug 28 18:45:15 hearth quickshell[181612]:  DEBUG qt.scenegraph.time.renderer: time in renderer: total=0ms, preprocess=0, updates=0, rendering=0
Aug 28 18:45:15 hearth quickshell[181612]:  DEBUG qt.scenegraph.time.renderloop: [window 0x7fa09e00ec60][gui thread] polishAndSync: start, elapsed since last call: 16 ms
Aug 28 18:45:15 hearth quickshell[181612]:  DEBUG qt.scenegraph.time.renderloop: [window 0x7fa09af9dc70][render thread 0x7fa09c607420] syncAndRender: frame rendered in 16ms, sync=0, render=0, swap=15
Aug 28 18:45:15 hearth quickshell[181612]:  DEBUG qt.scenegraph.time.renderloop: [window 0x7fa09e00ec60][render thread 0x7fa09c606e00] syncAndRender: start, elapsed since last call: 16 ms
Aug 28 18:45:15 hearth quickshell[181612]:  DEBUG qt.scenegraph.time.renderloop: [window 0x7fa09e00ec60][gui thread] Frame prepared, polish=0 ms, lock=0 ms, blockedForSync=0 ms, animations=0 ms
Aug 28 18:45:15 hearth quickshell[181612]:  DEBUG qt.scenegraph.time.renderloop: [window 0x7fa09af9dc70][gui thread] polishAndSync: start, elapsed since last call: 16 ms
Aug 28 18:45:15 hearth quickshell[181612]:  DEBUG qt.scenegraph.time.renderer: time in renderer: total=0ms, preprocess=0, updates=0, rendering=0
Aug 28 18:45:15 hearth quickshell[181612]:  DEBUG qt.scenegraph.time.renderloop: [window 0x7fa09af9dc70][render thread 0x7fa09c607420] syncAndRender: start, elapsed since last call: 16 ms
Aug 28 18:45:15 hearth quickshell[181612]:  DEBUG qt.scenegraph.time.renderloop: [window 0x7fa09e00ec60][render thread 0x7fa09c606e00] syncAndRender: frame rendered in 0ms, sync=0, render=0, swap=0
Aug 28 18:45:15 hearth quickshell[181612]:  DEBUG qt.scenegraph.time.renderloop: [window 0x7fa09af9dc70][gui thread] Frame prepared, polish=0 ms, lock=0 ms, blockedForSync=0 ms, animations=0 ms
Aug 28 18:45:15 hearth quickshell[181612]:  DEBUG qt.scenegraph.time.renderer: time in renderer: total=0ms, preprocess=0, updates=0, rendering=0
Aug 28 18:45:15 hearth quickshell[181612]:  DEBUG qt.scenegraph.time.renderloop: [window 0x7fa09e00ec60][gui thread] polishAndSync: start, elapsed since last call: 16 ms
Aug 28 18:45:15 hearth quickshell[181612]:  DEBUG qt.scenegraph.time.renderloop: [window 0x7fa09af9dc70][render thread 0x7fa09c607420] syncAndRender: frame rendered in 16ms, sync=0, render=0, swap=16
Aug 28 18:45:15 hearth quickshell[181612]:  DEBUG qt.scenegraph.time.renderloop: [window 0x7fa09e00ec60][render thread 0x7fa09c606e00] syncAndRender: start, elapsed since last call: 16 ms
Aug 28 18:45:15 hearth quickshell[181612]:  DEBUG qt.scenegraph.time.renderloop: [window 0x7fa09e00ec60][gui thread] Frame prepared, polish=0 ms, lock=0 ms, blockedForSync=0 ms, animations=0 ms
Aug 28 18:45:15 hearth quickshell[181612]:  DEBUG qt.scenegraph.time.renderer: time in renderer: total=0ms, preprocess=0, updates=0, rendering=0
Aug 28 18:45:15 hearth quickshell[181612]:  DEBUG qt.scenegraph.time.renderloop: [window 0x7fa09af9dc70][gui thread] polishAndSync: start, elapsed since last call: 16 ms
Aug 28 18:45:15 hearth quickshell[181612]:  DEBUG qt.scenegraph.time.renderloop: [window 0x7fa09af9dc70][render thread 0x7fa09c607420] syncAndRender: start, elapsed since last call: 16 ms
Aug 28 18:45:15 hearth quickshell[181612]:  DEBUG qt.scenegraph.time.renderloop: [window 0x7fa09e00ec60][render thread 0x7fa09c606e00] syncAndRender: frame rendered in 0ms, sync=0, render=0, swap=0
Aug 28 18:45:15 hearth quickshell[181612]:  DEBUG qt.scenegraph.time.renderloop: [window 0x7fa09af9dc70][gui thread] Frame prepared, polish=0 ms, lock=0 ms, blockedForSync=0 ms, animations=0 ms
Aug 28 18:45:15 hearth quickshell[181612]:  DEBUG qt.scenegraph.time.renderer: time in renderer: total=0ms, preprocess=0, updates=0, rendering=0
Aug 28 18:45:15 hearth quickshell[181612]:  DEBUG qt.scenegraph.time.renderloop: [window 0x7fa09e00ec60][gui thread] polishAndSync: start, elapsed since last call: 16 ms
Aug 28 18:45:15 hearth quickshell[181612]:  DEBUG qt.scenegraph.time.renderloop: [window 0x7fa09af9dc70][render thread 0x7fa09c607420] syncAndRender: frame rendered in 16ms, sync=0, render=0, swap=16
Aug 28 18:45:15 hearth quickshell[181612]:  DEBUG qt.scenegraph.time.renderloop: [window 0x7fa09e00ec60][render thread 0x7fa09c606e00] syncAndRender: start, elapsed since last call: 16 ms
Aug 28 18:45:15 hearth quickshell[181612]:  DEBUG qt.scenegraph.time.renderer: time in renderer: total=0ms, preprocess=0, updates=0, rendering=0
Aug 28 18:45:15 hearth quickshell[181612]:  DEBUG qt.scenegraph.time.renderloop: [window 0x7fa09e00ec60][gui thread] Frame prepared, polish=0 ms, lock=0 ms, blockedForSync=0 ms, animations=0 ms
Aug 28 18:45:15 hearth quickshell[181612]:  DEBUG qt.scenegraph.time.renderloop: [window 0x7fa09af9dc70][gui thread] polishAndSync: start, elapsed since last call: 16 ms
Aug 28 18:45:15 hearth quickshell[181612]:  DEBUG qt.scenegraph.time.renderloop: [window 0x7fa09af9dc70][render thread 0x7fa09c607420] syncAndRender: start, elapsed since last call: 16 ms
Aug 28 18:45:15 hearth quickshell[181612]:  DEBUG qt.scenegraph.time.renderloop: [window 0x7fa09e00ec60][render thread 0x7fa09c606e00] syncAndRender: frame rendered in 0ms, sync=0, render=0, swap=0
Aug 28 18:45:15 hearth quickshell[181612]:  DEBUG qt.scenegraph.time.renderloop: [window 0x7fa09af9dc70][gui thread] Frame prepared, polish=0 ms, lock=0 ms, blockedForSync=0 ms, animations=0 ms
Aug 28 18:45:15 hearth quickshell[181612]:  DEBUG qt.scenegraph.time.renderer: time in renderer: total=0ms, preprocess=0, updates=0, rendering=0
Aug 28 18:45:15 hearth quickshell[181612]:  DEBUG qt.scenegraph.time.renderloop: [window 0x7fa09e00ec60][gui thread] polishAndSync: start, elapsed since last call: 16 ms
Aug 28 18:45:15 hearth quickshell[181612]:  DEBUG qt.scenegraph.time.renderloop: [window 0x7fa09af9dc70][render thread 0x7fa09c607420] syncAndRender: frame rendered in 16ms, sync=0, render=0, swap=16
Aug 28 18:45:15 hearth quickshell[181612]:  DEBUG qt.scenegraph.time.renderloop: [window 0x7fa09e00ec60][render thread 0x7fa09c606e00] syncAndRender: start, elapsed since last call: 16 ms
Aug 28 18:45:15 hearth quickshell[181612]:  DEBUG qt.scenegraph.time.renderer: time in renderer: total=0ms, preprocess=0, updates=0, rendering=0
Aug 28 18:45:15 hearth quickshell[181612]:  DEBUG qt.scenegraph.time.renderloop: [window 0x7fa09e00ec60][gui thread] Frame prepared, polish=0 ms, lock=0 ms, blockedForSync=0 ms, animations=0 ms
Aug 28 18:45:15 hearth quickshell[181612]:  DEBUG qt.scenegraph.time.renderloop: [window 0x7fa09af9dc70][gui thread] polishAndSync: start, elapsed since last call: 16 ms
Aug 28 18:45:15 hearth quickshell[181612]:  DEBUG qt.scenegraph.time.renderloop: [window 0x7fa09e00ec60][render thread 0x7fa09c606e00] syncAndRender: frame rendered in 0ms, sync=0, render=0, swap=0
Aug 28 18:45:15 hearth quickshell[181612]:  DEBUG qt.scenegraph.time.renderloop: [window 0x7fa09af9dc70][render thread 0x7fa09c607420] syncAndRender: start, elapsed since last call: 16 ms
Aug 28 18:45:15 hearth quickshell[181612]:  DEBUG qt.scenegraph.time.renderloop: [window 0x7fa09af9dc70][gui thread] Frame prepared, polish=0 ms, lock=0 ms, blockedForSync=0 ms, animations=0 ms
Aug 28 18:45:15 hearth quickshell[181612]:  DEBUG qt.scenegraph.time.renderer: time in renderer: total=0ms, preprocess=0, updates=0, rendering=0
Aug 28 18:45:15 hearth quickshell[181612]:  DEBUG qt.scenegraph.time.renderloop: [window 0x7fa09e00ec60][gui thread] polishAndSync: start, elapsed since last call: 16 ms
Aug 28 18:45:15 hearth quickshell[181612]:  DEBUG qt.scenegraph.time.renderloop: [window 0x7fa09af9dc70][render thread 0x7fa09c607420] syncAndRender: frame rendered in 16ms, sync=0, render=0, swap=16
Aug 28 18:45:15 hearth quickshell[181612]:  DEBUG qt.scenegraph.time.renderloop: [window 0x7fa09e00ec60][render thread 0x7fa09c606e00] syncAndRender: start, elapsed since last call: 16 ms
Aug 28 18:45:15 hearth quickshell[181612]:  DEBUG qt.scenegraph.time.renderloop: [window 0x7fa09e00ec60][gui thread] Frame prepared, polish=0 ms, lock=0 ms, blockedForSync=0 ms, animations=0 ms
Aug 28 18:45:15 hearth quickshell[181612]:  DEBUG qt.scenegraph.time.renderer: time in renderer: total=0ms, preprocess=0, updates=0, rendering=0
Aug 28 18:45:15 hearth quickshell[181612]:  DEBUG qt.scenegraph.time.renderloop: [window 0x7fa09af9dc70][gui thread] polishAndSync: start, elapsed since last call: 16 ms
Aug 28 18:45:15 hearth quickshell[181612]:  DEBUG qt.scenegraph.time.renderloop: [window 0x7fa09af9dc70][render thread 0x7fa09c607420] syncAndRender: start, elapsed since last call: 16 ms
Aug 28 18:45:15 hearth quickshell[181612]:  DEBUG qt.scenegraph.time.renderloop: [window 0x7fa09e00ec60][render thread 0x7fa09c606e00] syncAndRender: frame rendered in 0ms, sync=0, render=0, swap=0
Aug 28 18:45:15 hearth quickshell[181612]:  DEBUG qt.scenegraph.time.renderloop: [window 0x7fa09af9dc70][gui thread] Frame prepared, polish=0 ms, lock=0 ms, blockedForSync=0 ms, animations=0 ms
Aug 28 18:45:15 hearth quickshell[181612]:  DEBUG qt.scenegraph.time.renderer: time in renderer: total=0ms, preprocess=0, updates=0, rendering=0
Aug 28 18:45:15 hearth quickshell[181612]:  DEBUG qt.scenegraph.time.renderloop: [window 0x7fa09e00ec60][gui thread] polishAndSync: start, elapsed since last call: 16 ms
Aug 28 18:45:15 hearth quickshell[181612]:  DEBUG qt.scenegraph.time.renderloop: [window 0x7fa09af9dc70][render thread 0x7fa09c607420] syncAndRender: frame rendered in 16ms, sync=0, render=0, swap=16
Aug 28 18:45:15 hearth quickshell[181612]:  DEBUG qt.scenegraph.time.renderloop: [window 0x7fa09e00ec60][render thread 0x7fa09c606e00] syncAndRender: start, elapsed since last call: 16 ms
Aug 28 18:45:15 hearth quickshell[181612]:  DEBUG qt.scenegraph.time.renderer: time in renderer: total=0ms, preprocess=0, updates=0, rendering=0
Aug 28 18:45:15 hearth quickshell[181612]:  DEBUG qt.scenegraph.time.renderloop: [window 0x7fa09e00ec60][gui thread] Frame prepared, polish=0 ms, lock=0 ms, blockedForSync=0 ms, animations=0 ms
Aug 28 18:45:15 hearth quickshell[181612]:  DEBUG qt.scenegraph.time.renderloop: [window 0x7fa09af9dc70][gui thread] polishAndSync: start, elapsed since last call: 16 ms
Aug 28 18:45:15 hearth quickshell[181612]:  DEBUG qt.scenegraph.time.renderloop: [window 0x7fa09e00ec60][render thread 0x7fa09c606e00] syncAndRender: frame rendered in 0ms, sync=0, render=0, swap=0
Aug 28 18:45:15 hearth quickshell[181612]:  DEBUG qt.scenegraph.time.renderloop: [window 0x7fa09af9dc70][render thread 0x7fa09c607420] syncAndRender: start, elapsed since last call: 16 ms
Aug 28 18:45:15 hearth quickshell[181612]:  DEBUG qt.scenegraph.time.renderloop: [window 0x7fa09af9dc70][gui thread] Frame prepared, polish=0 ms, lock=0 ms, blockedForSync=0 ms, animations=0 ms
Aug 28 18:45:15 hearth quickshell[181612]:  DEBUG qt.scenegraph.time.renderer: time in renderer: total=0ms, preprocess=0, updates=0, rendering=0
Aug 28 18:45:15 hearth quickshell[181612]:  DEBUG qt.scenegraph.time.renderloop: [window 0x7fa09e00ec60][gui thread] polishAndSync: start, elapsed since last call: 16 ms
Aug 28 18:45:15 hearth quickshell[181612]:  DEBUG qt.scenegraph.time.renderloop: [window 0x7fa09af9dc70][render thread 0x7fa09c607420] syncAndRender: frame rendered in 16ms, sync=0, render=0, swap=16
Aug 28 18:45:15 hearth quickshell[181612]:  DEBUG qt.scenegraph.time.renderloop: [window 0x7fa09e00ec60][render thread 0x7fa09c606e00] syncAndRender: start, elapsed since last call: 16 ms
Aug 28 18:45:15 hearth quickshell[181612]:  DEBUG qt.scenegraph.time.renderloop: [window 0x7fa09e00ec60][gui thread] Frame prepared, polish=0 ms, lock=0 ms, blockedForSync=0 ms, animations=0 ms
Aug 28 18:45:15 hearth quickshell[181612]:  DEBUG qt.scenegraph.time.renderer: time in renderer: total=0ms, preprocess=0, updates=0, rendering=0
Aug 28 18:45:15 hearth quickshell[181612]:  DEBUG qt.scenegraph.time.renderloop: [window 0x7fa09af9dc70][gui thread] polishAndSync: start, elapsed since last call: 16 ms
Aug 28 18:45:15 hearth quickshell[181612]:  DEBUG qt.scenegraph.time.renderloop: [window 0x7fa09af9dc70][render thread 0x7fa09c607420] syncAndRender: start, elapsed since last call: 16 ms
Aug 28 18:45:15 hearth quickshell[181612]:  DEBUG qt.scenegraph.time.renderloop: [window 0x7fa09e00ec60][render thread 0x7fa09c606e00] syncAndRender: frame rendered in 0ms, sync=0, render=0, swap=0
Aug 28 18:45:15 hearth quickshell[181612]:  DEBUG qt.scenegraph.time.renderloop: [window 0x7fa09af9dc70][gui thread] Frame prepared, polish=0 ms, lock=0 ms, blockedForSync=0 ms, animations=0 ms
Aug 28 18:45:15 hearth quickshell[181612]:  DEBUG qt.scenegraph.time.renderer: time in renderer: total=0ms, preprocess=0, updates=0, rendering=0
Aug 28 18:45:15 hearth quickshell[181612]:  DEBUG qt.scenegraph.time.renderloop: [window 0x7fa09e00ec60][gui thread] polishAndSync: start, elapsed since last call: 16 ms
Aug 28 18:45:15 hearth quickshell[181612]:  DEBUG qt.scenegraph.time.renderloop: [window 0x7fa09af9dc70][render thread 0x7fa09c607420] syncAndRender: frame rendered in 16ms, sync=0, render=0, swap=16
Aug 28 18:45:15 hearth quickshell[181612]:  DEBUG qt.scenegraph.time.renderloop: [window 0x7fa09e00ec60][render thread 0x7fa09c606e00] syncAndRender: start, elapsed since last call: 16 ms
Aug 28 18:45:15 hearth quickshell[181612]:  DEBUG qt.scenegraph.time.renderloop: [window 0x7fa09e00ec60][gui thread] Frame prepared, polish=0 ms, lock=0 ms, blockedForSync=0 ms, animations=0 ms
Aug 28 18:45:15 hearth quickshell[181612]:  DEBUG qt.scenegraph.time.renderer: time in renderer: total=0ms, preprocess=0, updates=0, rendering=0
Aug 28 18:45:15 hearth quickshell[181612]:  DEBUG qt.scenegraph.time.renderloop: [window 0x7fa09af9dc70][gui thread] polishAndSync: start, elapsed since last call: 16 ms
Aug 28 18:45:15 hearth quickshell[181612]:  DEBUG qt.scenegraph.time.renderloop: [window 0x7fa09af9dc70][render thread 0x7fa09c607420] syncAndRender: start, elapsed since last call: 16 ms
Aug 28 18:45:15 hearth quickshell[181612]:  DEBUG qt.scenegraph.time.renderloop: [window 0x7fa09e00ec60][render thread 0x7fa09c606e00] syncAndRender: frame rendered in 0ms, sync=0, render=0, swap=0
Aug 28 18:45:15 hearth quickshell[181612]:  DEBUG qt.scenegraph.time.renderloop: [window 0x7fa09af9dc70][gui thread] Frame prepared, polish=0 ms, lock=0 ms, blockedForSync=0 ms, animations=0 ms
Aug 28 18:45:15 hearth quickshell[181612]:  DEBUG qt.scenegraph.time.renderer: time in renderer: total=0ms, preprocess=0, updates=0, rendering=0
Aug 28 18:45:15 hearth quickshell[181612]:  DEBUG qt.scenegraph.time.renderloop: [window 0x7fa09e00ec60][gui thread] polishAndSync: start, elapsed since last call: 16 ms
Aug 28 18:45:15 hearth quickshell[181612]:  DEBUG qt.scenegraph.time.renderloop: [window 0x7fa09af9dc70][render thread 0x7fa09c607420] syncAndRender: frame rendered in 16ms, sync=0, render=0, swap=16
Aug 28 18:45:15 hearth quickshell[181612]:  DEBUG qt.scenegraph.time.renderloop: [window 0x7fa09e00ec60][render thread 0x7fa09c606e00] syncAndRender: start, elapsed since last call: 16 ms
Aug 28 18:45:15 hearth quickshell[181612]:  DEBUG qt.scenegraph.time.renderloop: [window 0x7fa09e00ec60][gui thread] Frame prepared, polish=0 ms, lock=0 ms, blockedForSync=0 ms, animations=0 ms
Aug 28 18:45:15 hearth quickshell[181612]:  DEBUG qt.scenegraph.time.renderer: time in renderer: total=0ms, preprocess=0, updates=0, rendering=0
Aug 28 18:45:15 hearth quickshell[181612]:  DEBUG qt.scenegraph.time.renderloop: [window 0x7fa09af9dc70][gui thread] polishAndSync: start, elapsed since last call: 16 ms
Aug 28 18:45:15 hearth quickshell[181612]:  DEBUG qt.scenegraph.time.renderloop: [window 0x7fa09af9dc70][render thread 0x7fa09c607420] syncAndRender: start, elapsed since last call: 16 ms
Aug 28 18:45:15 hearth quickshell[181612]:  DEBUG qt.scenegraph.time.renderloop: [window 0x7fa09e00ec60][render thread 0x7fa09c606e00] syncAndRender: frame rendered in 0ms, sync=0, render=0, swap=0
Aug 28 18:45:15 hearth quickshell[181612]:  DEBUG qt.scenegraph.time.renderer: time in renderer: total=0ms, preprocess=0, updates=0, rendering=0
Aug 28 18:45:15 hearth quickshell[181612]:  DEBUG qt.scenegraph.time.renderloop: [window 0x7fa09af9dc70][gui thread] Frame prepared, polish=0 ms, lock=0 ms, blockedForSync=0 ms, animations=0 ms
Aug 28 18:45:15 hearth quickshell[181612]:  DEBUG qt.scenegraph.time.renderloop: [window 0x7fa09e00ec60][gui thread] polishAndSync: start, elapsed since last call: 15 ms
Aug 28 18:45:15 hearth quickshell[181612]:  DEBUG qt.scenegraph.time.renderloop: [window 0x7fa09af9dc70][render thread 0x7fa09c607420] syncAndRender: frame rendered in 15ms, sync=0, render=0, swap=15
Aug 28 18:45:15 hearth quickshell[181612]:  DEBUG qt.scenegraph.time.renderloop: [window 0x7fa09e00ec60][render thread 0x7fa09c606e00] syncAndRender: start, elapsed since last call: 15 ms
Aug 28 18:45:15 hearth quickshell[181612]:  DEBUG qt.scenegraph.time.renderloop: [window 0x7fa09e00ec60][gui thread] Frame prepared, polish=0 ms, lock=0 ms, blockedForSync=0 ms, animations=0 ms
Aug 28 18:45:15 hearth quickshell[181612]:  DEBUG qt.scenegraph.time.renderer: time in renderer: total=0ms, preprocess=0, updates=0, rendering=0
Aug 28 18:45:15 hearth quickshell[181612]:  DEBUG qt.scenegraph.time.renderloop: [window 0x7fa09af9dc70][gui thread] polishAndSync: start, elapsed since last call: 15 ms
Aug 28 18:45:15 hearth quickshell[181612]:  DEBUG qt.scenegraph.time.renderloop: [window 0x7fa09af9dc70][render thread 0x7fa09c607420] syncAndRender: start, elapsed since last call: 15 ms
Aug 28 18:45:15 hearth quickshell[181612]:  DEBUG qt.scenegraph.time.renderloop: [window 0x7fa09af9dc70][gui thread] Frame prepared, polish=0 ms, lock=0 ms, blockedForSync=0 ms, animations=0 ms
Aug 28 18:45:15 hearth quickshell[181612]:  DEBUG qt.scenegraph.time.renderloop: [window 0x7fa09e00ec60][render thread 0x7fa09c606e00] syncAndRender: frame rendered in 0ms, sync=0, render=0, swap=0
Aug 28 18:45:15 hearth quickshell[181612]:  DEBUG qt.scenegraph.time.renderer: time in renderer: total=0ms, preprocess=0, updates=0, rendering=0
Aug 28 18:45:15 hearth quickshell[181612]:  DEBUG qt.scenegraph.time.renderloop: [window 0x7fa09af9dc70][render thread 0x7fa09c607420] syncAndRender: frame rendered in 0ms, sync=0, render=0, swap=0
Aug 28 18:45:15 hearth quickshell[181612]:  DEBUG qt.scenegraph.time.renderloop: [window 0x7fa09e00ec60][gui thread] polishAndSync: start, elapsed since last call: 17 ms
Aug 28 18:45:15 hearth quickshell[181612]:  DEBUG qt.scenegraph.time.renderloop: [window 0x7fa09e00ec60][render thread 0x7fa09c606e00] syncAndRender: start, elapsed since last call: 17 ms
Aug 28 18:45:15 hearth quickshell[181612]:  DEBUG qt.scenegraph.time.renderloop: [window 0x7fa09e00ec60][gui thread] Frame prepared, polish=0 ms, lock=0 ms, blockedForSync=0 ms, animations=0 ms
Aug 28 18:45:15 hearth quickshell[181612]:  DEBUG qt.scenegraph.time.renderer: time in renderer: total=0ms, preprocess=0, updates=0, rendering=0
Aug 28 18:45:15 hearth quickshell[181612]:  DEBUG qt.scenegraph.time.renderloop: [window 0x7fa09af9dc70][gui thread] polishAndSync: start, elapsed since last call: 17 ms
Aug 28 18:45:15 hearth quickshell[181612]:  DEBUG qt.scenegraph.time.renderloop: [window 0x7fa09e00ec60][render thread 0x7fa09c606e00] syncAndRender: frame rendered in 0ms, sync=0, render=0, swap=0
Aug 28 18:45:15 hearth quickshell[181612]:  DEBUG qt.scenegraph.time.renderloop: [window 0x7fa09af9dc70][render thread 0x7fa09c607420] syncAndRender: start, elapsed since last call: 17 ms
Aug 28 18:45:15 hearth quickshell[181612]:  DEBUG qt.scenegraph.time.renderloop: [window 0x7fa09af9dc70][gui thread] Frame prepared, polish=0 ms, lock=0 ms, blockedForSync=0 ms, animations=0 ms
Aug 28 18:45:15 hearth quickshell[181612]:  DEBUG qt.scenegraph.time.renderer: time in renderer: total=0ms, preprocess=0, updates=0, rendering=0
Aug 28 18:45:15 hearth quickshell[181612]:  DEBUG qt.scenegraph.time.renderloop: [window 0x7fa09af9dc70][gui thread] polishAndSync: start, elapsed since last call: 0 ms
Aug 28 18:45:15 hearth quickshell[181612]:  DEBUG qt.scenegraph.time.renderloop: [window 0x7fa09af9dc70][render thread 0x7fa09c607420] syncAndRender: frame rendered in 0ms, sync=0, render=0, swap=0
Aug 28 18:45:15 hearth quickshell[181612]:  DEBUG qt.scenegraph.time.renderloop: [window 0x7fa09af9dc70][render thread 0x7fa09c607420] syncAndRender: start, elapsed since last call: 0 ms
Aug 28 18:45:15 hearth quickshell[181612]:  DEBUG qt.scenegraph.time.renderloop: [window 0x7fa09af9dc70][gui thread] Frame prepared, polish=0 ms, lock=0 ms, blockedForSync=0 ms, animations=0 ms
Aug 28 18:45:15 hearth quickshell[181612]:  DEBUG qt.scenegraph.time.renderer: time in renderer: total=0ms, preprocess=0, updates=0, rendering=0
Aug 28 18:45:15 hearth quickshell[181612]:  DEBUG qt.scenegraph.time.renderloop: [window 0x7fa09e00ec60][gui thread] polishAndSync: start, elapsed since last call: 16 ms
Aug 28 18:45:15 hearth quickshell[181612]:  DEBUG qt.scenegraph.time.renderloop: [window 0x7fa09af9dc70][render thread 0x7fa09c607420] syncAndRender: frame rendered in 15ms, sync=0, render=0, swap=15
Aug 28 18:45:15 hearth quickshell[181612]:  DEBUG qt.scenegraph.time.renderloop: [window 0x7fa09e00ec60][render thread 0x7fa09c606e00] syncAndRender: start, elapsed since last call: 16 ms
Aug 28 18:45:15 hearth quickshell[181612]:  DEBUG qt.scenegraph.time.renderer: time in renderer: total=0ms, preprocess=0, updates=0, rendering=0
Aug 28 18:45:15 hearth quickshell[181612]:  DEBUG qt.scenegraph.time.renderloop: [window 0x7fa09e00ec60][gui thread] Frame prepared, polish=0 ms, lock=0 ms, blockedForSync=0 ms, animations=0 ms
Aug 28 18:45:15 hearth quickshell[181612]:  DEBUG qt.scenegraph.time.renderloop: [window 0x7fa09af9dc70][gui thread] polishAndSync: start, elapsed since last call: 15 ms
Aug 28 18:45:15 hearth quickshell[181612]:  DEBUG qt.scenegraph.time.renderloop: [window 0x7fa09af9dc70][render thread 0x7fa09c607420] syncAndRender: start, elapsed since last call: 15 ms
Aug 28 18:45:15 hearth quickshell[181612]:  DEBUG qt.scenegraph.time.renderloop: [window 0x7fa09e00ec60][render thread 0x7fa09c606e00] syncAndRender: frame rendered in 0ms, sync=0, render=0, swap=0
Aug 28 18:45:15 hearth quickshell[181612]:  DEBUG qt.scenegraph.time.renderloop: [window 0x7fa09af9dc70][gui thread] Frame prepared, polish=0 ms, lock=0 ms, blockedForSync=0 ms, animations=0 ms
Aug 28 18:45:15 hearth quickshell[181612]:  DEBUG qt.scenegraph.time.renderer: time in renderer: total=0ms, preprocess=0, updates=0, rendering=0
Aug 28 18:45:15 hearth quickshell[181612]:  DEBUG qt.scenegraph.time.renderloop: [window 0x7fa09e00ec60][gui thread] polishAndSync: start, elapsed since last call: 16 ms
Aug 28 18:45:15 hearth quickshell[181612]:  DEBUG qt.scenegraph.time.renderloop: [window 0x7fa09af9dc70][render thread 0x7fa09c607420] syncAndRender: frame rendered in 16ms, sync=0, render=0, swap=16
Aug 28 18:45:15 hearth quickshell[181612]:  DEBUG qt.scenegraph.time.renderloop: [window 0x7fa09e00ec60][render thread 0x7fa09c606e00] syncAndRender: start, elapsed since last call: 16 ms
Aug 28 18:45:15 hearth quickshell[181612]:  DEBUG qt.scenegraph.time.renderer: time in renderer: total=0ms, preprocess=0, updates=0, rendering=0
Aug 28 18:45:15 hearth quickshell[181612]:  DEBUG qt.scenegraph.time.renderloop: [window 0x7fa09e00ec60][gui thread] Frame prepared, polish=0 ms, lock=0 ms, blockedForSync=0 ms, animations=0 ms
Aug 28 18:45:15 hearth quickshell[181612]:  DEBUG qt.scenegraph.time.renderloop: [window 0x7fa09af9dc70][gui thread] polishAndSync: start, elapsed since last call: 16 ms
Aug 28 18:45:15 hearth quickshell[181612]:  DEBUG qt.scenegraph.time.renderloop: [window 0x7fa09e00ec60][render thread 0x7fa09c606e00] syncAndRender: frame rendered in 0ms, sync=0, render=0, swap=0
Aug 28 18:45:15 hearth quickshell[181612]:  DEBUG qt.scenegraph.time.renderloop: [window 0x7fa09af9dc70][render thread 0x7fa09c607420] syncAndRender: start, elapsed since last call: 16 ms
Aug 28 18:45:15 hearth quickshell[181612]:  DEBUG qt.scenegraph.time.renderloop: [window 0x7fa09af9dc70][gui thread] Frame prepared, polish=0 ms, lock=0 ms, blockedForSync=0 ms, animations=0 ms
Aug 28 18:45:15 hearth quickshell[181612]:  DEBUG qt.scenegraph.time.renderer: time in renderer: total=0ms, preprocess=0, updates=0, rendering=0
Aug 28 18:45:15 hearth quickshell[181612]:  DEBUG qt.scenegraph.time.renderloop: [window 0x7fa09e00ec60][gui thread] polishAndSync: start, elapsed since last call: 16 ms
Aug 28 18:45:15 hearth quickshell[181612]:  DEBUG qt.scenegraph.time.renderloop: [window 0x7fa09af9dc70][render thread 0x7fa09c607420] syncAndRender: frame rendered in 16ms, sync=0, render=0, swap=16
Aug 28 18:45:15 hearth quickshell[181612]:  DEBUG qt.scenegraph.time.renderloop: [window 0x7fa09e00ec60][render thread 0x7fa09c606e00] syncAndRender: start, elapsed since last call: 16 ms
Aug 28 18:45:15 hearth quickshell[181612]:  DEBUG qt.scenegraph.time.renderer: time in renderer: total=0ms, preprocess=0, updates=0, rendering=0
Aug 28 18:45:15 hearth quickshell[181612]:  DEBUG qt.scenegraph.time.renderloop: [window 0x7fa09e00ec60][gui thread] Frame prepared, polish=0 ms, lock=0 ms, blockedForSync=0 ms, animations=0 ms
Aug 28 18:45:15 hearth quickshell[181612]:  DEBUG qt.scenegraph.time.renderloop: [window 0x7fa09af9dc70][gui thread] polishAndSync: start, elapsed since last call: 16 ms
Aug 28 18:45:15 hearth quickshell[181612]:  DEBUG qt.scenegraph.time.renderloop: [window 0x7fa09af9dc70][render thread 0x7fa09c607420] syncAndRender: start, elapsed since last call: 16 ms
Aug 28 18:45:15 hearth quickshell[181612]:  DEBUG qt.scenegraph.time.renderloop: [window 0x7fa09e00ec60][render thread 0x7fa09c606e00] syncAndRender: frame rendered in 0ms, sync=0, render=0, swap=0
Aug 28 18:45:15 hearth quickshell[181612]:  DEBUG qt.scenegraph.time.renderloop: [window 0x7fa09af9dc70][gui thread] Frame prepared, polish=0 ms, lock=0 ms, blockedForSync=0 ms, animations=0 ms
Aug 28 18:45:15 hearth quickshell[181612]:  DEBUG qt.scenegraph.time.renderer: time in renderer: total=0ms, preprocess=0, updates=0, rendering=0
Aug 28 18:45:15 hearth quickshell[181612]:  DEBUG qt.scenegraph.time.renderloop: [window 0x7fa09e00ec60][gui thread] polishAndSync: start, elapsed since last call: 16 ms
Aug 28 18:45:15 hearth quickshell[181612]:  DEBUG qt.scenegraph.time.renderloop: [window 0x7fa09af9dc70][render thread 0x7fa09c607420] syncAndRender: frame rendered in 16ms, sync=0, render=0, swap=16
Aug 28 18:45:15 hearth quickshell[181612]:  DEBUG qt.scenegraph.time.renderloop: [window 0x7fa09e00ec60][render thread 0x7fa09c606e00] syncAndRender: start, elapsed since last call: 16 ms
Aug 28 18:45:15 hearth quickshell[181612]:  DEBUG qt.scenegraph.time.renderloop: [window 0x7fa09e00ec60][gui thread] Frame prepared, polish=0 ms, lock=0 ms, blockedForSync=0 ms, animations=0 ms
Aug 28 18:45:15 hearth quickshell[181612]:  DEBUG qt.scenegraph.time.renderer: time in renderer: total=0ms, preprocess=0, updates=0, rendering=0
Aug 28 18:45:15 hearth quickshell[181612]:  DEBUG qt.scenegraph.time.renderloop: [window 0x7fa09af9dc70][gui thread] polishAndSync: start, elapsed since last call: 16 ms
Aug 28 18:45:15 hearth quickshell[181612]:  DEBUG qt.scenegraph.time.renderloop: [window 0x7fa09af9dc70][render thread 0x7fa09c607420] syncAndRender: start, elapsed since last call: 16 ms
Aug 28 18:45:15 hearth quickshell[181612]:  DEBUG qt.scenegraph.time.renderloop: [window 0x7fa09e00ec60][render thread 0x7fa09c606e00] syncAndRender: frame rendered in 0ms, sync=0, render=0, swap=0
Aug 28 18:45:15 hearth quickshell[181612]:  DEBUG qt.scenegraph.time.renderloop: [window 0x7fa09af9dc70][gui thread] Frame prepared, polish=0 ms, lock=0 ms, blockedForSync=0 ms, animations=0 ms
Aug 28 18:45:15 hearth quickshell[181612]:  DEBUG qt.scenegraph.time.renderer: time in renderer: total=0ms, preprocess=0, updates=0, rendering=0
Aug 28 18:45:15 hearth quickshell[181612]:  DEBUG qt.scenegraph.time.renderloop: [window 0x7fa09e00ec60][gui thread] polishAndSync: start, elapsed since last call: 16 ms
Aug 28 18:45:15 hearth quickshell[181612]:  DEBUG qt.scenegraph.time.renderloop: [window 0x7fa09af9dc70][render thread 0x7fa09c607420] syncAndRender: frame rendered in 16ms, sync=0, render=0, swap=16
Aug 28 18:45:15 hearth quickshell[181612]:  DEBUG qt.scenegraph.time.renderloop: [window 0x7fa09e00ec60][render thread 0x7fa09c606e00] syncAndRender: start, elapsed since last call: 16 ms
Aug 28 18:45:15 hearth quickshell[181612]:  DEBUG qt.scenegraph.time.renderer: time in renderer: total=0ms, preprocess=0, updates=0, rendering=0
Aug 28 18:45:15 hearth quickshell[181612]:  DEBUG qt.scenegraph.time.renderloop: [window 0x7fa09e00ec60][gui thread] Frame prepared, polish=0 ms, lock=0 ms, blockedForSync=0 ms, animations=0 ms
Aug 28 18:45:15 hearth quickshell[181612]:  DEBUG qt.scenegraph.time.renderloop: [window 0x7fa09af9dc70][gui thread] polishAndSync: start, elapsed since last call: 16 ms
Aug 28 18:45:15 hearth quickshell[181612]:  DEBUG qt.scenegraph.time.renderloop: [window 0x7fa09e00ec60][render thread 0x7fa09c606e00] syncAndRender: frame rendered in 0ms, sync=0, render=0, swap=0
Aug 28 18:45:15 hearth quickshell[181612]:  DEBUG qt.scenegraph.time.renderloop: [window 0x7fa09af9dc70][render thread 0x7fa09c607420] syncAndRender: start, elapsed since last call: 16 ms
Aug 28 18:45:15 hearth quickshell[181612]:  DEBUG qt.scenegraph.time.renderloop: [window 0x7fa09af9dc70][gui thread] Frame prepared, polish=0 ms, lock=0 ms, blockedForSync=0 ms, animations=0 ms
Aug 28 18:45:15 hearth quickshell[181612]:  DEBUG qt.scenegraph.time.renderer: time in renderer: total=0ms, preprocess=0, updates=0, rendering=0
Aug 28 18:45:15 hearth quickshell[181612]:  DEBUG qt.scenegraph.time.renderloop: [window 0x7fa09e00ec60][gui thread] polishAndSync: start, elapsed since last call: 16 ms
Aug 28 18:45:15 hearth quickshell[181612]:  DEBUG qt.scenegraph.time.renderloop: [window 0x7fa09af9dc70][render thread 0x7fa09c607420] syncAndRender: frame rendered in 16ms, sync=0, render=0, swap=15
Aug 28 18:45:15 hearth quickshell[181612]:  DEBUG qt.scenegraph.time.renderloop: [window 0x7fa09e00ec60][render thread 0x7fa09c606e00] syncAndRender: start, elapsed since last call: 16 ms
Aug 28 18:45:15 hearth quickshell[181612]:  DEBUG qt.scenegraph.time.renderloop: [window 0x7fa09e00ec60][gui thread] Frame prepared, polish=0 ms, lock=0 ms, blockedForSync=0 ms, animations=0 ms
Aug 28 18:45:15 hearth quickshell[181612]:  DEBUG qt.scenegraph.time.renderer: time in renderer: total=0ms, preprocess=0, updates=0, rendering=0
Aug 28 18:45:15 hearth quickshell[181612]:  DEBUG qt.scenegraph.time.renderloop: [window 0x7fa09af9dc70][gui thread] polishAndSync: start, elapsed since last call: 16 ms
Aug 28 18:45:15 hearth quickshell[181612]:  DEBUG qt.scenegraph.time.renderloop: [window 0x7fa09af9dc70][render thread 0x7fa09c607420] syncAndRender: start, elapsed since last call: 16 ms
Aug 28 18:45:15 hearth quickshell[181612]:  DEBUG qt.scenegraph.time.renderloop: [window 0x7fa09e00ec60][render thread 0x7fa09c606e00] syncAndRender: frame rendered in 0ms, sync=0, render=0, swap=0
Aug 28 18:45:15 hearth quickshell[181612]:  DEBUG qt.scenegraph.time.renderloop: [window 0x7fa09af9dc70][gui thread] Frame prepared, polish=0 ms, lock=0 ms, blockedForSync=0 ms, animations=0 ms
Aug 28 18:45:15 hearth quickshell[181612]:  DEBUG qt.scenegraph.time.renderer: time in renderer: total=0ms, preprocess=0, updates=0, rendering=0
Aug 28 18:45:15 hearth quickshell[181612]:  DEBUG qt.scenegraph.time.renderloop: [window 0x7fa09e00ec60][gui thread] polishAndSync: start, elapsed since last call: 16 ms
Aug 28 18:45:15 hearth quickshell[181612]:  DEBUG qt.scenegraph.time.renderloop: [window 0x7fa09af9dc70][render thread 0x7fa09c607420] syncAndRender: frame rendered in 16ms, sync=0, render=0, swap=16
Aug 28 18:45:15 hearth quickshell[181612]:  DEBUG qt.scenegraph.time.renderloop: [window 0x7fa09e00ec60][render thread 0x7fa09c606e00] syncAndRender: start, elapsed since last call: 16 ms
Aug 28 18:45:15 hearth quickshell[181612]:  DEBUG qt.scenegraph.time.renderloop: [window 0x7fa09e00ec60][gui thread] Frame prepared, polish=0 ms, lock=0 ms, blockedForSync=0 ms, animations=0 ms
Aug 28 18:45:15 hearth quickshell[181612]:  DEBUG qt.scenegraph.time.renderloop: [window 0x7fa09af9dc70][gui thread] polishAndSync: start, elapsed since last call: 16 ms
Aug 28 18:45:15 hearth quickshell[181612]:  DEBUG qt.scenegraph.time.renderer: time in renderer: total=0ms, preprocess=0, updates=0, rendering=0
Aug 28 18:45:15 hearth quickshell[181612]:  DEBUG qt.scenegraph.time.renderloop: [window 0x7fa09af9dc70][render thread 0x7fa09c607420] syncAndRender: start, elapsed since last call: 16 ms
Aug 28 18:45:15 hearth quickshell[181612]:  DEBUG qt.scenegraph.time.renderloop: [window 0x7fa09e00ec60][render thread 0x7fa09c606e00] syncAndRender: frame rendered in 0ms, sync=0, render=0, swap=0
Aug 28 18:45:15 hearth quickshell[181612]:  DEBUG qt.scenegraph.time.renderloop: [window 0x7fa09af9dc70][gui thread] Frame prepared, polish=0 ms, lock=0 ms, blockedForSync=0 ms, animations=0 ms
Aug 28 18:45:15 hearth quickshell[181612]:  DEBUG qt.scenegraph.time.renderer: time in renderer: total=0ms, preprocess=0, updates=0, rendering=0
Aug 28 18:45:15 hearth quickshell[181612]:  DEBUG qt.scenegraph.time.renderloop: [window 0x7fa09e00ec60][gui thread] polishAndSync: start, elapsed since last call: 16 ms
Aug 28 18:45:15 hearth quickshell[181612]:  DEBUG qt.scenegraph.time.renderloop: [window 0x7fa09af9dc70][render thread 0x7fa09c607420] syncAndRender: frame rendered in 16ms, sync=0, render=0, swap=16
Aug 28 18:45:15 hearth quickshell[181612]:  DEBUG qt.scenegraph.time.renderloop: [window 0x7fa09e00ec60][render thread 0x7fa09c606e00] syncAndRender: start, elapsed since last call: 16 ms
Aug 28 18:45:15 hearth quickshell[181612]:  DEBUG qt.scenegraph.time.renderloop: [window 0x7fa09e00ec60][gui thread] Frame prepared, polish=0 ms, lock=0 ms, blockedForSync=0 ms, animations=0 ms
Aug 28 18:45:15 hearth quickshell[181612]:  DEBUG qt.scenegraph.time.renderer: time in renderer: total=0ms, preprocess=0, updates=0, rendering=0
Aug 28 18:45:15 hearth quickshell[181612]:  DEBUG qt.scenegraph.time.renderloop: [window 0x7fa09af9dc70][gui thread] polishAndSync: start, elapsed since last call: 16 ms
Aug 28 18:45:15 hearth quickshell[181612]:  DEBUG qt.scenegraph.time.renderloop: [window 0x7fa09af9dc70][render thread 0x7fa09c607420] syncAndRender: start, elapsed since last call: 16 ms
Aug 28 18:45:15 hearth quickshell[181612]:  DEBUG qt.scenegraph.time.renderloop: [window 0x7fa09e00ec60][render thread 0x7fa09c606e00] syncAndRender: frame rendered in 0ms, sync=0, render=0, swap=0
Aug 28 18:45:15 hearth quickshell[181612]:  DEBUG qt.scenegraph.time.renderloop: [window 0x7fa09af9dc70][gui thread] Frame prepared, polish=0 ms, lock=0 ms, blockedForSync=0 ms, animations=0 ms
Aug 28 18:45:15 hearth quickshell[181612]:  DEBUG qt.scenegraph.time.renderer: time in renderer: total=0ms, preprocess=0, updates=0, rendering=0
Aug 28 18:45:15 hearth quickshell[181612]:  DEBUG qt.scenegraph.time.renderloop: [window 0x7fa09e00ec60][gui thread] polishAndSync: start, elapsed since last call: 16 ms
Aug 28 18:45:15 hearth quickshell[181612]:  DEBUG qt.scenegraph.time.renderloop: [window 0x7fa09af9dc70][render thread 0x7fa09c607420] syncAndRender: frame rendered in 16ms, sync=0, render=0, swap=16
Aug 28 18:45:15 hearth quickshell[181612]:  DEBUG qt.scenegraph.time.renderloop: [window 0x7fa09e00ec60][render thread 0x7fa09c606e00] syncAndRender: start, elapsed since last call: 16 ms
Aug 28 18:45:15 hearth quickshell[181612]:  DEBUG qt.scenegraph.time.renderer: time in renderer: total=0ms, preprocess=0, updates=0, rendering=0
Aug 28 18:45:15 hearth quickshell[181612]:  DEBUG qt.scenegraph.time.renderloop: [window 0x7fa09e00ec60][gui thread] Frame prepared, polish=0 ms, lock=0 ms, blockedForSync=0 ms, animations=0 ms
Aug 28 18:45:15 hearth quickshell[181612]:  DEBUG qt.scenegraph.time.renderloop: [window 0x7fa09af9dc70][gui thread] polishAndSync: start, elapsed since last call: 16 ms
Aug 28 18:45:15 hearth quickshell[181612]:  DEBUG qt.scenegraph.time.renderloop: [window 0x7fa09e00ec60][render thread 0x7fa09c606e00] syncAndRender: frame rendered in 0ms, sync=0, render=0, swap=0
Aug 28 18:45:15 hearth quickshell[181612]:  DEBUG qt.scenegraph.time.renderloop: [window 0x7fa09af9dc70][render thread 0x7fa09c607420] syncAndRender: start, elapsed since last call: 16 ms
Aug 28 18:45:15 hearth quickshell[181612]:  DEBUG qt.scenegraph.time.renderloop: [window 0x7fa09af9dc70][gui thread] Frame prepared, polish=0 ms, lock=0 ms, blockedForSync=0 ms, animations=0 ms
Aug 28 18:45:15 hearth quickshell[181612]:  DEBUG qt.scenegraph.time.renderer: time in renderer: total=0ms, preprocess=0, updates=0, rendering=0
Aug 28 18:45:15 hearth quickshell[181612]:  DEBUG qt.scenegraph.time.renderloop: [window 0x7fa09e00ec60][gui thread] polishAndSync: start, elapsed since last call: 16 ms
Aug 28 18:45:15 hearth quickshell[181612]:  DEBUG qt.scenegraph.time.renderloop: [window 0x7fa09af9dc70][render thread 0x7fa09c607420] syncAndRender: frame rendered in 16ms, sync=0, render=0, swap=16
Aug 28 18:45:15 hearth quickshell[181612]:  DEBUG qt.scenegraph.time.renderloop: [window 0x7fa09e00ec60][render thread 0x7fa09c606e00] syncAndRender: start, elapsed since last call: 16 ms
Aug 28 18:45:15 hearth quickshell[181612]:  DEBUG qt.scenegraph.time.renderloop: [window 0x7fa09e00ec60][gui thread] Frame prepared, polish=0 ms, lock=0 ms, blockedForSync=0 ms, animations=0 ms
Aug 28 18:45:15 hearth quickshell[181612]:  DEBUG qt.scenegraph.time.renderer: time in renderer: total=0ms, preprocess=0, updates=0, rendering=0
Aug 28 18:45:15 hearth quickshell[181612]:  DEBUG qt.scenegraph.time.renderloop: [window 0x7fa09af9dc70][gui thread] polishAndSync: start, elapsed since last call: 16 ms
Aug 28 18:45:15 hearth quickshell[181612]:  DEBUG qt.scenegraph.time.renderloop: [window 0x7fa09e00ec60][render thread 0x7fa09c606e00] syncAndRender: frame rendered in 0ms, sync=0, render=0, swap=0
Aug 28 18:45:15 hearth quickshell[181612]:  DEBUG qt.scenegraph.time.renderloop: [window 0x7fa09af9dc70][render thread 0x7fa09c607420] syncAndRender: start, elapsed since last call: 16 ms
Aug 28 18:45:15 hearth quickshell[181612]:  DEBUG qt.scenegraph.time.renderloop: [window 0x7fa09af9dc70][gui thread] Frame prepared, polish=0 ms, lock=0 ms, blockedForSync=0 ms, animations=0 ms
Aug 28 18:45:15 hearth quickshell[181612]:  DEBUG qt.scenegraph.time.renderer: time in renderer: total=0ms, preprocess=0, updates=0, rendering=0
Aug 28 18:45:15 hearth quickshell[181612]:  DEBUG qt.scenegraph.time.renderloop: [window 0x7fa09e00ec60][gui thread] polishAndSync: start, elapsed since last call: 16 ms
Aug 28 18:45:15 hearth quickshell[181612]:  DEBUG qt.scenegraph.time.renderloop: [window 0x7fa09af9dc70][render thread 0x7fa09c607420] syncAndRender: frame rendered in 16ms, sync=0, render=0, swap=15
Aug 28 18:45:15 hearth quickshell[181612]:  DEBUG qt.scenegraph.time.renderloop: [window 0x7fa09e00ec60][render thread 0x7fa09c606e00] syncAndRender: start, elapsed since last call: 16 ms
Aug 28 18:45:15 hearth quickshell[181612]:  DEBUG qt.scenegraph.time.renderloop: [window 0x7fa09e00ec60][gui thread] Frame prepared, polish=0 ms, lock=0 ms, blockedForSync=0 ms, animations=0 ms
Aug 28 18:45:15 hearth quickshell[181612]:  DEBUG qt.scenegraph.time.renderer: time in renderer: total=0ms, preprocess=0, updates=0, rendering=0
Aug 28 18:45:15 hearth quickshell[181612]:  DEBUG qt.scenegraph.time.renderloop: [window 0x7fa09af9dc70][gui thread] polishAndSync: start, elapsed since last call: 16 ms
Aug 28 18:45:15 hearth quickshell[181612]:  DEBUG qt.scenegraph.time.renderloop: [window 0x7fa09af9dc70][render thread 0x7fa09c607420] syncAndRender: start, elapsed since last call: 16 ms
Aug 28 18:45:15 hearth quickshell[181612]:  DEBUG qt.scenegraph.time.renderloop: [window 0x7fa09e00ec60][render thread 0x7fa09c606e00] syncAndRender: frame rendered in 0ms, sync=0, render=0, swap=0
Aug 28 18:45:15 hearth quickshell[181612]:  DEBUG qt.scenegraph.time.renderloop: [window 0x7fa09af9dc70][gui thread] Frame prepared, polish=0 ms, lock=0 ms, blockedForSync=0 ms, animations=0 ms
Aug 28 18:45:15 hearth quickshell[181612]:  DEBUG qt.scenegraph.time.renderer: time in renderer: total=0ms, preprocess=0, updates=0, rendering=0
Aug 28 18:45:15 hearth quickshell[181612]:  DEBUG qt.scenegraph.time.renderloop: [window 0x7fa09e00ec60][gui thread] polishAndSync: start, elapsed since last call: 16 ms
Aug 28 18:45:15 hearth quickshell[181612]:  DEBUG qt.scenegraph.time.renderloop: [window 0x7fa09af9dc70][render thread 0x7fa09c607420] syncAndRender: frame rendered in 16ms, sync=0, render=0, swap=15
Aug 28 18:45:15 hearth quickshell[181612]:  DEBUG qt.scenegraph.time.renderloop: [window 0x7fa09e00ec60][render thread 0x7fa09c606e00] syncAndRender: start, elapsed since last call: 16 ms
Aug 28 18:45:15 hearth quickshell[181612]:  DEBUG qt.scenegraph.time.renderer: time in renderer: total=0ms, preprocess=0, updates=0, rendering=0
Aug 28 18:45:15 hearth quickshell[181612]:  DEBUG qt.scenegraph.time.renderloop: [window 0x7fa09e00ec60][gui thread] Frame prepared, polish=0 ms, lock=0 ms, blockedForSync=0 ms, animations=0 ms
Aug 28 18:45:15 hearth quickshell[181612]:  DEBUG qt.scenegraph.time.renderloop: [window 0x7fa09af9dc70][gui thread] polishAndSync: start, elapsed since last call: 16 ms
Aug 28 18:45:15 hearth quickshell[181612]:  DEBUG qt.scenegraph.time.renderloop: [window 0x7fa09af9dc70][render thread 0x7fa09c607420] syncAndRender: start, elapsed since last call: 16 ms
Aug 28 18:45:15 hearth quickshell[181612]:  DEBUG qt.scenegraph.time.renderloop: [window 0x7fa09e00ec60][render thread 0x7fa09c606e00] syncAndRender: frame rendered in 0ms, sync=0, render=0, swap=0
Aug 28 18:45:15 hearth quickshell[181612]:  DEBUG qt.scenegraph.time.renderloop: [window 0x7fa09af9dc70][gui thread] Frame prepared, polish=0 ms, lock=0 ms, blockedForSync=0 ms, animations=0 ms
Aug 28 18:45:15 hearth quickshell[181612]:  DEBUG qt.scenegraph.time.renderer: time in renderer: total=0ms, preprocess=0, updates=0, rendering=0
Aug 28 18:45:15 hearth quickshell[181612]:  DEBUG qt.scenegraph.time.renderloop: [window 0x7fa09e00ec60][gui thread] polishAndSync: start, elapsed since last call: 16 ms
Aug 28 18:45:15 hearth quickshell[181612]:  DEBUG qt.scenegraph.time.renderloop: [window 0x7fa09af9dc70][render thread 0x7fa09c607420] syncAndRender: frame rendered in 16ms, sync=0, render=0, swap=15
Aug 28 18:45:15 hearth quickshell[181612]:  DEBUG qt.scenegraph.time.renderloop: [window 0x7fa09e00ec60][render thread 0x7fa09c606e00] syncAndRender: start, elapsed since last call: 16 ms
Aug 28 18:45:15 hearth quickshell[181612]:  DEBUG qt.scenegraph.time.renderloop: [window 0x7fa09e00ec60][gui thread] Frame prepared, polish=0 ms, lock=0 ms, blockedForSync=0 ms, animations=0 ms
Aug 28 18:45:15 hearth quickshell[181612]:  DEBUG qt.scenegraph.time.renderer: time in renderer: total=0ms, preprocess=0, updates=0, rendering=0
Aug 28 18:45:15 hearth quickshell[181612]:  DEBUG qt.scenegraph.time.renderloop: [window 0x7fa09af9dc70][gui thread] polishAndSync: start, elapsed since last call: 16 ms
Aug 28 18:45:15 hearth quickshell[181612]:  DEBUG qt.scenegraph.time.renderloop: [window 0x7fa09af9dc70][render thread 0x7fa09c607420] syncAndRender: start, elapsed since last call: 16 ms
Aug 28 18:45:15 hearth quickshell[181612]:  DEBUG qt.scenegraph.time.renderloop: [window 0x7fa09e00ec60][render thread 0x7fa09c606e00] syncAndRender: frame rendered in 0ms, sync=0, render=0, swap=0
Aug 28 18:45:15 hearth quickshell[181612]:  DEBUG qt.scenegraph.time.renderloop: [window 0x7fa09af9dc70][gui thread] Frame prepared, polish=0 ms, lock=0 ms, blockedForSync=0 ms, animations=0 ms
Aug 28 18:45:15 hearth quickshell[181612]:  DEBUG qt.scenegraph.time.renderer: time in renderer: total=0ms, preprocess=0, updates=0, rendering=0
Aug 28 18:45:15 hearth quickshell[181612]:  DEBUG qt.scenegraph.time.renderloop: [window 0x7fa09e00ec60][gui thread] polishAndSync: start, elapsed since last call: 16 ms
Aug 28 18:45:15 hearth quickshell[181612]:  DEBUG qt.scenegraph.time.renderloop: [window 0x7fa09af9dc70][render thread 0x7fa09c607420] syncAndRender: frame rendered in 16ms, sync=0, render=0, swap=15
Aug 28 18:45:15 hearth quickshell[181612]:  DEBUG qt.scenegraph.time.renderloop: [window 0x7fa09e00ec60][render thread 0x7fa09c606e00] syncAndRender: start, elapsed since last call: 16 ms
Aug 28 18:45:15 hearth quickshell[181612]:  DEBUG qt.scenegraph.time.renderloop: [window 0x7fa09e00ec60][gui thread] Frame prepared, polish=0 ms, lock=0 ms, blockedForSync=0 ms, animations=0 ms
Aug 28 18:45:15 hearth quickshell[181612]:  DEBUG qt.scenegraph.time.renderloop: [window 0x7fa09af9dc70][gui thread] polishAndSync: start, elapsed since last call: 16 ms
Aug 28 18:45:15 hearth quickshell[181612]:  DEBUG qt.scenegraph.time.renderer: time in renderer: total=0ms, preprocess=0, updates=0, rendering=0
Aug 28 18:45:15 hearth quickshell[181612]:  DEBUG qt.scenegraph.time.renderloop: [window 0x7fa09af9dc70][render thread 0x7fa09c607420] syncAndRender: start, elapsed since last call: 16 ms
Aug 28 18:45:15 hearth quickshell[181612]:  DEBUG qt.scenegraph.time.renderloop: [window 0x7fa09e00ec60][render thread 0x7fa09c606e00] syncAndRender: frame rendered in 0ms, sync=0, render=0, swap=0
Aug 28 18:45:15 hearth quickshell[181612]:  DEBUG qt.scenegraph.time.renderloop: [window 0x7fa09af9dc70][gui thread] Frame prepared, polish=0 ms, lock=0 ms, blockedForSync=0 ms, animations=0 ms
Aug 28 18:45:15 hearth quickshell[181612]:  DEBUG qt.scenegraph.time.renderer: time in renderer: total=0ms, preprocess=0, updates=0, rendering=0
Aug 28 18:45:15 hearth quickshell[181612]:  DEBUG qt.scenegraph.time.renderloop: [window 0x7fa09e00ec60][gui thread] polishAndSync: start, elapsed since last call: 16 ms
Aug 28 18:45:15 hearth quickshell[181612]:  DEBUG qt.scenegraph.time.renderloop: [window 0x7fa09af9dc70][render thread 0x7fa09c607420] syncAndRender: frame rendered in 16ms, sync=0, render=0, swap=16
Aug 28 18:45:15 hearth quickshell[181612]:  DEBUG qt.scenegraph.time.renderloop: [window 0x7fa09e00ec60][render thread 0x7fa09c606e00] syncAndRender: start, elapsed since last call: 16 ms
Aug 28 18:45:15 hearth quickshell[181612]:  DEBUG qt.scenegraph.time.renderloop: [window 0x7fa09e00ec60][gui thread] Frame prepared, polish=0 ms, lock=0 ms, blockedForSync=0 ms, animations=0 ms
Aug 28 18:45:15 hearth quickshell[181612]:  DEBUG qt.scenegraph.time.renderer: time in renderer: total=0ms, preprocess=0, updates=0, rendering=0
Aug 28 18:45:15 hearth quickshell[181612]:  DEBUG qt.scenegraph.time.renderloop: [window 0x7fa09af9dc70][gui thread] polishAndSync: start, elapsed since last call: 16 ms
Aug 28 18:45:15 hearth quickshell[181612]:  DEBUG qt.scenegraph.time.renderloop: [window 0x7fa09af9dc70][render thread 0x7fa09c607420] syncAndRender: start, elapsed since last call: 16 ms
Aug 28 18:45:15 hearth quickshell[181612]:  DEBUG qt.scenegraph.time.renderloop: [window 0x7fa09e00ec60][render thread 0x7fa09c606e00] syncAndRender: frame rendered in 0ms, sync=0, render=0, swap=0
Aug 28 18:45:15 hearth quickshell[181612]:  DEBUG qt.scenegraph.time.renderloop: [window 0x7fa09af9dc70][gui thread] Frame prepared, polish=0 ms, lock=0 ms, blockedForSync=0 ms, animations=0 ms
Aug 28 18:45:15 hearth quickshell[181612]:  DEBUG qt.scenegraph.time.renderer: time in renderer: total=0ms, preprocess=0, updates=0, rendering=0
Aug 28 18:45:15 hearth quickshell[181612]:  DEBUG qt.scenegraph.time.renderloop: [window 0x7fa09e00ec60][gui thread] polishAndSync: start, elapsed since last call: 16 ms
Aug 28 18:45:15 hearth quickshell[181612]:  DEBUG qt.scenegraph.time.renderloop: [window 0x7fa09af9dc70][render thread 0x7fa09c607420] syncAndRender: frame rendered in 16ms, sync=0, render=0, swap=15
Aug 28 18:45:15 hearth quickshell[181612]:  DEBUG qt.scenegraph.time.renderloop: [window 0x7fa09e00ec60][render thread 0x7fa09c606e00] syncAndRender: start, elapsed since last call: 16 ms
Aug 28 18:45:15 hearth quickshell[181612]:  DEBUG qt.scenegraph.time.renderer: time in renderer: total=0ms, preprocess=0, updates=0, rendering=0
Aug 28 18:45:15 hearth quickshell[181612]:  DEBUG qt.scenegraph.time.renderloop: [window 0x7fa09e00ec60][gui thread] Frame prepared, polish=0 ms, lock=0 ms, blockedForSync=0 ms, animations=0 ms
Aug 28 18:45:15 hearth quickshell[181612]:  DEBUG qt.scenegraph.time.renderloop: [window 0x7fa09af9dc70][gui thread] polishAndSync: start, elapsed since last call: 16 ms
Aug 28 18:45:15 hearth quickshell[181612]:  DEBUG qt.scenegraph.time.renderloop: [window 0x7fa09e00ec60][render thread 0x7fa09c606e00] syncAndRender: frame rendered in 0ms, sync=0, render=0, swap=0
Aug 28 18:45:15 hearth quickshell[181612]:  DEBUG qt.scenegraph.time.renderloop: [window 0x7fa09af9dc70][render thread 0x7fa09c607420] syncAndRender: start, elapsed since last call: 16 ms
Aug 28 18:45:15 hearth quickshell[181612]:  DEBUG qt.scenegraph.time.renderloop: [window 0x7fa09af9dc70][gui thread] Frame prepared, polish=0 ms, lock=0 ms, blockedForSync=0 ms, animations=0 ms
Aug 28 18:45:15 hearth quickshell[181612]:  DEBUG qt.scenegraph.time.renderer: time in renderer: total=0ms, preprocess=0, updates=0, rendering=0
Aug 28 18:45:15 hearth quickshell[181612]:  DEBUG qt.scenegraph.time.renderloop: [window 0x7fa09e00ec60][gui thread] polishAndSync: start, elapsed since last call: 16 ms
Aug 28 18:45:15 hearth quickshell[181612]:  DEBUG qt.scenegraph.time.renderloop: [window 0x7fa09af9dc70][render thread 0x7fa09c607420] syncAndRender: frame rendered in 16ms, sync=0, render=0, swap=16
Aug 28 18:45:15 hearth quickshell[181612]:  DEBUG qt.scenegraph.time.renderloop: [window 0x7fa09e00ec60][render thread 0x7fa09c606e00] syncAndRender: start, elapsed since last call: 16 ms
Aug 28 18:45:15 hearth quickshell[181612]:  DEBUG qt.scenegraph.time.renderer: time in renderer: total=0ms, preprocess=0, updates=0, rendering=0
Aug 28 18:45:15 hearth quickshell[181612]:  DEBUG qt.scenegraph.time.renderloop: [window 0x7fa09e00ec60][gui thread] Frame prepared, polish=0 ms, lock=0 ms, blockedForSync=0 ms, animations=0 ms
Aug 28 18:45:15 hearth quickshell[181612]:  DEBUG qt.scenegraph.time.renderloop: [window 0x7fa09af9dc70][gui thread] polishAndSync: start, elapsed since last call: 16 ms
Aug 28 18:45:15 hearth quickshell[181612]:  DEBUG qt.scenegraph.time.renderloop: [window 0x7fa09e00ec60][render thread 0x7fa09c606e00] syncAndRender: frame rendered in 0ms, sync=0, render=0, swap=0
Aug 28 18:45:15 hearth quickshell[181612]:  DEBUG qt.scenegraph.time.renderloop: [window 0x7fa09af9dc70][render thread 0x7fa09c607420] syncAndRender: start, elapsed since last call: 16 ms
Aug 28 18:45:15 hearth quickshell[181612]:  DEBUG qt.scenegraph.time.renderloop: [window 0x7fa09af9dc70][gui thread] Frame prepared, polish=0 ms, lock=0 ms, blockedForSync=0 ms, animations=0 ms
Aug 28 18:45:15 hearth quickshell[181612]:  DEBUG qt.scenegraph.time.renderer: time in renderer: total=0ms, preprocess=0, updates=0, rendering=0
Aug 28 18:45:15 hearth quickshell[181612]:  DEBUG qt.scenegraph.time.renderloop: [window 0x7fa09e00ec60][gui thread] polishAndSync: start, elapsed since last call: 16 ms
Aug 28 18:45:15 hearth quickshell[181612]:  DEBUG qt.scenegraph.time.renderloop: [window 0x7fa09af9dc70][render thread 0x7fa09c607420] syncAndRender: frame rendered in 16ms, sync=0, render=0, swap=16
Aug 28 18:45:15 hearth quickshell[181612]:  DEBUG qt.scenegraph.time.renderloop: [window 0x7fa09e00ec60][render thread 0x7fa09c606e00] syncAndRender: start, elapsed since last call: 16 ms
Aug 28 18:45:15 hearth quickshell[181612]:  DEBUG qt.scenegraph.time.renderloop: [window 0x7fa09e00ec60][gui thread] Frame prepared, polish=0 ms, lock=0 ms, blockedForSync=0 ms, animations=0 ms
Aug 28 18:45:15 hearth quickshell[181612]:  DEBUG qt.scenegraph.time.renderer: time in renderer: total=0ms, preprocess=0, updates=0, rendering=0
Aug 28 18:45:15 hearth quickshell[181612]:  DEBUG qt.scenegraph.time.renderloop: [window 0x7fa09af9dc70][gui thread] polishAndSync: start, elapsed since last call: 16 ms
Aug 28 18:45:15 hearth quickshell[181612]:  DEBUG qt.scenegraph.time.renderloop: [window 0x7fa09af9dc70][render thread 0x7fa09c607420] syncAndRender: start, elapsed since last call: 16 ms
Aug 28 18:45:15 hearth quickshell[181612]:  DEBUG qt.scenegraph.time.renderloop: [window 0x7fa09e00ec60][render thread 0x7fa09c606e00] syncAndRender: frame rendered in 0ms, sync=0, render=0, swap=0
Aug 28 18:45:15 hearth quickshell[181612]:  DEBUG qt.scenegraph.time.renderloop: [window 0x7fa09af9dc70][gui thread] Frame prepared, polish=0 ms, lock=0 ms, blockedForSync=0 ms, animations=0 ms
Aug 28 18:45:15 hearth quickshell[181612]:  DEBUG qt.scenegraph.time.renderer: time in renderer: total=0ms, preprocess=0, updates=0, rendering=0
Aug 28 18:45:15 hearth quickshell[181612]:  DEBUG qt.scenegraph.time.renderloop: [window 0x7fa09e00ec60][gui thread] polishAndSync: start, elapsed since last call: 16 ms
Aug 28 18:45:15 hearth quickshell[181612]:  DEBUG qt.scenegraph.time.renderloop: [window 0x7fa09af9dc70][render thread 0x7fa09c607420] syncAndRender: frame rendered in 16ms, sync=0, render=0, swap=16
Aug 28 18:45:15 hearth quickshell[181612]:  DEBUG qt.scenegraph.time.renderloop: [window 0x7fa09e00ec60][render thread 0x7fa09c606e00] syncAndRender: start, elapsed since last call: 16 ms
Aug 28 18:45:15 hearth quickshell[181612]:  DEBUG qt.scenegraph.time.renderloop: [window 0x7fa09e00ec60][gui thread] Frame prepared, polish=0 ms, lock=0 ms, blockedForSync=0 ms, animations=0 ms
Aug 28 18:45:15 hearth quickshell[181612]:  DEBUG qt.scenegraph.time.renderer: time in renderer: total=0ms, preprocess=0, updates=0, rendering=0
Aug 28 18:45:15 hearth quickshell[181612]:  DEBUG qt.scenegraph.time.renderloop: [window 0x7fa09af9dc70][gui thread] polishAndSync: start, elapsed since last call: 16 ms
Aug 28 18:45:15 hearth quickshell[181612]:  DEBUG qt.scenegraph.time.renderloop: [window 0x7fa09af9dc70][render thread 0x7fa09c607420] syncAndRender: start, elapsed since last call: 16 ms
Aug 28 18:45:15 hearth quickshell[181612]:  DEBUG qt.scenegraph.time.renderloop: [window 0x7fa09e00ec60][render thread 0x7fa09c606e00] syncAndRender: frame rendered in 0ms, sync=0, render=0, swap=0
Aug 28 18:45:15 hearth quickshell[181612]:  DEBUG qt.scenegraph.time.renderloop: [window 0x7fa09af9dc70][gui thread] Frame prepared, polish=0 ms, lock=0 ms, blockedForSync=0 ms, animations=0 ms
Aug 28 18:45:15 hearth quickshell[181612]:  DEBUG qt.scenegraph.time.renderer: time in renderer: total=0ms, preprocess=0, updates=0, rendering=0
Aug 28 18:45:15 hearth quickshell[181612]:  DEBUG qt.scenegraph.time.renderloop: [window 0x7fa09e00ec60][gui thread] polishAndSync: start, elapsed since last call: 16 ms
Aug 28 18:45:15 hearth quickshell[181612]:  DEBUG qt.scenegraph.time.renderloop: [window 0x7fa09af9dc70][render thread 0x7fa09c607420] syncAndRender: frame rendered in 16ms, sync=0, render=0, swap=16
Aug 28 18:45:15 hearth quickshell[181612]:  DEBUG qt.scenegraph.time.renderloop: [window 0x7fa09e00ec60][render thread 0x7fa09c606e00] syncAndRender: start, elapsed since last call: 16 ms
Aug 28 18:45:15 hearth quickshell[181612]:  DEBUG qt.scenegraph.time.renderloop: [window 0x7fa09e00ec60][gui thread] Frame prepared, polish=0 ms, lock=0 ms, blockedForSync=0 ms, animations=0 ms
Aug 28 18:45:15 hearth quickshell[181612]:  DEBUG qt.scenegraph.time.renderer: time in renderer: total=0ms, preprocess=0, updates=0, rendering=0
Aug 28 18:45:15 hearth quickshell[181612]:  DEBUG qt.scenegraph.time.renderloop: [window 0x7fa09af9dc70][gui thread] polishAndSync: start, elapsed since last call: 16 ms
Aug 28 18:45:15 hearth quickshell[181612]:  DEBUG qt.scenegraph.time.renderloop: [window 0x7fa09e00ec60][render thread 0x7fa09c606e00] syncAndRender: frame rendered in 0ms, sync=0, render=0, swap=0
Aug 28 18:45:15 hearth quickshell[181612]:  DEBUG qt.scenegraph.time.renderloop: [window 0x7fa09af9dc70][render thread 0x7fa09c607420] syncAndRender: start, elapsed since last call: 17 ms
Aug 28 18:45:15 hearth quickshell[181612]:  DEBUG qt.scenegraph.time.renderloop: [window 0x7fa09af9dc70][gui thread] Frame prepared, polish=0 ms, lock=0 ms, blockedForSync=0 ms, animations=0 ms
Aug 28 18:45:15 hearth quickshell[181612]:  DEBUG qt.scenegraph.time.renderer: time in renderer: total=0ms, preprocess=0, updates=0, rendering=0
Aug 28 18:45:15 hearth quickshell[181612]:  DEBUG qt.scenegraph.time.renderloop: [window 0x7fa09e00ec60][gui thread] polishAndSync: start, elapsed since last call: 16 ms
Aug 28 18:45:15 hearth quickshell[181612]:  DEBUG qt.scenegraph.time.renderloop: [window 0x7fa09af9dc70][render thread 0x7fa09c607420] syncAndRender: frame rendered in 16ms, sync=0, render=0, swap=15
Aug 28 18:45:15 hearth quickshell[181612]:  DEBUG qt.scenegraph.time.renderloop: [window 0x7fa09e00ec60][render thread 0x7fa09c606e00] syncAndRender: start, elapsed since last call: 16 ms
Aug 28 18:45:15 hearth quickshell[181612]:  DEBUG qt.scenegraph.time.renderloop: [window 0x7fa09e00ec60][gui thread] Frame prepared, polish=0 ms, lock=0 ms, blockedForSync=0 ms, animations=0 ms
Aug 28 18:45:15 hearth quickshell[181612]:  DEBUG qt.scenegraph.time.renderer: time in renderer: total=0ms, preprocess=0, updates=0, rendering=0
Aug 28 18:45:15 hearth quickshell[181612]:  DEBUG qt.scenegraph.time.renderloop: [window 0x7fa09af9dc70][gui thread] polishAndSync: start, elapsed since last call: 16 ms
Aug 28 18:45:15 hearth quickshell[181612]:  DEBUG qt.scenegraph.time.renderloop: [window 0x7fa09af9dc70][render thread 0x7fa09c607420] syncAndRender: start, elapsed since last call: 16 ms
Aug 28 18:45:15 hearth quickshell[181612]:  DEBUG qt.scenegraph.time.renderloop: [window 0x7fa09e00ec60][render thread 0x7fa09c606e00] syncAndRender: frame rendered in 0ms, sync=0, render=0, swap=0
Aug 28 18:45:15 hearth quickshell[181612]:  DEBUG qt.scenegraph.time.renderloop: [window 0x7fa09af9dc70][gui thread] Frame prepared, polish=0 ms, lock=0 ms, blockedForSync=0 ms, animations=0 ms
Aug 28 18:45:15 hearth quickshell[181612]:  DEBUG qt.scenegraph.time.renderer: time in renderer: total=0ms, preprocess=0, updates=0, rendering=0
Aug 28 18:45:15 hearth quickshell[181612]:  DEBUG qt.scenegraph.time.renderloop: [window 0x7fa09e00ec60][gui thread] polishAndSync: start, elapsed since last call: 16 ms
Aug 28 18:45:15 hearth quickshell[181612]:  DEBUG qt.scenegraph.time.renderloop: [window 0x7fa09af9dc70][render thread 0x7fa09c607420] syncAndRender: frame rendered in 16ms, sync=0, render=0, swap=16
Aug 28 18:45:15 hearth quickshell[181612]:  DEBUG qt.scenegraph.time.renderloop: [window 0x7fa09e00ec60][render thread 0x7fa09c606e00] syncAndRender: start, elapsed since last call: 16 ms
Aug 28 18:45:15 hearth quickshell[181612]:  DEBUG qt.scenegraph.time.renderer: time in renderer: total=0ms, preprocess=0, updates=0, rendering=0
Aug 28 18:45:15 hearth quickshell[181612]:  DEBUG qt.scenegraph.time.renderloop: [window 0x7fa09e00ec60][gui thread] Frame prepared, polish=0 ms, lock=0 ms, blockedForSync=0 ms, animations=0 ms
Aug 28 18:45:15 hearth quickshell[181612]:  DEBUG qt.scenegraph.time.renderloop: [window 0x7fa09af9dc70][gui thread] polishAndSync: start, elapsed since last call: 16 ms
Aug 28 18:45:15 hearth quickshell[181612]:  DEBUG qt.scenegraph.time.renderloop: [window 0x7fa09af9dc70][render thread 0x7fa09c607420] syncAndRender: start, elapsed since last call: 16 ms
Aug 28 18:45:15 hearth quickshell[181612]:  DEBUG qt.scenegraph.time.renderloop: [window 0x7fa09e00ec60][render thread 0x7fa09c606e00] syncAndRender: frame rendered in 0ms, sync=0, render=0, swap=0
Aug 28 18:45:15 hearth quickshell[181612]:  DEBUG qt.scenegraph.time.renderloop: [window 0x7fa09af9dc70][gui thread] Frame prepared, polish=0 ms, lock=0 ms, blockedForSync=0 ms, animations=0 ms
Aug 28 18:45:15 hearth quickshell[181612]:  DEBUG qt.scenegraph.time.renderer: time in renderer: total=0ms, preprocess=0, updates=0, rendering=0
Aug 28 18:45:15 hearth quickshell[181612]:  DEBUG qt.scenegraph.time.renderloop: [window 0x7fa09e00ec60][gui thread] polishAndSync: start, elapsed since last call: 16 ms
Aug 28 18:45:15 hearth quickshell[181612]:  DEBUG qt.scenegraph.time.renderloop: [window 0x7fa09af9dc70][render thread 0x7fa09c607420] syncAndRender: frame rendered in 16ms, sync=0, render=0, swap=16
Aug 28 18:45:15 hearth quickshell[181612]:  DEBUG qt.scenegraph.time.renderloop: [window 0x7fa09e00ec60][render thread 0x7fa09c606e00] syncAndRender: start, elapsed since last call: 16 ms
Aug 28 18:45:15 hearth quickshell[181612]:  DEBUG qt.scenegraph.time.renderloop: [window 0x7fa09e00ec60][gui thread] Frame prepared, polish=0 ms, lock=0 ms, blockedForSync=0 ms, animations=0 ms
Aug 28 18:45:15 hearth quickshell[181612]:  DEBUG qt.scenegraph.time.renderer: time in renderer: total=0ms, preprocess=0, updates=0, rendering=0
Aug 28 18:45:15 hearth quickshell[181612]:  DEBUG qt.scenegraph.time.renderloop: [window 0x7fa09af9dc70][gui thread] polishAndSync: start, elapsed since last call: 16 ms
Aug 28 18:45:15 hearth quickshell[181612]:  DEBUG qt.scenegraph.time.renderloop: [window 0x7fa09af9dc70][render thread 0x7fa09c607420] syncAndRender: start, elapsed since last call: 16 ms
Aug 28 18:45:15 hearth quickshell[181612]:  DEBUG qt.scenegraph.time.renderloop: [window 0x7fa09e00ec60][render thread 0x7fa09c606e00] syncAndRender: frame rendered in 0ms, sync=0, render=0, swap=0
Aug 28 18:45:15 hearth quickshell[181612]:  DEBUG qt.scenegraph.time.renderloop: [window 0x7fa09af9dc70][gui thread] Frame prepared, polish=0 ms, lock=0 ms, blockedForSync=0 ms, animations=0 ms
Aug 28 18:45:15 hearth quickshell[181612]:  DEBUG qt.scenegraph.time.renderer: time in renderer: total=0ms, preprocess=0, updates=0, rendering=0
Aug 28 18:45:15 hearth quickshell[181612]:  DEBUG qt.scenegraph.time.renderloop: [window 0x7fa09e00ec60][gui thread] polishAndSync: start, elapsed since last call: 16 ms
Aug 28 18:45:15 hearth quickshell[181612]:  DEBUG qt.scenegraph.time.renderloop: [window 0x7fa09af9dc70][render thread 0x7fa09c607420] syncAndRender: frame rendered in 16ms, sync=0, render=0, swap=16
Aug 28 18:45:15 hearth quickshell[181612]:  DEBUG qt.scenegraph.time.renderloop: [window 0x7fa09e00ec60][render thread 0x7fa09c606e00] syncAndRender: start, elapsed since last call: 16 ms
Aug 28 18:45:15 hearth quickshell[181612]:  DEBUG qt.scenegraph.time.renderer: time in renderer: total=0ms, preprocess=0, updates=0, rendering=0
Aug 28 18:45:15 hearth quickshell[181612]:  DEBUG qt.scenegraph.time.renderloop: [window 0x7fa09e00ec60][gui thread] Frame prepared, polish=0 ms, lock=0 ms, blockedForSync=0 ms, animations=0 ms
Aug 28 18:45:15 hearth quickshell[181612]:  DEBUG qt.scenegraph.time.renderloop: [window 0x7fa09af9dc70][gui thread] polishAndSync: start, elapsed since last call: 16 ms
Aug 28 18:45:15 hearth quickshell[181612]:  DEBUG qt.scenegraph.time.renderloop: [window 0x7fa09e00ec60][render thread 0x7fa09c606e00] syncAndRender: frame rendered in 0ms, sync=0, render=0, swap=0
Aug 28 18:45:15 hearth quickshell[181612]:  DEBUG qt.scenegraph.time.renderloop: [window 0x7fa09af9dc70][render thread 0x7fa09c607420] syncAndRender: start, elapsed since last call: 16 ms
Aug 28 18:45:15 hearth quickshell[181612]:  DEBUG qt.scenegraph.time.renderloop: [window 0x7fa09af9dc70][gui thread] Frame prepared, polish=0 ms, lock=0 ms, blockedForSync=0 ms, animations=0 ms
Aug 28 18:45:15 hearth quickshell[181612]:  DEBUG qt.scenegraph.time.renderer: time in renderer: total=0ms, preprocess=0, updates=0, rendering=0
Aug 28 18:45:15 hearth quickshell[181612]:  DEBUG qt.scenegraph.time.renderloop: [window 0x7fa09e00ec60][gui thread] polishAndSync: start, elapsed since last call: 16 ms
Aug 28 18:45:15 hearth quickshell[181612]:  DEBUG qt.scenegraph.time.renderloop: [window 0x7fa09af9dc70][render thread 0x7fa09c607420] syncAndRender: frame rendered in 16ms, sync=0, render=0, swap=16
Aug 28 18:45:15 hearth quickshell[181612]:  DEBUG qt.scenegraph.time.renderloop: [window 0x7fa09e00ec60][render thread 0x7fa09c606e00] syncAndRender: start, elapsed since last call: 16 ms
Aug 28 18:45:15 hearth quickshell[181612]:  DEBUG qt.scenegraph.time.renderloop: [window 0x7fa09e00ec60][gui thread] Frame prepared, polish=0 ms, lock=0 ms, blockedForSync=0 ms, animations=0 ms
Aug 28 18:45:15 hearth quickshell[181612]:  DEBUG qt.scenegraph.time.renderer: time in renderer: total=0ms, preprocess=0, updates=0, rendering=0
Aug 28 18:45:15 hearth quickshell[181612]:  DEBUG qt.scenegraph.time.renderloop: [window 0x7fa09af9dc70][gui thread] polishAndSync: start, elapsed since last call: 16 ms
Aug 28 18:45:15 hearth quickshell[181612]:  DEBUG qt.scenegraph.time.renderloop: [window 0x7fa09af9dc70][render thread 0x7fa09c607420] syncAndRender: start, elapsed since last call: 16 ms
Aug 28 18:45:15 hearth quickshell[181612]:  DEBUG qt.scenegraph.time.renderloop: [window 0x7fa09e00ec60][render thread 0x7fa09c606e00] syncAndRender: frame rendered in 0ms, sync=0, render=0, swap=0
Aug 28 18:45:15 hearth quickshell[181612]:  DEBUG qt.scenegraph.time.renderloop: [window 0x7fa09af9dc70][gui thread] Frame prepared, polish=0 ms, lock=0 ms, blockedForSync=0 ms, animations=0 ms
Aug 28 18:45:15 hearth quickshell[181612]:  DEBUG qt.scenegraph.time.renderer: time in renderer: total=0ms, preprocess=0, updates=0, rendering=0
Aug 28 18:45:15 hearth quickshell[181612]:  DEBUG qt.scenegraph.time.renderloop: [window 0x7fa09af9dc70][render thread 0x7fa09c607420] syncAndRender: frame rendered in 16ms, sync=0, render=0, swap=16
Aug 28 18:45:15 hearth quickshell[181612]:  DEBUG qt.scenegraph.time.renderloop: [window 0x7fa09e00ec60][gui thread] polishAndSync: start, elapsed since last call: 16 ms
Aug 28 18:45:15 hearth quickshell[181612]:  DEBUG qt.scenegraph.time.renderloop: [window 0x7fa09e00ec60][render thread 0x7fa09c606e00] syncAndRender: start, elapsed since last call: 16 ms
Aug 28 18:45:15 hearth quickshell[181612]:  DEBUG qt.scenegraph.time.renderer: time in renderer: total=0ms, preprocess=0, updates=0, rendering=0
Aug 28 18:45:15 hearth quickshell[181612]:  DEBUG qt.scenegraph.time.renderloop: [window 0x7fa09e00ec60][gui thread] Frame prepared, polish=0 ms, lock=0 ms, blockedForSync=0 ms, animations=0 ms
Aug 28 18:45:15 hearth quickshell[181612]:  DEBUG qt.scenegraph.time.renderloop: [window 0x7fa09af9dc70][gui thread] polishAndSync: start, elapsed since last call: 16 ms
Aug 28 18:45:15 hearth quickshell[181612]:  DEBUG qt.scenegraph.time.renderloop: [window 0x7fa09e00ec60][render thread 0x7fa09c606e00] syncAndRender: frame rendered in 0ms, sync=0, render=0, swap=0
Aug 28 18:45:15 hearth quickshell[181612]:  DEBUG qt.scenegraph.time.renderloop: [window 0x7fa09af9dc70][render thread 0x7fa09c607420] syncAndRender: start, elapsed since last call: 16 ms
Aug 28 18:45:15 hearth quickshell[181612]:  DEBUG qt.scenegraph.time.renderloop: [window 0x7fa09af9dc70][gui thread] Frame prepared, polish=0 ms, lock=0 ms, blockedForSync=0 ms, animations=0 ms
Aug 28 18:45:15 hearth quickshell[181612]:  DEBUG qt.scenegraph.time.renderer: time in renderer: total=0ms, preprocess=0, updates=0, rendering=0
Aug 28 18:45:15 hearth quickshell[181612]:  DEBUG qt.scenegraph.time.renderloop: [window 0x7fa09e00ec60][gui thread] polishAndSync: start, elapsed since last call: 16 ms
Aug 28 18:45:15 hearth quickshell[181612]:  DEBUG qt.scenegraph.time.renderloop: [window 0x7fa09af9dc70][render thread 0x7fa09c607420] syncAndRender: frame rendered in 16ms, sync=0, render=0, swap=15
Aug 28 18:45:15 hearth quickshell[181612]:  DEBUG qt.scenegraph.time.renderloop: [window 0x7fa09e00ec60][render thread 0x7fa09c606e00] syncAndRender: start, elapsed since last call: 16 ms
Aug 28 18:45:15 hearth quickshell[181612]:  DEBUG qt.scenegraph.time.renderer: time in renderer: total=0ms, preprocess=0, updates=0, rendering=0
Aug 28 18:45:15 hearth quickshell[181612]:  DEBUG qt.scenegraph.time.renderloop: [window 0x7fa09e00ec60][gui thread] Frame prepared, polish=0 ms, lock=0 ms, blockedForSync=0 ms, animations=0 ms
Aug 28 18:45:15 hearth quickshell[181612]:  DEBUG qt.scenegraph.time.renderloop: [window 0x7fa09af9dc70][gui thread] polishAndSync: start, elapsed since last call: 16 ms
Aug 28 18:45:15 hearth quickshell[181612]:  DEBUG qt.scenegraph.time.renderloop: [window 0x7fa09af9dc70][render thread 0x7fa09c607420] syncAndRender: start, elapsed since last call: 16 ms
Aug 28 18:45:15 hearth quickshell[181612]:  DEBUG qt.scenegraph.time.renderloop: [window 0x7fa09e00ec60][render thread 0x7fa09c606e00] syncAndRender: frame rendered in 0ms, sync=0, render=0, swap=0
Aug 28 18:45:15 hearth quickshell[181612]:  DEBUG qt.scenegraph.time.renderloop: [window 0x7fa09af9dc70][gui thread] Frame prepared, polish=0 ms, lock=0 ms, blockedForSync=0 ms, animations=0 ms
Aug 28 18:45:15 hearth quickshell[181612]:  DEBUG qt.scenegraph.time.renderer: time in renderer: total=0ms, preprocess=0, updates=0, rendering=0
Aug 28 18:45:15 hearth quickshell[181612]:  DEBUG qt.scenegraph.time.renderloop: [window 0x7fa09e00ec60][gui thread] polishAndSync: start, elapsed since last call: 16 ms
Aug 28 18:45:15 hearth quickshell[181612]:  DEBUG qt.scenegraph.time.renderloop: [window 0x7fa09af9dc70][render thread 0x7fa09c607420] syncAndRender: frame rendered in 16ms, sync=0, render=0, swap=16
Aug 28 18:45:15 hearth quickshell[181612]:  DEBUG qt.scenegraph.time.renderloop: [window 0x7fa09e00ec60][render thread 0x7fa09c606e00] syncAndRender: start, elapsed since last call: 16 ms
Aug 28 18:45:15 hearth quickshell[181612]:  DEBUG qt.scenegraph.time.renderer: time in renderer: total=0ms, preprocess=0, updates=0, rendering=0
Aug 28 18:45:15 hearth quickshell[181612]:  DEBUG qt.scenegraph.time.renderloop: [window 0x7fa09e00ec60][gui thread] Frame prepared, polish=0 ms, lock=0 ms, blockedForSync=0 ms, animations=0 ms
Aug 28 18:45:15 hearth quickshell[181612]:  DEBUG qt.scenegraph.time.renderloop: [window 0x7fa09af9dc70][gui thread] polishAndSync: start, elapsed since last call: 16 ms
Aug 28 18:45:15 hearth quickshell[181612]:  DEBUG qt.scenegraph.time.renderloop: [window 0x7fa09e00ec60][render thread 0x7fa09c606e00] syncAndRender: frame rendered in 0ms, sync=0, render=0, swap=0
Aug 28 18:45:15 hearth quickshell[181612]:  DEBUG qt.scenegraph.time.renderloop: [window 0x7fa09af9dc70][render thread 0x7fa09c607420] syncAndRender: start, elapsed since last call: 16 ms
Aug 28 18:45:15 hearth quickshell[181612]:  DEBUG qt.scenegraph.time.renderloop: [window 0x7fa09af9dc70][gui thread] Frame prepared, polish=0 ms, lock=0 ms, blockedForSync=0 ms, animations=0 ms
Aug 28 18:45:15 hearth quickshell[181612]:  DEBUG qt.scenegraph.time.renderer: time in renderer: total=0ms, preprocess=0, updates=0, rendering=0
Aug 28 18:45:15 hearth quickshell[181612]:  DEBUG qt.scenegraph.time.renderloop: [window 0x7fa09e00ec60][gui thread] polishAndSync: start, elapsed since last call: 16 ms
Aug 28 18:45:15 hearth quickshell[181612]:  DEBUG qt.scenegraph.time.renderloop: [window 0x7fa09af9dc70][render thread 0x7fa09c607420] syncAndRender: frame rendered in 16ms, sync=0, render=0, swap=15
Aug 28 18:45:15 hearth quickshell[181612]:  DEBUG qt.scenegraph.time.renderloop: [window 0x7fa09e00ec60][render thread 0x7fa09c606e00] syncAndRender: start, elapsed since last call: 16 ms
Aug 28 18:45:15 hearth quickshell[181612]:  DEBUG qt.scenegraph.time.renderer: time in renderer: total=0ms, preprocess=0, updates=0, rendering=0
Aug 28 18:45:15 hearth quickshell[181612]:  DEBUG qt.scenegraph.time.renderloop: [window 0x7fa09e00ec60][gui thread] Frame prepared, polish=0 ms, lock=0 ms, blockedForSync=0 ms, animations=0 ms
Aug 28 18:45:15 hearth quickshell[181612]:  DEBUG qt.scenegraph.time.renderloop: [window 0x7fa09af9dc70][gui thread] polishAndSync: start, elapsed since last call: 16 ms
Aug 28 18:45:15 hearth quickshell[181612]:  DEBUG qt.scenegraph.time.renderloop: [window 0x7fa09af9dc70][render thread 0x7fa09c607420] syncAndRender: start, elapsed since last call: 16 ms
Aug 28 18:45:15 hearth quickshell[181612]:  DEBUG qt.scenegraph.time.renderloop: [window 0x7fa09e00ec60][render thread 0x7fa09c606e00] syncAndRender: frame rendered in 0ms, sync=0, render=0, swap=0
Aug 28 18:45:15 hearth quickshell[181612]:  DEBUG qt.scenegraph.time.renderloop: [window 0x7fa09af9dc70][gui thread] Frame prepared, polish=0 ms, lock=0 ms, blockedForSync=0 ms, animations=0 ms
Aug 28 18:45:15 hearth quickshell[181612]:  DEBUG qt.scenegraph.time.renderer: time in renderer: total=0ms, preprocess=0, updates=0, rendering=0
Aug 28 18:45:15 hearth quickshell[181612]:  DEBUG qt.scenegraph.time.renderloop: [window 0x7fa09e00ec60][gui thread] polishAndSync: start, elapsed since last call: 16 ms
Aug 28 18:45:15 hearth quickshell[181612]:  DEBUG qt.scenegraph.time.renderloop: [window 0x7fa09af9dc70][render thread 0x7fa09c607420] syncAndRender: frame rendered in 16ms, sync=0, render=0, swap=16
Aug 28 18:45:15 hearth quickshell[181612]:  DEBUG qt.scenegraph.time.renderloop: [window 0x7fa09e00ec60][render thread 0x7fa09c606e00] syncAndRender: start, elapsed since last call: 16 ms
Aug 28 18:45:15 hearth quickshell[181612]:  DEBUG qt.scenegraph.time.renderer: time in renderer: total=0ms, preprocess=0, updates=0, rendering=0
Aug 28 18:45:15 hearth quickshell[181612]:  DEBUG qt.scenegraph.time.renderloop: [window 0x7fa09e00ec60][gui thread] Frame prepared, polish=0 ms, lock=0 ms, blockedForSync=0 ms, animations=0 ms
Aug 28 18:45:15 hearth quickshell[181612]:  DEBUG qt.scenegraph.time.renderloop: [window 0x7fa09af9dc70][gui thread] polishAndSync: start, elapsed since last call: 16 ms
Aug 28 18:45:15 hearth quickshell[181612]:  DEBUG qt.scenegraph.time.renderloop: [window 0x7fa09e00ec60][render thread 0x7fa09c606e00] syncAndRender: frame rendered in 0ms, sync=0, render=0, swap=0
Aug 28 18:45:15 hearth quickshell[181612]:  DEBUG qt.scenegraph.time.renderloop: [window 0x7fa09af9dc70][render thread 0x7fa09c607420] syncAndRender: start, elapsed since last call: 17 ms
Aug 28 18:45:15 hearth quickshell[181612]:  DEBUG qt.scenegraph.time.renderloop: [window 0x7fa09af9dc70][gui thread] Frame prepared, polish=0 ms, lock=0 ms, blockedForSync=0 ms, animations=0 ms
Aug 28 18:45:15 hearth quickshell[181612]:  DEBUG qt.scenegraph.time.renderer: time in renderer: total=0ms, preprocess=0, updates=0, rendering=0
Aug 28 18:45:15 hearth quickshell[181612]:  DEBUG qt.scenegraph.time.renderloop: [window 0x7fa09e00ec60][gui thread] polishAndSync: start, elapsed since last call: 16 ms
Aug 28 18:45:15 hearth quickshell[181612]:  DEBUG qt.scenegraph.time.renderloop: [window 0x7fa09af9dc70][render thread 0x7fa09c607420] syncAndRender: frame rendered in 16ms, sync=0, render=0, swap=15
Aug 28 18:45:15 hearth quickshell[181612]:  DEBUG qt.scenegraph.time.renderloop: [window 0x7fa09e00ec60][render thread 0x7fa09c606e00] syncAndRender: start, elapsed since last call: 16 ms
Aug 28 18:45:15 hearth quickshell[181612]:  DEBUG qt.scenegraph.time.renderloop: [window 0x7fa09e00ec60][gui thread] Frame prepared, polish=0 ms, lock=0 ms, blockedForSync=0 ms, animations=0 ms
Aug 28 18:45:15 hearth quickshell[181612]:  DEBUG qt.scenegraph.time.renderloop: [window 0x7fa09af9dc70][gui thread] polishAndSync: start, elapsed since last call: 16 ms
Aug 28 18:45:15 hearth quickshell[181612]:  DEBUG qt.scenegraph.time.renderer: time in renderer: total=0ms, preprocess=0, updates=0, rendering=0
Aug 28 18:45:15 hearth quickshell[181612]:  DEBUG qt.scenegraph.time.renderloop: [window 0x7fa09e00ec60][render thread 0x7fa09c606e00] syncAndRender: frame rendered in 0ms, sync=0, render=0, swap=0
Aug 28 18:45:15 hearth quickshell[181612]:  DEBUG qt.scenegraph.time.renderloop: [window 0x7fa09af9dc70][render thread 0x7fa09c607420] syncAndRender: start, elapsed since last call: 16 ms
Aug 28 18:45:15 hearth quickshell[181612]:  DEBUG qt.scenegraph.time.renderloop: [window 0x7fa09af9dc70][gui thread] Frame prepared, polish=0 ms, lock=0 ms, blockedForSync=0 ms, animations=0 ms
Aug 28 18:45:15 hearth quickshell[181612]:  DEBUG qt.scenegraph.time.renderer: time in renderer: total=0ms, preprocess=0, updates=0, rendering=0
Aug 28 18:45:15 hearth quickshell[181612]:  DEBUG qt.scenegraph.time.renderloop: [window 0x7fa09e00ec60][gui thread] polishAndSync: start, elapsed since last call: 16 ms
Aug 28 18:45:15 hearth quickshell[181612]:  DEBUG qt.scenegraph.time.renderloop: [window 0x7fa09af9dc70][render thread 0x7fa09c607420] syncAndRender: frame rendered in 16ms, sync=0, render=0, swap=15
Aug 28 18:45:15 hearth quickshell[181612]:  DEBUG qt.scenegraph.time.renderloop: [window 0x7fa09e00ec60][render thread 0x7fa09c606e00] syncAndRender: start, elapsed since last call: 16 ms
Aug 28 18:45:15 hearth quickshell[181612]:  DEBUG qt.scenegraph.time.renderloop: [window 0x7fa09e00ec60][gui thread] Frame prepared, polish=0 ms, lock=0 ms, blockedForSync=0 ms, animations=0 ms
Aug 28 18:45:15 hearth quickshell[181612]:  DEBUG qt.scenegraph.time.renderloop: [window 0x7fa09af9dc70][gui thread] polishAndSync: start, elapsed since last call: 16 ms
Aug 28 18:45:15 hearth quickshell[181612]:  DEBUG qt.scenegraph.time.renderloop: [window 0x7fa09af9dc70][render thread 0x7fa09c607420] syncAndRender: start, elapsed since last call: 16 ms
Aug 28 18:45:15 hearth quickshell[181612]:  DEBUG qt.scenegraph.time.renderer: time in renderer: total=0ms, preprocess=0, updates=0, rendering=0
Aug 28 18:45:15 hearth quickshell[181612]:  DEBUG qt.scenegraph.time.renderloop: [window 0x7fa09af9dc70][gui thread] Frame prepared, polish=0 ms, lock=0 ms, blockedForSync=0 ms, animations=0 ms
Aug 28 18:45:15 hearth quickshell[181612]:  DEBUG qt.scenegraph.time.renderloop: [window 0x7fa09e00ec60][render thread 0x7fa09c606e00] syncAndRender: frame rendered in 0ms, sync=0, render=0, swap=0
Aug 28 18:45:15 hearth quickshell[181612]:  DEBUG qt.scenegraph.time.renderer: time in renderer: total=0ms, preprocess=0, updates=0, rendering=0
Aug 28 18:45:15 hearth quickshell[181612]:  DEBUG qt.scenegraph.time.renderloop: [window 0x7fa09e00ec60][gui thread] polishAndSync: start, elapsed since last call: 16 ms
Aug 28 18:45:15 hearth quickshell[181612]:  DEBUG qt.scenegraph.time.renderloop: [window 0x7fa09af9dc70][render thread 0x7fa09c607420] syncAndRender: frame rendered in 16ms, sync=0, render=0, swap=15
Aug 28 18:45:15 hearth quickshell[181612]:  DEBUG qt.scenegraph.time.renderloop: [window 0x7fa09e00ec60][render thread 0x7fa09c606e00] syncAndRender: start, elapsed since last call: 16 ms
Aug 28 18:45:15 hearth quickshell[181612]:  DEBUG qt.scenegraph.time.renderer: time in renderer: total=0ms, preprocess=0, updates=0, rendering=0
Aug 28 18:45:15 hearth quickshell[181612]:  DEBUG qt.scenegraph.time.renderloop: [window 0x7fa09e00ec60][gui thread] Frame prepared, polish=0 ms, lock=0 ms, blockedForSync=0 ms, animations=0 ms
Aug 28 18:45:15 hearth quickshell[181612]:  DEBUG qt.scenegraph.time.renderloop: [window 0x7fa09af9dc70][gui thread] polishAndSync: start, elapsed since last call: 16 ms
Aug 28 18:45:15 hearth quickshell[181612]:  DEBUG qt.scenegraph.time.renderloop: [window 0x7fa09e00ec60][render thread 0x7fa09c606e00] syncAndRender: frame rendered in 0ms, sync=0, render=0, swap=0
Aug 28 18:45:15 hearth quickshell[181612]:  DEBUG qt.scenegraph.time.renderloop: [window 0x7fa09af9dc70][render thread 0x7fa09c607420] syncAndRender: start, elapsed since last call: 16 ms
Aug 28 18:45:15 hearth quickshell[181612]:  DEBUG qt.scenegraph.time.renderloop: [window 0x7fa09af9dc70][gui thread] Frame prepared, polish=0 ms, lock=0 ms, blockedForSync=0 ms, animations=0 ms
Aug 28 18:45:15 hearth quickshell[181612]:  DEBUG qt.scenegraph.time.renderer: time in renderer: total=0ms, preprocess=0, updates=0, rendering=0
Aug 28 18:45:15 hearth quickshell[181612]:  DEBUG qt.scenegraph.time.renderloop: [window 0x7fa09e00ec60][gui thread] polishAndSync: start, elapsed since last call: 16 ms
Aug 28 18:45:15 hearth quickshell[181612]:  DEBUG qt.scenegraph.time.renderloop: [window 0x7fa09af9dc70][render thread 0x7fa09c607420] syncAndRender: frame rendered in 16ms, sync=0, render=0, swap=15
Aug 28 18:45:15 hearth quickshell[181612]:  DEBUG qt.scenegraph.time.renderloop: [window 0x7fa09e00ec60][render thread 0x7fa09c606e00] syncAndRender: start, elapsed since last call: 16 ms
Aug 28 18:45:15 hearth quickshell[181612]:  DEBUG qt.scenegraph.time.renderer: time in renderer: total=0ms, preprocess=0, updates=0, rendering=0
Aug 28 18:45:15 hearth quickshell[181612]:  DEBUG qt.scenegraph.time.renderloop: [window 0x7fa09e00ec60][gui thread] Frame prepared, polish=0 ms, lock=0 ms, blockedForSync=0 ms, animations=0 ms
Aug 28 18:45:15 hearth quickshell[181612]:  DEBUG qt.scenegraph.time.renderloop: [window 0x7fa09af9dc70][gui thread] polishAndSync: start, elapsed since last call: 16 ms
Aug 28 18:45:15 hearth quickshell[181612]:  DEBUG qt.scenegraph.time.renderloop: [window 0x7fa09af9dc70][render thread 0x7fa09c607420] syncAndRender: start, elapsed since last call: 16 ms
Aug 28 18:45:15 hearth quickshell[181612]:  DEBUG qt.scenegraph.time.renderloop: [window 0x7fa09e00ec60][render thread 0x7fa09c606e00] syncAndRender: frame rendered in 0ms, sync=0, render=0, swap=0
Aug 28 18:45:15 hearth quickshell[181612]:  DEBUG qt.scenegraph.time.renderloop: [window 0x7fa09af9dc70][gui thread] Frame prepared, polish=0 ms, lock=0 ms, blockedForSync=0 ms, animations=0 ms
Aug 28 18:45:15 hearth quickshell[181612]:  DEBUG qt.scenegraph.time.renderer: time in renderer: total=0ms, preprocess=0, updates=0, rendering=0
Aug 28 18:45:15 hearth quickshell[181612]:  DEBUG qt.scenegraph.time.renderloop: [window 0x7fa09e00ec60][gui thread] polishAndSync: start, elapsed since last call: 16 ms
Aug 28 18:45:15 hearth quickshell[181612]:  DEBUG qt.scenegraph.time.renderloop: [window 0x7fa09af9dc70][render thread 0x7fa09c607420] syncAndRender: frame rendered in 16ms, sync=0, render=0, swap=16
Aug 28 18:45:15 hearth quickshell[181612]:  DEBUG qt.scenegraph.time.renderloop: [window 0x7fa09e00ec60][render thread 0x7fa09c606e00] syncAndRender: start, elapsed since last call: 16 ms
Aug 28 18:45:15 hearth quickshell[181612]:  DEBUG qt.scenegraph.time.renderer: time in renderer: total=0ms, preprocess=0, updates=0, rendering=0
Aug 28 18:45:15 hearth quickshell[181612]:  DEBUG qt.scenegraph.time.renderloop: [window 0x7fa09e00ec60][gui thread] Frame prepared, polish=0 ms, lock=0 ms, blockedForSync=0 ms, animations=0 ms
Aug 28 18:45:15 hearth quickshell[181612]:  DEBUG qt.scenegraph.time.renderloop: [window 0x7fa09af9dc70][gui thread] polishAndSync: start, elapsed since last call: 16 ms
Aug 28 18:45:15 hearth quickshell[181612]:  DEBUG qt.scenegraph.time.renderloop: [window 0x7fa09e00ec60][render thread 0x7fa09c606e00] syncAndRender: frame rendered in 0ms, sync=0, render=0, swap=0
Aug 28 18:45:15 hearth quickshell[181612]:  DEBUG qt.scenegraph.time.renderloop: [window 0x7fa09af9dc70][render thread 0x7fa09c607420] syncAndRender: start, elapsed since last call: 16 ms
Aug 28 18:45:15 hearth quickshell[181612]:  DEBUG qt.scenegraph.time.renderloop: [window 0x7fa09af9dc70][gui thread] Frame prepared, polish=0 ms, lock=0 ms, blockedForSync=0 ms, animations=0 ms
Aug 28 18:45:15 hearth quickshell[181612]:  DEBUG qt.scenegraph.time.renderer: time in renderer: total=0ms, preprocess=0, updates=0, rendering=0
Aug 28 18:45:15 hearth quickshell[181612]:  DEBUG qt.scenegraph.time.renderloop: [window 0x7fa09e00ec60][gui thread] polishAndSync: start, elapsed since last call: 16 ms
Aug 28 18:45:15 hearth quickshell[181612]:  DEBUG qt.scenegraph.time.renderloop: [window 0x7fa09af9dc70][render thread 0x7fa09c607420] syncAndRender: frame rendered in 16ms, sync=0, render=0, swap=16
Aug 28 18:45:15 hearth quickshell[181612]:  DEBUG qt.scenegraph.time.renderloop: [window 0x7fa09e00ec60][render thread 0x7fa09c606e00] syncAndRender: start, elapsed since last call: 16 ms
Aug 28 18:45:15 hearth quickshell[181612]:  DEBUG qt.scenegraph.time.renderloop: [window 0x7fa09e00ec60][gui thread] Frame prepared, polish=0 ms, lock=0 ms, blockedForSync=0 ms, animations=0 ms
Aug 28 18:45:15 hearth quickshell[181612]:  DEBUG qt.scenegraph.time.renderloop: [window 0x7fa09af9dc70][gui thread] polishAndSync: start, elapsed since last call: 16 ms
Aug 28 18:45:15 hearth quickshell[181612]:  DEBUG qt.scenegraph.time.renderer: time in renderer: total=0ms, preprocess=0, updates=0, rendering=0
Aug 28 18:45:15 hearth quickshell[181612]:  DEBUG qt.scenegraph.time.renderloop: [window 0x7fa09af9dc70][render thread 0x7fa09c607420] syncAndRender: start, elapsed since last call: 16 ms
Aug 28 18:45:15 hearth quickshell[181612]:  DEBUG qt.scenegraph.time.renderloop: [window 0x7fa09e00ec60][render thread 0x7fa09c606e00] syncAndRender: frame rendered in 0ms, sync=0, render=0, swap=0
Aug 28 18:45:15 hearth quickshell[181612]:  DEBUG qt.scenegraph.time.renderloop: [window 0x7fa09af9dc70][gui thread] Frame prepared, polish=0 ms, lock=0 ms, blockedForSync=0 ms, animations=0 ms
Aug 28 18:45:15 hearth quickshell[181612]:  DEBUG qt.scenegraph.time.renderer: time in renderer: total=0ms, preprocess=0, updates=0, rendering=0
Aug 28 18:45:16 hearth quickshell[181612]:  DEBUG qt.scenegraph.time.renderloop: [window 0x7fa09e00ec60][gui thread] polishAndSync: start, elapsed since last call: 16 ms
Aug 28 18:45:16 hearth quickshell[181612]:  DEBUG qt.scenegraph.time.renderloop: [window 0x7fa09af9dc70][render thread 0x7fa09c607420] syncAndRender: frame rendered in 16ms, sync=0, render=0, swap=16
Aug 28 18:45:16 hearth quickshell[181612]:  DEBUG qt.scenegraph.time.renderloop: [window 0x7fa09e00ec60][render thread 0x7fa09c606e00] syncAndRender: start, elapsed since last call: 16 ms
Aug 28 18:45:16 hearth quickshell[181612]:  DEBUG qt.scenegraph.time.renderloop: [window 0x7fa09e00ec60][gui thread] Frame prepared, polish=0 ms, lock=0 ms, blockedForSync=0 ms, animations=0 ms
Aug 28 18:45:16 hearth quickshell[181612]:  DEBUG qt.scenegraph.time.renderer: time in renderer: total=0ms, preprocess=0, updates=0, rendering=0
Aug 28 18:45:16 hearth quickshell[181612]:  DEBUG qt.scenegraph.time.renderloop: [window 0x7fa09af9dc70][gui thread] polishAndSync: start, elapsed since last call: 16 ms
Aug 28 18:45:16 hearth quickshell[181612]:  DEBUG qt.scenegraph.time.renderloop: [window 0x7fa09af9dc70][render thread 0x7fa09c607420] syncAndRender: start, elapsed since last call: 16 ms
Aug 28 18:45:16 hearth quickshell[181612]:  DEBUG qt.scenegraph.time.renderloop: [window 0x7fa09e00ec60][render thread 0x7fa09c606e00] syncAndRender: frame rendered in 0ms, sync=0, render=0, swap=0
Aug 28 18:45:16 hearth quickshell[181612]:  DEBUG qt.scenegraph.time.renderloop: [window 0x7fa09af9dc70][gui thread] Frame prepared, polish=0 ms, lock=0 ms, blockedForSync=0 ms, animations=0 ms
Aug 28 18:45:16 hearth quickshell[181612]:  DEBUG qt.scenegraph.time.renderer: time in renderer: total=0ms, preprocess=0, updates=0, rendering=0
Aug 28 18:45:16 hearth quickshell[181612]:  DEBUG qt.scenegraph.time.renderloop: [window 0x7fa09e00ec60][gui thread] polishAndSync: start, elapsed since last call: 16 ms
Aug 28 18:45:16 hearth quickshell[181612]:  DEBUG qt.scenegraph.time.renderloop: [window 0x7fa09af9dc70][render thread 0x7fa09c607420] syncAndRender: frame rendered in 16ms, sync=0, render=0, swap=16
Aug 28 18:45:16 hearth quickshell[181612]:  DEBUG qt.scenegraph.time.renderloop: [window 0x7fa09e00ec60][render thread 0x7fa09c606e00] syncAndRender: start, elapsed since last call: 16 ms
Aug 28 18:45:16 hearth quickshell[181612]:  DEBUG qt.scenegraph.time.renderer: time in renderer: total=0ms, preprocess=0, updates=0, rendering=0
Aug 28 18:45:16 hearth quickshell[181612]:  DEBUG qt.scenegraph.time.renderloop: [window 0x7fa09e00ec60][gui thread] Frame prepared, polish=0 ms, lock=0 ms, blockedForSync=0 ms, animations=0 ms
Aug 28 18:45:16 hearth quickshell[181612]:  DEBUG qt.scenegraph.time.renderloop: [window 0x7fa09af9dc70][gui thread] polishAndSync: start, elapsed since last call: 16 ms
Aug 28 18:45:16 hearth quickshell[181612]:  DEBUG qt.scenegraph.time.renderloop: [window 0x7fa09af9dc70][render thread 0x7fa09c607420] syncAndRender: start, elapsed since last call: 16 ms
Aug 28 18:45:16 hearth quickshell[181612]:  DEBUG qt.scenegraph.time.renderloop: [window 0x7fa09e00ec60][render thread 0x7fa09c606e00] syncAndRender: frame rendered in 0ms, sync=0, render=0, swap=0
Aug 28 18:45:16 hearth quickshell[181612]:  DEBUG qt.scenegraph.time.renderloop: [window 0x7fa09af9dc70][gui thread] Frame prepared, polish=0 ms, lock=0 ms, blockedForSync=0 ms, animations=0 ms
Aug 28 18:45:16 hearth quickshell[181612]:  DEBUG qt.scenegraph.time.renderer: time in renderer: total=0ms, preprocess=0, updates=0, rendering=0
Aug 28 18:45:16 hearth quickshell[181612]:  DEBUG qt.scenegraph.time.renderloop: [window 0x7fa09e00ec60][gui thread] polishAndSync: start, elapsed since last call: 16 ms
Aug 28 18:45:16 hearth quickshell[181612]:  DEBUG qt.scenegraph.time.renderloop: [window 0x7fa09af9dc70][render thread 0x7fa09c607420] syncAndRender: frame rendered in 16ms, sync=0, render=0, swap=16
Aug 28 18:45:16 hearth quickshell[181612]:  DEBUG qt.scenegraph.time.renderloop: [window 0x7fa09e00ec60][render thread 0x7fa09c606e00] syncAndRender: start, elapsed since last call: 16 ms
Aug 28 18:45:16 hearth quickshell[181612]:  DEBUG qt.scenegraph.time.renderloop: [window 0x7fa09e00ec60][gui thread] Frame prepared, polish=0 ms, lock=0 ms, blockedForSync=0 ms, animations=0 ms
Aug 28 18:45:16 hearth quickshell[181612]:  DEBUG qt.scenegraph.time.renderer: time in renderer: total=0ms, preprocess=0, updates=0, rendering=0
Aug 28 18:45:16 hearth quickshell[181612]:  DEBUG qt.scenegraph.time.renderloop: [window 0x7fa09af9dc70][gui thread] polishAndSync: start, elapsed since last call: 16 ms
Aug 28 18:45:16 hearth quickshell[181612]:  DEBUG qt.scenegraph.time.renderloop: [window 0x7fa09af9dc70][render thread 0x7fa09c607420] syncAndRender: start, elapsed since last call: 16 ms
Aug 28 18:45:16 hearth quickshell[181612]:  DEBUG qt.scenegraph.time.renderloop: [window 0x7fa09e00ec60][render thread 0x7fa09c606e00] syncAndRender: frame rendered in 0ms, sync=0, render=0, swap=0
Aug 28 18:45:16 hearth quickshell[181612]:  DEBUG qt.scenegraph.time.renderloop: [window 0x7fa09af9dc70][gui thread] Frame prepared, polish=0 ms, lock=0 ms, blockedForSync=0 ms, animations=0 ms
Aug 28 18:45:16 hearth quickshell[181612]:  DEBUG qt.scenegraph.time.renderer: time in renderer: total=0ms, preprocess=0, updates=0, rendering=0
Aug 28 18:45:16 hearth quickshell[181612]:  DEBUG qt.scenegraph.time.renderloop: [window 0x7fa09e00ec60][gui thread] polishAndSync: start, elapsed since last call: 16 ms
Aug 28 18:45:16 hearth quickshell[181612]:  DEBUG qt.scenegraph.time.renderloop: [window 0x7fa09e00ec60][render thread 0x7fa09c606e00] syncAndRender: start, elapsed since last call: 16 ms
Aug 28 18:45:16 hearth quickshell[181612]:  DEBUG qt.scenegraph.time.renderloop: [window 0x7fa09e00ec60][gui thread] Frame prepared, polish=0 ms, lock=0 ms, blockedForSync=0 ms, animations=0 ms
Aug 28 18:45:16 hearth quickshell[181612]:  DEBUG qt.scenegraph.time.renderloop: [window 0x7fa09af9dc70][render thread 0x7fa09c607420] syncAndRender: frame rendered in 16ms, sync=0, render=0, swap=16
Aug 28 18:45:16 hearth quickshell[181612]:  DEBUG qt.scenegraph.time.renderloop: [window 0x7fa09af9dc70][gui thread] polishAndSync: start, elapsed since last call: 16 ms
Aug 28 18:45:16 hearth quickshell[181612]:  DEBUG qt.scenegraph.time.renderloop: [window 0x7fa09af9dc70][render thread 0x7fa09c607420] syncAndRender: start, elapsed since last call: 16 ms
Aug 28 18:45:16 hearth quickshell[181612]:  DEBUG qt.scenegraph.time.renderer: time in renderer: total=0ms, preprocess=0, updates=0, rendering=0
Aug 28 18:45:16 hearth quickshell[181612]:  DEBUG qt.scenegraph.time.renderloop: [window 0x7fa09e00ec60][render thread 0x7fa09c606e00] syncAndRender: frame rendered in 0ms, sync=0, render=0, swap=0
Aug 28 18:45:16 hearth quickshell[181612]:  DEBUG qt.scenegraph.time.renderloop: [window 0x7fa09af9dc70][gui thread] Frame prepared, polish=0 ms, lock=0 ms, blockedForSync=0 ms, animations=0 ms
Aug 28 18:45:16 hearth quickshell[181612]:  DEBUG qt.scenegraph.time.renderer: time in renderer: total=0ms, preprocess=0, updates=0, rendering=0
Aug 28 18:45:16 hearth quickshell[181612]:  DEBUG qt.scenegraph.time.renderloop: [window 0x7fa09e00ec60][gui thread] polishAndSync: start, elapsed since last call: 16 ms
Aug 28 18:45:16 hearth quickshell[181612]:  DEBUG qt.scenegraph.time.renderloop: [window 0x7fa09af9dc70][render thread 0x7fa09c607420] syncAndRender: frame rendered in 16ms, sync=0, render=0, swap=16
Aug 28 18:45:16 hearth quickshell[181612]:  DEBUG qt.scenegraph.time.renderloop: [window 0x7fa09e00ec60][render thread 0x7fa09c606e00] syncAndRender: start, elapsed since last call: 16 ms
Aug 28 18:45:16 hearth quickshell[181612]:  DEBUG qt.scenegraph.time.renderloop: [window 0x7fa09e00ec60][gui thread] Frame prepared, polish=0 ms, lock=0 ms, blockedForSync=0 ms, animations=0 ms
Aug 28 18:45:16 hearth quickshell[181612]:  DEBUG qt.scenegraph.time.renderer: time in renderer: total=0ms, preprocess=0, updates=0, rendering=0
Aug 28 18:45:16 hearth quickshell[181612]:  DEBUG qt.scenegraph.time.renderloop: [window 0x7fa09af9dc70][gui thread] polishAndSync: start, elapsed since last call: 16 ms
Aug 28 18:45:16 hearth quickshell[181612]:  DEBUG qt.scenegraph.time.renderloop: [window 0x7fa09e00ec60][render thread 0x7fa09c606e00] syncAndRender: frame rendered in 0ms, sync=0, render=0, swap=0
Aug 28 18:45:16 hearth quickshell[181612]:  DEBUG qt.scenegraph.time.renderloop: [window 0x7fa09af9dc70][render thread 0x7fa09c607420] syncAndRender: start, elapsed since last call: 16 ms
Aug 28 18:45:16 hearth quickshell[181612]:  DEBUG qt.scenegraph.time.renderloop: [window 0x7fa09af9dc70][gui thread] Frame prepared, polish=0 ms, lock=0 ms, blockedForSync=0 ms, animations=0 ms
Aug 28 18:45:16 hearth quickshell[181612]:  DEBUG qt.scenegraph.time.renderer: time in renderer: total=0ms, preprocess=0, updates=0, rendering=0
Aug 28 18:45:16 hearth quickshell[181612]:  DEBUG qt.scenegraph.time.renderloop: [window 0x7fa09e00ec60][gui thread] polishAndSync: start, elapsed since last call: 16 ms
Aug 28 18:45:16 hearth quickshell[181612]:  DEBUG qt.scenegraph.time.renderloop: [window 0x7fa09af9dc70][render thread 0x7fa09c607420] syncAndRender: frame rendered in 16ms, sync=0, render=0, swap=15
Aug 28 18:45:16 hearth quickshell[181612]:  DEBUG qt.scenegraph.time.renderloop: [window 0x7fa09e00ec60][render thread 0x7fa09c606e00] syncAndRender: start, elapsed since last call: 16 ms
Aug 28 18:45:16 hearth quickshell[181612]:  DEBUG qt.scenegraph.time.renderer: time in renderer: total=0ms, preprocess=0, updates=0, rendering=0
Aug 28 18:45:16 hearth quickshell[181612]:  DEBUG qt.scenegraph.time.renderloop: [window 0x7fa09e00ec60][gui thread] Frame prepared, polish=0 ms, lock=0 ms, blockedForSync=0 ms, animations=0 ms
Aug 28 18:45:16 hearth quickshell[181612]:  DEBUG qt.scenegraph.time.renderloop: [window 0x7fa09af9dc70][gui thread] polishAndSync: start, elapsed since last call: 16 ms
Aug 28 18:45:16 hearth quickshell[181612]:  DEBUG qt.scenegraph.time.renderloop: [window 0x7fa09e00ec60][render thread 0x7fa09c606e00] syncAndRender: frame rendered in 0ms, sync=0, render=0, swap=0
Aug 28 18:45:16 hearth quickshell[181612]:  DEBUG qt.scenegraph.time.renderloop: [window 0x7fa09af9dc70][render thread 0x7fa09c607420] syncAndRender: start, elapsed since last call: 16 ms
Aug 28 18:45:16 hearth quickshell[181612]:  DEBUG qt.scenegraph.time.renderloop: [window 0x7fa09af9dc70][gui thread] Frame prepared, polish=0 ms, lock=0 ms, blockedForSync=0 ms, animations=0 ms
Aug 28 18:45:16 hearth quickshell[181612]:  DEBUG qt.scenegraph.time.renderer: time in renderer: total=0ms, preprocess=0, updates=0, rendering=0
Aug 28 18:45:16 hearth quickshell[181612]:  DEBUG qt.scenegraph.time.renderloop: [window 0x7fa09e00ec60][gui thread] polishAndSync: start, elapsed since last call: 16 ms
Aug 28 18:45:16 hearth quickshell[181612]:  DEBUG qt.scenegraph.time.renderloop: [window 0x7fa09af9dc70][render thread 0x7fa09c607420] syncAndRender: frame rendered in 16ms, sync=0, render=0, swap=15
Aug 28 18:45:16 hearth quickshell[181612]:  DEBUG qt.scenegraph.time.renderloop: [window 0x7fa09e00ec60][render thread 0x7fa09c606e00] syncAndRender: start, elapsed since last call: 16 ms
Aug 28 18:45:16 hearth quickshell[181612]:  DEBUG qt.scenegraph.time.renderloop: [window 0x7fa09e00ec60][gui thread] Frame prepared, polish=0 ms, lock=0 ms, blockedForSync=0 ms, animations=0 ms
Aug 28 18:45:16 hearth quickshell[181612]:  DEBUG qt.scenegraph.time.renderer: time in renderer: total=0ms, preprocess=0, updates=0, rendering=0
Aug 28 18:45:16 hearth quickshell[181612]:  DEBUG qt.scenegraph.time.renderloop: [window 0x7fa09af9dc70][gui thread] polishAndSync: start, elapsed since last call: 16 ms
Aug 28 18:45:16 hearth quickshell[181612]:  DEBUG qt.scenegraph.time.renderloop: [window 0x7fa09af9dc70][render thread 0x7fa09c607420] syncAndRender: start, elapsed since last call: 16 ms
Aug 28 18:45:16 hearth quickshell[181612]:  DEBUG qt.scenegraph.time.renderloop: [window 0x7fa09e00ec60][render thread 0x7fa09c606e00] syncAndRender: frame rendered in 0ms, sync=0, render=0, swap=0
Aug 28 18:45:16 hearth quickshell[181612]:  DEBUG qt.scenegraph.time.renderloop: [window 0x7fa09af9dc70][gui thread] Frame prepared, polish=0 ms, lock=0 ms, blockedForSync=0 ms, animations=0 ms
Aug 28 18:45:16 hearth quickshell[181612]:  DEBUG qt.scenegraph.time.renderer: time in renderer: total=0ms, preprocess=0, updates=0, rendering=0
Aug 28 18:45:16 hearth quickshell[181612]:  DEBUG qt.scenegraph.time.renderloop: [window 0x7fa09e00ec60][gui thread] polishAndSync: start, elapsed since last call: 16 ms
Aug 28 18:45:16 hearth quickshell[181612]:  DEBUG qt.scenegraph.time.renderloop: [window 0x7fa09af9dc70][render thread 0x7fa09c607420] syncAndRender: frame rendered in 16ms, sync=0, render=0, swap=16
Aug 28 18:45:16 hearth quickshell[181612]:  DEBUG qt.scenegraph.time.renderloop: [window 0x7fa09e00ec60][render thread 0x7fa09c606e00] syncAndRender: start, elapsed since last call: 16 ms
Aug 28 18:45:16 hearth quickshell[181612]:  DEBUG qt.scenegraph.time.renderloop: [window 0x7fa09e00ec60][gui thread] Frame prepared, polish=0 ms, lock=0 ms, blockedForSync=0 ms, animations=0 ms
Aug 28 18:45:16 hearth quickshell[181612]:  DEBUG qt.scenegraph.time.renderer: time in renderer: total=0ms, preprocess=0, updates=0, rendering=0
Aug 28 18:45:16 hearth quickshell[181612]:  DEBUG qt.scenegraph.time.renderloop: [window 0x7fa09af9dc70][gui thread] polishAndSync: start, elapsed since last call: 16 ms
Aug 28 18:45:16 hearth quickshell[181612]:  DEBUG qt.scenegraph.time.renderloop: [window 0x7fa09af9dc70][render thread 0x7fa09c607420] syncAndRender: start, elapsed since last call: 16 ms
Aug 28 18:45:16 hearth quickshell[181612]:  DEBUG qt.scenegraph.time.renderloop: [window 0x7fa09e00ec60][render thread 0x7fa09c606e00] syncAndRender: frame rendered in 0ms, sync=0, render=0, swap=0
Aug 28 18:45:16 hearth quickshell[181612]:  DEBUG qt.scenegraph.time.renderloop: [window 0x7fa09af9dc70][gui thread] Frame prepared, polish=0 ms, lock=0 ms, blockedForSync=0 ms, animations=0 ms
Aug 28 18:45:16 hearth quickshell[181612]:  DEBUG qt.scenegraph.time.renderer: time in renderer: total=0ms, preprocess=0, updates=0, rendering=0
Aug 28 18:45:16 hearth quickshell[181612]:  DEBUG qt.scenegraph.time.renderloop: [window 0x7fa09e00ec60][gui thread] polishAndSync: start, elapsed since last call: 16 ms
Aug 28 18:45:16 hearth quickshell[181612]:  DEBUG qt.scenegraph.time.renderloop: [window 0x7fa09af9dc70][render thread 0x7fa09c607420] syncAndRender: frame rendered in 16ms, sync=0, render=0, swap=15
Aug 28 18:45:16 hearth quickshell[181612]:  DEBUG qt.scenegraph.time.renderloop: [window 0x7fa09e00ec60][render thread 0x7fa09c606e00] syncAndRender: start, elapsed since last call: 16 ms
Aug 28 18:45:16 hearth quickshell[181612]:  DEBUG qt.scenegraph.time.renderer: time in renderer: total=0ms, preprocess=0, updates=0, rendering=0
Aug 28 18:45:16 hearth quickshell[181612]:  DEBUG qt.scenegraph.time.renderloop: [window 0x7fa09e00ec60][gui thread] Frame prepared, polish=0 ms, lock=0 ms, blockedForSync=0 ms, animations=0 ms
Aug 28 18:45:16 hearth quickshell[181612]:  DEBUG qt.scenegraph.time.renderloop: [window 0x7fa09af9dc70][gui thread] polishAndSync: start, elapsed since last call: 16 ms
Aug 28 18:45:16 hearth quickshell[181612]:  DEBUG qt.scenegraph.time.renderloop: [window 0x7fa09af9dc70][render thread 0x7fa09c607420] syncAndRender: start, elapsed since last call: 16 ms
Aug 28 18:45:16 hearth quickshell[181612]:  DEBUG qt.scenegraph.time.renderloop: [window 0x7fa09e00ec60][render thread 0x7fa09c606e00] syncAndRender: frame rendered in 0ms, sync=0, render=0, swap=0
Aug 28 18:45:16 hearth quickshell[181612]:  DEBUG qt.scenegraph.time.renderloop: [window 0x7fa09af9dc70][gui thread] Frame prepared, polish=0 ms, lock=0 ms, blockedForSync=0 ms, animations=0 ms
Aug 28 18:45:16 hearth quickshell[181612]:  DEBUG qt.scenegraph.time.renderer: time in renderer: total=0ms, preprocess=0, updates=0, rendering=0
Aug 28 18:45:16 hearth quickshell[181612]:  DEBUG qt.scenegraph.time.renderloop: [window 0x7fa09e00ec60][gui thread] polishAndSync: start, elapsed since last call: 16 ms
Aug 28 18:45:16 hearth quickshell[181612]:  DEBUG qt.scenegraph.time.renderloop: [window 0x7fa09af9dc70][render thread 0x7fa09c607420] syncAndRender: frame rendered in 16ms, sync=0, render=0, swap=16
Aug 28 18:45:16 hearth quickshell[181612]:  DEBUG qt.scenegraph.time.renderloop: [window 0x7fa09e00ec60][render thread 0x7fa09c606e00] syncAndRender: start, elapsed since last call: 16 ms
Aug 28 18:45:16 hearth quickshell[181612]:  DEBUG qt.scenegraph.time.renderer: time in renderer: total=0ms, preprocess=0, updates=0, rendering=0
Aug 28 18:45:16 hearth quickshell[181612]:  DEBUG qt.scenegraph.time.renderloop: [window 0x7fa09e00ec60][gui thread] Frame prepared, polish=0 ms, lock=0 ms, blockedForSync=0 ms, animations=0 ms
Aug 28 18:45:16 hearth quickshell[181612]:  DEBUG qt.scenegraph.time.renderloop: [window 0x7fa09af9dc70][gui thread] polishAndSync: start, elapsed since last call: 16 ms
Aug 28 18:45:16 hearth quickshell[181612]:  DEBUG qt.scenegraph.time.renderloop: [window 0x7fa09af9dc70][render thread 0x7fa09c607420] syncAndRender: start, elapsed since last call: 16 ms
Aug 28 18:45:16 hearth quickshell[181612]:  DEBUG qt.scenegraph.time.renderloop: [window 0x7fa09e00ec60][render thread 0x7fa09c606e00] syncAndRender: frame rendered in 0ms, sync=0, render=0, swap=0
Aug 28 18:45:16 hearth quickshell[181612]:  DEBUG qt.scenegraph.time.renderloop: [window 0x7fa09af9dc70][gui thread] Frame prepared, polish=0 ms, lock=0 ms, blockedForSync=0 ms, animations=0 ms
Aug 28 18:45:16 hearth quickshell[181612]:  DEBUG qt.scenegraph.time.renderer: time in renderer: total=0ms, preprocess=0, updates=0, rendering=0
Aug 28 18:45:16 hearth quickshell[181612]:  DEBUG qt.scenegraph.time.renderloop: [window 0x7fa09e00ec60][gui thread] polishAndSync: start, elapsed since last call: 16 ms
Aug 28 18:45:16 hearth quickshell[181612]:  DEBUG qt.scenegraph.time.renderloop: [window 0x7fa09af9dc70][render thread 0x7fa09c607420] syncAndRender: frame rendered in 16ms, sync=0, render=0, swap=15
Aug 28 18:45:16 hearth quickshell[181612]:  DEBUG qt.scenegraph.time.renderloop: [window 0x7fa09e00ec60][render thread 0x7fa09c606e00] syncAndRender: start, elapsed since last call: 16 ms
Aug 28 18:45:16 hearth quickshell[181612]:  DEBUG qt.scenegraph.time.renderer: time in renderer: total=0ms, preprocess=0, updates=0, rendering=0
Aug 28 18:45:16 hearth quickshell[181612]:  DEBUG qt.scenegraph.time.renderloop: [window 0x7fa09e00ec60][gui thread] Frame prepared, polish=0 ms, lock=0 ms, blockedForSync=0 ms, animations=0 ms
Aug 28 18:45:16 hearth quickshell[181612]:  DEBUG qt.scenegraph.time.renderloop: [window 0x7fa09af9dc70][gui thread] polishAndSync: start, elapsed since last call: 16 ms
Aug 28 18:45:16 hearth quickshell[181612]:  DEBUG qt.scenegraph.time.renderloop: [window 0x7fa09e00ec60][render thread 0x7fa09c606e00] syncAndRender: frame rendered in 0ms, sync=0, render=0, swap=0
Aug 28 18:45:16 hearth quickshell[181612]:  DEBUG qt.scenegraph.time.renderloop: [window 0x7fa09af9dc70][render thread 0x7fa09c607420] syncAndRender: start, elapsed since last call: 16 ms
Aug 28 18:45:16 hearth quickshell[181612]:  DEBUG qt.scenegraph.time.renderloop: [window 0x7fa09af9dc70][gui thread] Frame prepared, polish=0 ms, lock=0 ms, blockedForSync=0 ms, animations=0 ms
Aug 28 18:45:16 hearth quickshell[181612]:  DEBUG qt.scenegraph.time.renderer: time in renderer: total=0ms, preprocess=0, updates=0, rendering=0
Aug 28 18:45:16 hearth quickshell[181612]:  DEBUG qt.scenegraph.time.renderloop: [window 0x7fa09e00ec60][gui thread] polishAndSync: start, elapsed since last call: 16 ms
Aug 28 18:45:16 hearth quickshell[181612]:  DEBUG qt.scenegraph.time.renderloop: [window 0x7fa09af9dc70][render thread 0x7fa09c607420] syncAndRender: frame rendered in 16ms, sync=0, render=0, swap=16
Aug 28 18:45:16 hearth quickshell[181612]:  DEBUG qt.scenegraph.time.renderloop: [window 0x7fa09e00ec60][render thread 0x7fa09c606e00] syncAndRender: start, elapsed since last call: 16 ms
Aug 28 18:45:16 hearth quickshell[181612]:  DEBUG qt.scenegraph.time.renderloop: [window 0x7fa09e00ec60][gui thread] Frame prepared, polish=0 ms, lock=0 ms, blockedForSync=0 ms, animations=0 ms
Aug 28 18:45:16 hearth quickshell[181612]:  DEBUG qt.scenegraph.time.renderloop: [window 0x7fa09af9dc70][gui thread] polishAndSync: start, elapsed since last call: 16 ms
Aug 28 18:45:16 hearth quickshell[181612]:  DEBUG qt.scenegraph.time.renderer: time in renderer: total=0ms, preprocess=0, updates=0, rendering=0
Aug 28 18:45:16 hearth quickshell[181612]:  DEBUG qt.scenegraph.time.renderloop: [window 0x7fa09af9dc70][render thread 0x7fa09c607420] syncAndRender: start, elapsed since last call: 16 ms
Aug 28 18:45:16 hearth quickshell[181612]:  DEBUG qt.scenegraph.time.renderloop: [window 0x7fa09e00ec60][render thread 0x7fa09c606e00] syncAndRender: frame rendered in 0ms, sync=0, render=0, swap=0
Aug 28 18:45:16 hearth quickshell[181612]:  DEBUG qt.scenegraph.time.renderloop: [window 0x7fa09af9dc70][gui thread] Frame prepared, polish=0 ms, lock=0 ms, blockedForSync=0 ms, animations=0 ms
Aug 28 18:45:16 hearth quickshell[181612]:  DEBUG qt.scenegraph.time.renderer: time in renderer: total=0ms, preprocess=0, updates=0, rendering=0
Aug 28 18:45:16 hearth quickshell[181612]:  DEBUG qt.scenegraph.time.renderloop: [window 0x7fa09e00ec60][gui thread] polishAndSync: start, elapsed since last call: 16 ms
Aug 28 18:45:16 hearth quickshell[181612]:  DEBUG qt.scenegraph.time.renderloop: [window 0x7fa09af9dc70][render thread 0x7fa09c607420] syncAndRender: frame rendered in 16ms, sync=0, render=0, swap=16
Aug 28 18:45:16 hearth quickshell[181612]:  DEBUG qt.scenegraph.time.renderloop: [window 0x7fa09e00ec60][render thread 0x7fa09c606e00] syncAndRender: start, elapsed since last call: 16 ms
Aug 28 18:45:16 hearth quickshell[181612]:  DEBUG qt.scenegraph.time.renderloop: [window 0x7fa09e00ec60][gui thread] Frame prepared, polish=0 ms, lock=0 ms, blockedForSync=0 ms, animations=0 ms
Aug 28 18:45:16 hearth quickshell[181612]:  DEBUG qt.scenegraph.time.renderloop: [window 0x7fa09af9dc70][gui thread] polishAndSync: start, elapsed since last call: 16 ms
Aug 28 18:45:16 hearth quickshell[181612]:  DEBUG qt.scenegraph.time.renderloop: [window 0x7fa09af9dc70][render thread 0x7fa09c607420] syncAndRender: start, elapsed since last call: 16 ms
Aug 28 18:45:16 hearth quickshell[181612]:  DEBUG qt.scenegraph.time.renderer: time in renderer: total=0ms, preprocess=0, updates=0, rendering=0
Aug 28 18:45:16 hearth quickshell[181612]:  DEBUG qt.scenegraph.time.renderloop: [window 0x7fa09e00ec60][render thread 0x7fa09c606e00] syncAndRender: frame rendered in 0ms, sync=0, render=0, swap=0
Aug 28 18:45:16 hearth quickshell[181612]:  DEBUG qt.scenegraph.time.renderloop: [window 0x7fa09af9dc70][gui thread] Frame prepared, polish=0 ms, lock=0 ms, blockedForSync=0 ms, animations=0 ms
Aug 28 18:45:16 hearth quickshell[181612]:  DEBUG qt.scenegraph.time.renderer: time in renderer: total=0ms, preprocess=0, updates=0, rendering=0
Aug 28 18:45:16 hearth quickshell[181612]:  DEBUG qt.scenegraph.time.renderloop: [window 0x7fa09e00ec60][gui thread] polishAndSync: start, elapsed since last call: 16 ms
Aug 28 18:45:16 hearth quickshell[181612]:  DEBUG qt.scenegraph.time.renderloop: [window 0x7fa09af9dc70][render thread 0x7fa09c607420] syncAndRender: frame rendered in 16ms, sync=0, render=0, swap=15
Aug 28 18:45:16 hearth quickshell[181612]:  DEBUG qt.scenegraph.time.renderloop: [window 0x7fa09e00ec60][render thread 0x7fa09c606e00] syncAndRender: start, elapsed since last call: 16 ms
Aug 28 18:45:16 hearth quickshell[181612]:  DEBUG qt.scenegraph.time.renderloop: [window 0x7fa09e00ec60][gui thread] Frame prepared, polish=0 ms, lock=0 ms, blockedForSync=0 ms, animations=0 ms
Aug 28 18:45:16 hearth quickshell[181612]:  DEBUG qt.scenegraph.time.renderer: time in renderer: total=0ms, preprocess=0, updates=0, rendering=0
Aug 28 18:45:16 hearth quickshell[181612]:  DEBUG qt.scenegraph.time.renderloop: [window 0x7fa09af9dc70][gui thread] polishAndSync: start, elapsed since last call: 16 ms
Aug 28 18:45:16 hearth quickshell[181612]:  DEBUG qt.scenegraph.time.renderloop: [window 0x7fa09af9dc70][render thread 0x7fa09c607420] syncAndRender: start, elapsed since last call: 16 ms
Aug 28 18:45:16 hearth quickshell[181612]:  DEBUG qt.scenegraph.time.renderloop: [window 0x7fa09e00ec60][render thread 0x7fa09c606e00] syncAndRender: frame rendered in 0ms, sync=0, render=0, swap=0
Aug 28 18:45:16 hearth quickshell[181612]:  DEBUG qt.scenegraph.time.renderloop: [window 0x7fa09af9dc70][gui thread] Frame prepared, polish=0 ms, lock=0 ms, blockedForSync=0 ms, animations=0 ms
Aug 28 18:45:16 hearth quickshell[181612]:  DEBUG qt.scenegraph.time.renderer: time in renderer: total=0ms, preprocess=0, updates=0, rendering=0
Aug 28 18:45:16 hearth quickshell[181612]:  DEBUG qt.scenegraph.time.renderloop: [window 0x7fa09e00ec60][gui thread] polishAndSync: start, elapsed since last call: 16 ms
Aug 28 18:45:16 hearth quickshell[181612]:  DEBUG qt.scenegraph.time.renderloop: [window 0x7fa09af9dc70][render thread 0x7fa09c607420] syncAndRender: frame rendered in 16ms, sync=0, render=0, swap=16
Aug 28 18:45:16 hearth quickshell[181612]:  DEBUG qt.scenegraph.time.renderloop: [window 0x7fa09e00ec60][render thread 0x7fa09c606e00] syncAndRender: start, elapsed since last call: 16 ms
Aug 28 18:45:16 hearth quickshell[181612]:  DEBUG qt.scenegraph.time.renderloop: [window 0x7fa09e00ec60][gui thread] Frame prepared, polish=0 ms, lock=0 ms, blockedForSync=0 ms, animations=0 ms
Aug 28 18:45:16 hearth quickshell[181612]:  DEBUG qt.scenegraph.time.renderer: time in renderer: total=0ms, preprocess=0, updates=0, rendering=0
Aug 28 18:45:16 hearth quickshell[181612]:  DEBUG qt.scenegraph.time.renderloop: [window 0x7fa09af9dc70][gui thread] polishAndSync: start, elapsed since last call: 16 ms
Aug 28 18:45:16 hearth quickshell[181612]:  DEBUG qt.scenegraph.time.renderloop: [window 0x7fa09e00ec60][render thread 0x7fa09c606e00] syncAndRender: frame rendered in 0ms, sync=0, render=0, swap=0
Aug 28 18:45:16 hearth quickshell[181612]:  DEBUG qt.scenegraph.time.renderloop: [window 0x7fa09af9dc70][render thread 0x7fa09c607420] syncAndRender: start, elapsed since last call: 17 ms
Aug 28 18:45:16 hearth quickshell[181612]:  DEBUG qt.scenegraph.time.renderloop: [window 0x7fa09af9dc70][gui thread] Frame prepared, polish=0 ms, lock=0 ms, blockedForSync=0 ms, animations=0 ms
Aug 28 18:45:16 hearth quickshell[181612]:  DEBUG qt.scenegraph.time.renderer: time in renderer: total=0ms, preprocess=0, updates=0, rendering=0
Aug 28 18:45:16 hearth quickshell[181612]:  DEBUG qt.scenegraph.time.renderloop: [window 0x7fa09e00ec60][gui thread] polishAndSync: start, elapsed since last call: 16 ms
Aug 28 18:45:16 hearth quickshell[181612]:  DEBUG qt.scenegraph.time.renderloop: [window 0x7fa09af9dc70][render thread 0x7fa09c607420] syncAndRender: frame rendered in 16ms, sync=0, render=0, swap=15
Aug 28 18:45:16 hearth quickshell[181612]:  DEBUG qt.scenegraph.time.renderloop: [window 0x7fa09e00ec60][render thread 0x7fa09c606e00] syncAndRender: start, elapsed since last call: 16 ms
Aug 28 18:45:16 hearth quickshell[181612]:  DEBUG qt.scenegraph.time.renderer: time in renderer: total=0ms, preprocess=0, updates=0, rendering=0
Aug 28 18:45:16 hearth quickshell[181612]:  DEBUG qt.scenegraph.time.renderloop: [window 0x7fa09e00ec60][gui thread] Frame prepared, polish=0 ms, lock=0 ms, blockedForSync=0 ms, animations=0 ms
Aug 28 18:45:16 hearth quickshell[181612]:  DEBUG qt.scenegraph.time.renderloop: [window 0x7fa09af9dc70][gui thread] polishAndSync: start, elapsed since last call: 16 ms
Aug 28 18:45:16 hearth quickshell[181612]:  DEBUG qt.scenegraph.time.renderloop: [window 0x7fa09af9dc70][render thread 0x7fa09c607420] syncAndRender: start, elapsed since last call: 16 ms
Aug 28 18:45:16 hearth quickshell[181612]:  DEBUG qt.scenegraph.time.renderloop: [window 0x7fa09e00ec60][render thread 0x7fa09c606e00] syncAndRender: frame rendered in 0ms, sync=0, render=0, swap=0
Aug 28 18:45:16 hearth quickshell[181612]:  DEBUG qt.scenegraph.time.renderloop: [window 0x7fa09af9dc70][gui thread] Frame prepared, polish=0 ms, lock=0 ms, blockedForSync=0 ms, animations=0 ms
Aug 28 18:45:16 hearth quickshell[181612]:  DEBUG qt.scenegraph.time.renderer: time in renderer: total=0ms, preprocess=0, updates=0, rendering=0
Aug 28 18:45:16 hearth quickshell[181612]:  DEBUG qt.scenegraph.time.renderloop: [window 0x7fa09af9dc70][render thread 0x7fa09c607420] syncAndRender: frame rendered in 16ms, sync=0, render=0, swap=16
Aug 28 18:45:16 hearth quickshell[181612]:  DEBUG qt.scenegraph.time.renderloop: [window 0x7fa09e00ec60][gui thread] polishAndSync: start, elapsed since last call: 16 ms
Aug 28 18:45:16 hearth quickshell[181612]:  DEBUG qt.scenegraph.time.renderloop: [window 0x7fa09e00ec60][render thread 0x7fa09c606e00] syncAndRender: start, elapsed since last call: 16 ms
Aug 28 18:45:16 hearth quickshell[181612]:  DEBUG qt.scenegraph.time.renderloop: [window 0x7fa09e00ec60][gui thread] Frame prepared, polish=0 ms, lock=0 ms, blockedForSync=0 ms, animations=0 ms
Aug 28 18:45:16 hearth quickshell[181612]:  DEBUG qt.scenegraph.time.renderer: time in renderer: total=0ms, preprocess=0, updates=0, rendering=0
Aug 28 18:45:16 hearth quickshell[181612]:  DEBUG qt.scenegraph.time.renderloop: [window 0x7fa09af9dc70][gui thread] polishAndSync: start, elapsed since last call: 16 ms
Aug 28 18:45:16 hearth quickshell[181612]:  DEBUG qt.scenegraph.time.renderloop: [window 0x7fa09af9dc70][render thread 0x7fa09c607420] syncAndRender: start, elapsed since last call: 16 ms
Aug 28 18:45:16 hearth quickshell[181612]:  DEBUG qt.scenegraph.time.renderloop: [window 0x7fa09e00ec60][render thread 0x7fa09c606e00] syncAndRender: frame rendered in 0ms, sync=0, render=0, swap=0
Aug 28 18:45:16 hearth quickshell[181612]:  DEBUG qt.scenegraph.time.renderloop: [window 0x7fa09af9dc70][gui thread] Frame prepared, polish=0 ms, lock=0 ms, blockedForSync=0 ms, animations=0 ms
Aug 28 18:45:16 hearth quickshell[181612]:  DEBUG qt.scenegraph.time.renderer: time in renderer: total=0ms, preprocess=0, updates=0, rendering=0
Aug 28 18:45:16 hearth quickshell[181612]:  DEBUG qt.scenegraph.time.renderloop: [window 0x7fa09af9dc70][render thread 0x7fa09c607420] syncAndRender: frame rendered in 16ms, sync=0, render=0, swap=16
Aug 28 18:45:16 hearth quickshell[181612]:  DEBUG qt.scenegraph.time.renderloop: [window 0x7fa09e00ec60][gui thread] polishAndSync: start, elapsed since last call: 16 ms
Aug 28 18:45:16 hearth quickshell[181612]:  DEBUG qt.scenegraph.time.renderloop: [window 0x7fa09e00ec60][render thread 0x7fa09c606e00] syncAndRender: start, elapsed since last call: 16 ms
Aug 28 18:45:16 hearth quickshell[181612]:  DEBUG qt.scenegraph.time.renderloop: [window 0x7fa09e00ec60][gui thread] Frame prepared, polish=0 ms, lock=0 ms, blockedForSync=0 ms, animations=0 ms
Aug 28 18:45:16 hearth quickshell[181612]:  DEBUG qt.scenegraph.time.renderer: time in renderer: total=0ms, preprocess=0, updates=0, rendering=0
Aug 28 18:45:16 hearth quickshell[181612]:  DEBUG qt.scenegraph.time.renderloop: [window 0x7fa09af9dc70][gui thread] polishAndSync: start, elapsed since last call: 16 ms
Aug 28 18:45:16 hearth quickshell[181612]:  DEBUG qt.scenegraph.time.renderloop: [window 0x7fa09af9dc70][render thread 0x7fa09c607420] syncAndRender: start, elapsed since last call: 16 ms
Aug 28 18:45:16 hearth quickshell[181612]:  DEBUG qt.scenegraph.time.renderloop: [window 0x7fa09e00ec60][render thread 0x7fa09c606e00] syncAndRender: frame rendered in 0ms, sync=0, render=0, swap=0
Aug 28 18:45:16 hearth quickshell[181612]:  DEBUG qt.scenegraph.time.renderloop: [window 0x7fa09af9dc70][gui thread] Frame prepared, polish=0 ms, lock=0 ms, blockedForSync=0 ms, animations=0 ms
Aug 28 18:45:16 hearth quickshell[181612]:  DEBUG qt.scenegraph.time.renderer: time in renderer: total=0ms, preprocess=0, updates=0, rendering=0
Aug 28 18:45:16 hearth quickshell[181612]:  DEBUG qt.scenegraph.time.renderloop: [window 0x7fa09af9dc70][render thread 0x7fa09c607420] syncAndRender: frame rendered in 16ms, sync=0, render=0, swap=16
Aug 28 18:45:16 hearth quickshell[181612]:  DEBUG qt.scenegraph.time.renderloop: [window 0x7fa09e00ec60][gui thread] polishAndSync: start, elapsed since last call: 16 ms
Aug 28 18:45:16 hearth quickshell[181612]:  DEBUG qt.scenegraph.time.renderloop: [window 0x7fa09e00ec60][render thread 0x7fa09c606e00] syncAndRender: start, elapsed since last call: 16 ms
Aug 28 18:45:16 hearth quickshell[181612]:  DEBUG qt.scenegraph.time.renderer: time in renderer: total=0ms, preprocess=0, updates=0, rendering=0
Aug 28 18:45:16 hearth quickshell[181612]:  DEBUG qt.scenegraph.time.renderloop: [window 0x7fa09e00ec60][gui thread] Frame prepared, polish=0 ms, lock=0 ms, blockedForSync=0 ms, animations=0 ms
Aug 28 18:45:16 hearth quickshell[181612]:  DEBUG qt.scenegraph.time.renderloop: [window 0x7fa09af9dc70][gui thread] polishAndSync: start, elapsed since last call: 16 ms
Aug 28 18:45:16 hearth quickshell[181612]:  DEBUG qt.scenegraph.time.renderloop: [window 0x7fa09e00ec60][render thread 0x7fa09c606e00] syncAndRender: frame rendered in 0ms, sync=0, render=0, swap=0
Aug 28 18:45:16 hearth quickshell[181612]:  DEBUG qt.scenegraph.time.renderloop: [window 0x7fa09af9dc70][render thread 0x7fa09c607420] syncAndRender: start, elapsed since last call: 16 ms
Aug 28 18:45:16 hearth quickshell[181612]:  DEBUG qt.scenegraph.time.renderloop: [window 0x7fa09af9dc70][gui thread] Frame prepared, polish=0 ms, lock=0 ms, blockedForSync=0 ms, animations=0 ms
Aug 28 18:45:16 hearth quickshell[181612]:  DEBUG qt.scenegraph.time.renderer: time in renderer: total=0ms, preprocess=0, updates=0, rendering=0
Aug 28 18:45:16 hearth quickshell[181612]:  DEBUG qt.scenegraph.time.renderloop: [window 0x7fa09e00ec60][gui thread] polishAndSync: start, elapsed since last call: 16 ms
Aug 28 18:45:16 hearth quickshell[181612]:  DEBUG qt.scenegraph.time.renderloop: [window 0x7fa09af9dc70][render thread 0x7fa09c607420] syncAndRender: frame rendered in 16ms, sync=0, render=0, swap=15
Aug 28 18:45:16 hearth quickshell[181612]:  DEBUG qt.scenegraph.time.renderloop: [window 0x7fa09e00ec60][render thread 0x7fa09c606e00] syncAndRender: start, elapsed since last call: 16 ms
Aug 28 18:45:16 hearth quickshell[181612]:  DEBUG qt.scenegraph.time.renderloop: [window 0x7fa09e00ec60][gui thread] Frame prepared, polish=0 ms, lock=0 ms, blockedForSync=0 ms, animations=0 ms
Aug 28 18:45:16 hearth quickshell[181612]:  DEBUG qt.scenegraph.time.renderloop: [window 0x7fa09af9dc70][gui thread] polishAndSync: start, elapsed since last call: 16 ms
Aug 28 18:45:16 hearth quickshell[181612]:  DEBUG qt.scenegraph.time.renderer: time in renderer: total=0ms, preprocess=0, updates=0, rendering=0
Aug 28 18:45:16 hearth quickshell[181612]:  DEBUG qt.scenegraph.time.renderloop: [window 0x7fa09af9dc70][render thread 0x7fa09c607420] syncAndRender: start, elapsed since last call: 16 ms
Aug 28 18:45:16 hearth quickshell[181612]:  DEBUG qt.scenegraph.time.renderloop: [window 0x7fa09e00ec60][render thread 0x7fa09c606e00] syncAndRender: frame rendered in 0ms, sync=0, render=0, swap=0
Aug 28 18:45:16 hearth quickshell[181612]:  DEBUG qt.scenegraph.time.renderloop: [window 0x7fa09af9dc70][gui thread] Frame prepared, polish=0 ms, lock=0 ms, blockedForSync=0 ms, animations=0 ms
Aug 28 18:45:16 hearth quickshell[181612]:  DEBUG qt.scenegraph.time.renderer: time in renderer: total=0ms, preprocess=0, updates=0, rendering=0
Aug 28 18:45:16 hearth quickshell[181612]:  DEBUG qt.scenegraph.time.renderloop: [window 0x7fa09e00ec60][gui thread] polishAndSync: start, elapsed since last call: 16 ms
Aug 28 18:45:16 hearth quickshell[181612]:  DEBUG qt.scenegraph.time.renderloop: [window 0x7fa09af9dc70][render thread 0x7fa09c607420] syncAndRender: frame rendered in 16ms, sync=0, render=0, swap=16
Aug 28 18:45:16 hearth quickshell[181612]:  DEBUG qt.scenegraph.time.renderloop: [window 0x7fa09e00ec60][render thread 0x7fa09c606e00] syncAndRender: start, elapsed since last call: 16 ms
Aug 28 18:45:16 hearth quickshell[181612]:  DEBUG qt.scenegraph.time.renderloop: [window 0x7fa09e00ec60][gui thread] Frame prepared, polish=0 ms, lock=0 ms, blockedForSync=0 ms, animations=0 ms
Aug 28 18:45:16 hearth quickshell[181612]:  DEBUG qt.scenegraph.time.renderloop: [window 0x7fa09af9dc70][gui thread] polishAndSync: start, elapsed since last call: 16 ms
Aug 28 18:45:16 hearth quickshell[181612]:  DEBUG qt.scenegraph.time.renderer: time in renderer: total=0ms, preprocess=0, updates=0, rendering=0
Aug 28 18:45:16 hearth quickshell[181612]:  DEBUG qt.scenegraph.time.renderloop: [window 0x7fa09af9dc70][render thread 0x7fa09c607420] syncAndRender: start, elapsed since last call: 16 ms
Aug 28 18:45:16 hearth quickshell[181612]:  DEBUG qt.scenegraph.time.renderloop: [window 0x7fa09e00ec60][render thread 0x7fa09c606e00] syncAndRender: frame rendered in 0ms, sync=0, render=0, swap=0
Aug 28 18:45:16 hearth quickshell[181612]:  DEBUG qt.scenegraph.time.renderloop: [window 0x7fa09af9dc70][gui thread] Frame prepared, polish=0 ms, lock=0 ms, blockedForSync=0 ms, animations=0 ms
Aug 28 18:45:16 hearth quickshell[181612]:  DEBUG qt.scenegraph.time.renderer: time in renderer: total=0ms, preprocess=0, updates=0, rendering=0
Aug 28 18:45:16 hearth quickshell[181612]:  DEBUG qt.scenegraph.time.renderloop: [window 0x7fa09e00ec60][gui thread] polishAndSync: start, elapsed since last call: 16 ms
Aug 28 18:45:16 hearth quickshell[181612]:  DEBUG qt.scenegraph.time.renderloop: [window 0x7fa09af9dc70][render thread 0x7fa09c607420] syncAndRender: frame rendered in 16ms, sync=0, render=0, swap=16
Aug 28 18:45:16 hearth quickshell[181612]:  DEBUG qt.scenegraph.time.renderloop: [window 0x7fa09e00ec60][render thread 0x7fa09c606e00] syncAndRender: start, elapsed since last call: 16 ms
Aug 28 18:45:16 hearth quickshell[181612]:  DEBUG qt.scenegraph.time.renderer: time in renderer: total=0ms, preprocess=0, updates=0, rendering=0
Aug 28 18:45:16 hearth quickshell[181612]:  DEBUG qt.scenegraph.time.renderloop: [window 0x7fa09e00ec60][gui thread] Frame prepared, polish=0 ms, lock=0 ms, blockedForSync=0 ms, animations=0 ms
Aug 28 18:45:16 hearth quickshell[181612]:  DEBUG qt.scenegraph.time.renderloop: [window 0x7fa09af9dc70][gui thread] polishAndSync: start, elapsed since last call: 16 ms
Aug 28 18:45:16 hearth quickshell[181612]:  DEBUG qt.scenegraph.time.renderloop: [window 0x7fa09af9dc70][render thread 0x7fa09c607420] syncAndRender: start, elapsed since last call: 16 ms
Aug 28 18:45:16 hearth quickshell[181612]:  DEBUG qt.scenegraph.time.renderloop: [window 0x7fa09e00ec60][render thread 0x7fa09c606e00] syncAndRender: frame rendered in 0ms, sync=0, render=0, swap=0
Aug 28 18:45:16 hearth quickshell[181612]:  DEBUG qt.scenegraph.time.renderloop: [window 0x7fa09af9dc70][gui thread] Frame prepared, polish=0 ms, lock=0 ms, blockedForSync=0 ms, animations=0 ms
Aug 28 18:45:16 hearth quickshell[181612]:  DEBUG qt.scenegraph.time.renderer: time in renderer: total=0ms, preprocess=0, updates=0, rendering=0
Aug 28 18:45:16 hearth quickshell[181612]:  DEBUG qt.scenegraph.time.renderloop: [window 0x7fa09e00ec60][gui thread] polishAndSync: start, elapsed since last call: 15 ms
Aug 28 18:45:16 hearth quickshell[181612]:  DEBUG qt.scenegraph.time.renderloop: [window 0x7fa09af9dc70][render thread 0x7fa09c607420] syncAndRender: frame rendered in 15ms, sync=0, render=0, swap=15
Aug 28 18:45:16 hearth quickshell[181612]:  DEBUG qt.scenegraph.time.renderloop: [window 0x7fa09e00ec60][render thread 0x7fa09c606e00] syncAndRender: start, elapsed since last call: 15 ms
Aug 28 18:45:16 hearth quickshell[181612]:  DEBUG qt.scenegraph.time.renderer: time in renderer: total=0ms, preprocess=0, updates=0, rendering=0
Aug 28 18:45:16 hearth quickshell[181612]:  DEBUG qt.scenegraph.time.renderloop: [window 0x7fa09e00ec60][gui thread] Frame prepared, polish=0 ms, lock=0 ms, blockedForSync=0 ms, animations=0 ms
Aug 28 18:45:16 hearth quickshell[181612]:  DEBUG qt.scenegraph.time.renderloop: [window 0x7fa09af9dc70][gui thread] polishAndSync: start, elapsed since last call: 15 ms
Aug 28 18:45:16 hearth quickshell[181612]:  DEBUG qt.scenegraph.time.renderloop: [window 0x7fa09af9dc70][render thread 0x7fa09c607420] syncAndRender: start, elapsed since last call: 15 ms
Aug 28 18:45:16 hearth quickshell[181612]:  DEBUG qt.scenegraph.time.renderloop: [window 0x7fa09e00ec60][render thread 0x7fa09c606e00] syncAndRender: frame rendered in 0ms, sync=0, render=0, swap=0
Aug 28 18:45:16 hearth quickshell[181612]:  DEBUG qt.scenegraph.time.renderloop: [window 0x7fa09af9dc70][gui thread] Frame prepared, polish=0 ms, lock=0 ms, blockedForSync=0 ms, animations=0 ms
Aug 28 18:45:16 hearth quickshell[181612]:  DEBUG qt.scenegraph.time.renderer: time in renderer: total=0ms, preprocess=0, updates=0, rendering=0
Aug 28 18:45:16 hearth quickshell[181612]:  DEBUG qt.scenegraph.time.renderloop: [window 0x7fa09af9dc70][render thread 0x7fa09c607420] syncAndRender: frame rendered in 0ms, sync=0, render=0, swap=0
Aug 28 18:45:16 hearth quickshell[181612]:  DEBUG qt.scenegraph.time.renderloop: [window 0x7fa09e00ec60][gui thread] polishAndSync: start, elapsed since last call: 17 ms
Aug 28 18:45:16 hearth quickshell[181612]:  DEBUG qt.scenegraph.time.renderloop: [window 0x7fa09e00ec60][render thread 0x7fa09c606e00] syncAndRender: start, elapsed since last call: 17 ms
Aug 28 18:45:16 hearth quickshell[181612]:  DEBUG qt.scenegraph.time.renderer: time in renderer: total=0ms, preprocess=0, updates=0, rendering=0
Aug 28 18:45:16 hearth quickshell[181612]:  DEBUG qt.scenegraph.time.renderloop: [window 0x7fa09e00ec60][gui thread] Frame prepared, polish=0 ms, lock=0 ms, blockedForSync=0 ms, animations=0 ms
Aug 28 18:45:16 hearth quickshell[181612]:  DEBUG qt.scenegraph.time.renderloop: [window 0x7fa09af9dc70][gui thread] polishAndSync: start, elapsed since last call: 17 ms
Aug 28 18:45:16 hearth quickshell[181612]:  DEBUG qt.scenegraph.time.renderloop: [window 0x7fa09af9dc70][render thread 0x7fa09c607420] syncAndRender: start, elapsed since last call: 17 ms
Aug 28 18:45:16 hearth quickshell[181612]:  DEBUG qt.scenegraph.time.renderloop: [window 0x7fa09e00ec60][render thread 0x7fa09c606e00] syncAndRender: frame rendered in 0ms, sync=0, render=0, swap=0
Aug 28 18:45:16 hearth quickshell[181612]:  DEBUG qt.scenegraph.time.renderloop: [window 0x7fa09af9dc70][gui thread] Frame prepared, polish=0 ms, lock=0 ms, blockedForSync=0 ms, animations=0 ms
Aug 28 18:45:16 hearth quickshell[181612]:  DEBUG qt.scenegraph.time.renderer: time in renderer: total=0ms, preprocess=0, updates=0, rendering=0
Aug 28 18:45:16 hearth quickshell[181612]:  DEBUG qt.scenegraph.time.renderloop: [window 0x7fa09af9dc70][render thread 0x7fa09c607420] syncAndRender: frame rendered in 0ms, sync=0, render=0, swap=0
Aug 28 18:45:16 hearth quickshell[181612]:  DEBUG qt.scenegraph.time.renderloop: [window 0x7fa09e00ec60][gui thread] polishAndSync: start, elapsed since last call: 16 ms
Aug 28 18:45:16 hearth quickshell[181612]:  DEBUG qt.scenegraph.time.renderloop: [window 0x7fa09e00ec60][render thread 0x7fa09c606e00] syncAndRender: start, elapsed since last call: 16 ms
Aug 28 18:45:16 hearth quickshell[181612]:  DEBUG qt.scenegraph.time.renderer: time in renderer: total=0ms, preprocess=0, updates=0, rendering=0
Aug 28 18:45:16 hearth quickshell[181612]:  DEBUG qt.scenegraph.time.renderloop: [window 0x7fa09e00ec60][gui thread] Frame prepared, polish=0 ms, lock=0 ms, blockedForSync=0 ms, animations=0 ms
Aug 28 18:45:16 hearth quickshell[181612]:  DEBUG qt.scenegraph.time.renderloop: [window 0x7fa09af9dc70][gui thread] polishAndSync: start, elapsed since last call: 16 ms
Aug 28 18:45:16 hearth quickshell[181612]:  DEBUG qt.scenegraph.time.renderloop: [window 0x7fa09e00ec60][render thread 0x7fa09c606e00] syncAndRender: frame rendered in 0ms, sync=0, render=0, swap=0
Aug 28 18:45:16 hearth quickshell[181612]:  DEBUG qt.scenegraph.time.renderloop: [window 0x7fa09af9dc70][render thread 0x7fa09c607420] syncAndRender: start, elapsed since last call: 16 ms
Aug 28 18:45:16 hearth quickshell[181612]:  DEBUG qt.scenegraph.time.renderloop: [window 0x7fa09af9dc70][gui thread] Frame prepared, polish=0 ms, lock=0 ms, blockedForSync=0 ms, animations=0 ms
Aug 28 18:45:16 hearth quickshell[181612]:  DEBUG qt.scenegraph.time.renderer: time in renderer: total=0ms, preprocess=0, updates=0, rendering=0
Aug 28 18:45:16 hearth quickshell[181612]:  DEBUG qt.scenegraph.time.renderloop: [window 0x7fa09af9dc70][render thread 0x7fa09c607420] syncAndRender: frame rendered in 0ms, sync=0, render=0, swap=0
Aug 28 18:45:16 hearth quickshell[181612]:  DEBUG qt.scenegraph.time.renderloop: [window 0x7fa09e00ec60][gui thread] polishAndSync: start, elapsed since last call: 16 ms
Aug 28 18:45:16 hearth quickshell[181612]:  DEBUG qt.scenegraph.time.renderloop: [window 0x7fa09e00ec60][render thread 0x7fa09c606e00] syncAndRender: start, elapsed since last call: 16 ms
Aug 28 18:45:16 hearth quickshell[181612]:  DEBUG qt.scenegraph.time.renderloop: [window 0x7fa09e00ec60][gui thread] Frame prepared, polish=0 ms, lock=0 ms, blockedForSync=0 ms, animations=0 ms
Aug 28 18:45:16 hearth quickshell[181612]:  DEBUG qt.scenegraph.time.renderloop: [window 0x7fa09af9dc70][gui thread] polishAndSync: start, elapsed since last call: 16 ms
Aug 28 18:45:16 hearth quickshell[181612]:  DEBUG qt.scenegraph.time.renderer: time in renderer: total=0ms, preprocess=0, updates=0, rendering=0
Aug 28 18:45:16 hearth quickshell[181612]:  DEBUG qt.scenegraph.time.renderloop: [window 0x7fa09e00ec60][render thread 0x7fa09c606e00] syncAndRender: frame rendered in 0ms, sync=0, render=0, swap=0
Aug 28 18:45:16 hearth quickshell[181612]:  DEBUG qt.scenegraph.time.renderloop: [window 0x7fa09af9dc70][render thread 0x7fa09c607420] syncAndRender: start, elapsed since last call: 16 ms
Aug 28 18:45:16 hearth quickshell[181612]:  DEBUG qt.scenegraph.time.renderloop: [window 0x7fa09af9dc70][gui thread] Frame prepared, polish=0 ms, lock=0 ms, blockedForSync=0 ms, animations=0 ms
Aug 28 18:45:16 hearth quickshell[181612]:  DEBUG qt.scenegraph.time.renderer: time in renderer: total=0ms, preprocess=0, updates=0, rendering=0
Aug 28 18:45:16 hearth quickshell[181612]:  DEBUG qt.scenegraph.time.renderloop: [window 0x7fa09af9dc70][gui thread] polishAndSync: start, elapsed since last call: 0 ms
Aug 28 18:45:16 hearth quickshell[181612]:  DEBUG qt.scenegraph.time.renderloop: [window 0x7fa09af9dc70][render thread 0x7fa09c607420] syncAndRender: frame rendered in 0ms, sync=0, render=0, swap=0
Aug 28 18:45:16 hearth quickshell[181612]:  DEBUG qt.scenegraph.time.renderloop: [window 0x7fa09af9dc70][render thread 0x7fa09c607420] syncAndRender: start, elapsed since last call: 0 ms
Aug 28 18:45:16 hearth quickshell[181612]:  DEBUG qt.scenegraph.time.renderloop: [window 0x7fa09af9dc70][gui thread] Frame prepared, polish=0 ms, lock=0 ms, blockedForSync=0 ms, animations=0 ms
Aug 28 18:45:16 hearth quickshell[181612]:  DEBUG qt.scenegraph.time.renderer: time in renderer: total=0ms, preprocess=0, updates=0, rendering=0
Aug 28 18:45:16 hearth quickshell[181612]:  DEBUG qt.scenegraph.time.renderloop: [window 0x7fa09e00ec60][gui thread] polishAndSync: start, elapsed since last call: 16 ms
Aug 28 18:45:16 hearth quickshell[181612]:  DEBUG qt.scenegraph.time.renderloop: [window 0x7fa09af9dc70][render thread 0x7fa09c607420] syncAndRender: frame rendered in 15ms, sync=0, render=0, swap=15
Aug 28 18:45:16 hearth quickshell[181612]:  DEBUG qt.scenegraph.time.renderloop: [window 0x7fa09e00ec60][render thread 0x7fa09c606e00] syncAndRender: start, elapsed since last call: 16 ms
Aug 28 18:45:16 hearth quickshell[181612]:  DEBUG qt.scenegraph.time.renderer: time in renderer: total=0ms, preprocess=0, updates=0, rendering=0
Aug 28 18:45:16 hearth quickshell[181612]:  DEBUG qt.scenegraph.time.renderloop: [window 0x7fa09e00ec60][gui thread] Frame prepared, polish=0 ms, lock=0 ms, blockedForSync=0 ms, animations=0 ms
Aug 28 18:45:16 hearth quickshell[181612]:  DEBUG qt.scenegraph.time.renderloop: [window 0x7fa09af9dc70][gui thread] polishAndSync: start, elapsed since last call: 15 ms
Aug 28 18:45:16 hearth quickshell[181612]:  DEBUG qt.scenegraph.time.renderloop: [window 0x7fa09af9dc70][render thread 0x7fa09c607420] syncAndRender: start, elapsed since last call: 15 ms
Aug 28 18:45:16 hearth quickshell[181612]:  DEBUG qt.scenegraph.time.renderloop: [window 0x7fa09e00ec60][render thread 0x7fa09c606e00] syncAndRender: frame rendered in 0ms, sync=0, render=0, swap=0
Aug 28 18:45:16 hearth quickshell[181612]:  DEBUG qt.scenegraph.time.renderloop: [window 0x7fa09af9dc70][gui thread] Frame prepared, polish=0 ms, lock=0 ms, blockedForSync=0 ms, animations=0 ms
Aug 28 18:45:16 hearth quickshell[181612]:  DEBUG qt.scenegraph.time.renderer: time in renderer: total=0ms, preprocess=0, updates=0, rendering=0
Aug 28 18:45:16 hearth quickshell[181612]:  DEBUG qt.scenegraph.time.renderloop: [window 0x7fa09e00ec60][gui thread] polishAndSync: start, elapsed since last call: 16 ms
Aug 28 18:45:16 hearth quickshell[181612]:  DEBUG qt.scenegraph.time.renderloop: [window 0x7fa09af9dc70][render thread 0x7fa09c607420] syncAndRender: frame rendered in 16ms, sync=0, render=0, swap=16
Aug 28 18:45:16 hearth quickshell[181612]:  DEBUG qt.scenegraph.time.renderloop: [window 0x7fa09e00ec60][render thread 0x7fa09c606e00] syncAndRender: start, elapsed since last call: 16 ms
Aug 28 18:45:16 hearth quickshell[181612]:  DEBUG qt.scenegraph.time.renderloop: [window 0x7fa09e00ec60][gui thread] Frame prepared, polish=0 ms, lock=0 ms, blockedForSync=0 ms, animations=0 ms
Aug 28 18:45:16 hearth quickshell[181612]:  DEBUG qt.scenegraph.time.renderer: time in renderer: total=0ms, preprocess=0, updates=0, rendering=0
Aug 28 18:45:16 hearth quickshell[181612]:  DEBUG qt.scenegraph.time.renderloop: [window 0x7fa09af9dc70][gui thread] polishAndSync: start, elapsed since last call: 16 ms
Aug 28 18:45:16 hearth quickshell[181612]:  DEBUG qt.scenegraph.time.renderloop: [window 0x7fa09af9dc70][render thread 0x7fa09c607420] syncAndRender: start, elapsed since last call: 16 ms
Aug 28 18:45:16 hearth quickshell[181612]:  DEBUG qt.scenegraph.time.renderloop: [window 0x7fa09e00ec60][render thread 0x7fa09c606e00] syncAndRender: frame rendered in 0ms, sync=0, render=0, swap=0
Aug 28 18:45:16 hearth quickshell[181612]:  DEBUG qt.scenegraph.time.renderloop: [window 0x7fa09af9dc70][gui thread] Frame prepared, polish=0 ms, lock=0 ms, blockedForSync=0 ms, animations=0 ms
Aug 28 18:45:16 hearth quickshell[181612]:  DEBUG qt.scenegraph.time.renderer: time in renderer: total=0ms, preprocess=0, updates=0, rendering=0
Aug 28 18:45:16 hearth quickshell[181612]:  DEBUG qt.scenegraph.time.renderloop: [window 0x7fa09e00ec60][gui thread] polishAndSync: start, elapsed since last call: 16 ms
Aug 28 18:45:16 hearth quickshell[181612]:  DEBUG qt.scenegraph.time.renderloop: [window 0x7fa09af9dc70][render thread 0x7fa09c607420] syncAndRender: frame rendered in 16ms, sync=0, render=0, swap=16
Aug 28 18:45:16 hearth quickshell[181612]:  DEBUG qt.scenegraph.time.renderloop: [window 0x7fa09e00ec60][render thread 0x7fa09c606e00] syncAndRender: start, elapsed since last call: 16 ms
Aug 28 18:45:16 hearth quickshell[181612]:  DEBUG qt.scenegraph.time.renderer: time in renderer: total=0ms, preprocess=0, updates=0, rendering=0
Aug 28 18:45:16 hearth quickshell[181612]:  DEBUG qt.scenegraph.time.renderloop: [window 0x7fa09e00ec60][gui thread] Frame prepared, polish=0 ms, lock=0 ms, blockedForSync=0 ms, animations=0 ms
Aug 28 18:45:16 hearth quickshell[181612]:  DEBUG qt.scenegraph.time.renderloop: [window 0x7fa09af9dc70][gui thread] polishAndSync: start, elapsed since last call: 16 ms
Aug 28 18:45:16 hearth quickshell[181612]:  DEBUG qt.scenegraph.time.renderloop: [window 0x7fa09e00ec60][render thread 0x7fa09c606e00] syncAndRender: frame rendered in 0ms, sync=0, render=0, swap=0
Aug 28 18:45:16 hearth quickshell[181612]:  DEBUG qt.scenegraph.time.renderloop: [window 0x7fa09af9dc70][render thread 0x7fa09c607420] syncAndRender: start, elapsed since last call: 16 ms
Aug 28 18:45:16 hearth quickshell[181612]:  DEBUG qt.scenegraph.time.renderloop: [window 0x7fa09af9dc70][gui thread] Frame prepared, polish=0 ms, lock=0 ms, blockedForSync=0 ms, animations=0 ms
Aug 28 18:45:16 hearth quickshell[181612]:  DEBUG qt.scenegraph.time.renderer: time in renderer: total=0ms, preprocess=0, updates=0, rendering=0
Aug 28 18:45:16 hearth quickshell[181612]:  DEBUG qt.scenegraph.time.renderloop: [window 0x7fa09e00ec60][gui thread] polishAndSync: start, elapsed since last call: 16 ms
Aug 28 18:45:16 hearth quickshell[181612]:  DEBUG qt.scenegraph.time.renderloop: [window 0x7fa09af9dc70][render thread 0x7fa09c607420] syncAndRender: frame rendered in 16ms, sync=0, render=0, swap=16
Aug 28 18:45:16 hearth quickshell[181612]:  DEBUG qt.scenegraph.time.renderloop: [window 0x7fa09e00ec60][render thread 0x7fa09c606e00] syncAndRender: start, elapsed since last call: 16 ms
Aug 28 18:45:16 hearth quickshell[181612]:  DEBUG qt.scenegraph.time.renderer: time in renderer: total=0ms, preprocess=0, updates=0, rendering=0
Aug 28 18:45:16 hearth quickshell[181612]:  DEBUG qt.scenegraph.time.renderloop: [window 0x7fa09e00ec60][gui thread] Frame prepared, polish=0 ms, lock=0 ms, blockedForSync=0 ms, animations=0 ms
Aug 28 18:45:16 hearth quickshell[181612]:  DEBUG qt.scenegraph.time.renderloop: [window 0x7fa09af9dc70][gui thread] polishAndSync: start, elapsed since last call: 16 ms
Aug 28 18:45:16 hearth quickshell[181612]:  DEBUG qt.scenegraph.time.renderloop: [window 0x7fa09e00ec60][render thread 0x7fa09c606e00] syncAndRender: frame rendered in 0ms, sync=0, render=0, swap=0
Aug 28 18:45:16 hearth quickshell[181612]:  DEBUG qt.scenegraph.time.renderloop: [window 0x7fa09af9dc70][render thread 0x7fa09c607420] syncAndRender: start, elapsed since last call: 16 ms
Aug 28 18:45:16 hearth quickshell[181612]:  DEBUG qt.scenegraph.time.renderloop: [window 0x7fa09af9dc70][gui thread] Frame prepared, polish=0 ms, lock=0 ms, blockedForSync=0 ms, animations=0 ms
Aug 28 18:45:16 hearth quickshell[181612]:  DEBUG qt.scenegraph.time.renderer: time in renderer: total=0ms, preprocess=0, updates=0, rendering=0
Aug 28 18:45:16 hearth quickshell[181612]:  DEBUG qt.scenegraph.time.renderloop: [window 0x7fa09e00ec60][gui thread] polishAndSync: start, elapsed since last call: 16 ms
Aug 28 18:45:16 hearth quickshell[181612]:  DEBUG qt.scenegraph.time.renderloop: [window 0x7fa09af9dc70][render thread 0x7fa09c607420] syncAndRender: frame rendered in 16ms, sync=0, render=0, swap=16
Aug 28 18:45:16 hearth quickshell[181612]:  DEBUG qt.scenegraph.time.renderloop: [window 0x7fa09e00ec60][render thread 0x7fa09c606e00] syncAndRender: start, elapsed since last call: 16 ms
Aug 28 18:45:16 hearth quickshell[181612]:  DEBUG qt.scenegraph.time.renderer: time in renderer: total=0ms, preprocess=0, updates=0, rendering=0
Aug 28 18:45:16 hearth quickshell[181612]:  DEBUG qt.scenegraph.time.renderloop: [window 0x7fa09e00ec60][gui thread] Frame prepared, polish=0 ms, lock=0 ms, blockedForSync=0 ms, animations=0 ms
Aug 28 18:45:16 hearth quickshell[181612]:  DEBUG qt.scenegraph.time.renderloop: [window 0x7fa09af9dc70][gui thread] polishAndSync: start, elapsed since last call: 16 ms
Aug 28 18:45:16 hearth quickshell[181612]:  DEBUG qt.scenegraph.time.renderloop: [window 0x7fa09af9dc70][render thread 0x7fa09c607420] syncAndRender: start, elapsed since last call: 16 ms
Aug 28 18:45:16 hearth quickshell[181612]:  DEBUG qt.scenegraph.time.renderloop: [window 0x7fa09e00ec60][render thread 0x7fa09c606e00] syncAndRender: frame rendered in 0ms, sync=0, render=0, swap=0
Aug 28 18:45:16 hearth quickshell[181612]:  DEBUG qt.scenegraph.time.renderloop: [window 0x7fa09af9dc70][gui thread] Frame prepared, polish=0 ms, lock=0 ms, blockedForSync=0 ms, animations=0 ms
Aug 28 18:45:16 hearth quickshell[181612]:  DEBUG qt.scenegraph.time.renderer: time in renderer: total=0ms, preprocess=0, updates=0, rendering=0
Aug 28 18:45:16 hearth quickshell[181612]:  DEBUG qt.scenegraph.time.renderloop: [window 0x7fa09e00ec60][gui thread] polishAndSync: start, elapsed since last call: 16 ms
Aug 28 18:45:16 hearth quickshell[181612]:  DEBUG qt.scenegraph.time.renderloop: [window 0x7fa09af9dc70][render thread 0x7fa09c607420] syncAndRender: frame rendered in 16ms, sync=0, render=0, swap=16
Aug 28 18:45:16 hearth quickshell[181612]:  DEBUG qt.scenegraph.time.renderloop: [window 0x7fa09e00ec60][render thread 0x7fa09c606e00] syncAndRender: start, elapsed since last call: 16 ms
Aug 28 18:45:16 hearth quickshell[181612]:  DEBUG qt.scenegraph.time.renderer: time in renderer: total=0ms, preprocess=0, updates=0, rendering=0
Aug 28 18:45:16 hearth quickshell[181612]:  DEBUG qt.scenegraph.time.renderloop: [window 0x7fa09e00ec60][gui thread] Frame prepared, polish=0 ms, lock=0 ms, blockedForSync=0 ms, animations=0 ms
Aug 28 18:45:16 hearth quickshell[181612]:  DEBUG qt.scenegraph.time.renderloop: [window 0x7fa09af9dc70][gui thread] polishAndSync: start, elapsed since last call: 16 ms
Aug 28 18:45:16 hearth quickshell[181612]:  DEBUG qt.scenegraph.time.renderloop: [window 0x7fa09e00ec60][render thread 0x7fa09c606e00] syncAndRender: frame rendered in 0ms, sync=0, render=0, swap=0
Aug 28 18:45:16 hearth quickshell[181612]:  DEBUG qt.scenegraph.time.renderloop: [window 0x7fa09af9dc70][render thread 0x7fa09c607420] syncAndRender: start, elapsed since last call: 16 ms
Aug 28 18:45:16 hearth quickshell[181612]:  DEBUG qt.scenegraph.time.renderloop: [window 0x7fa09af9dc70][gui thread] Frame prepared, polish=0 ms, lock=0 ms, blockedForSync=0 ms, animations=0 ms
Aug 28 18:45:16 hearth quickshell[181612]:  DEBUG qt.scenegraph.time.renderer: time in renderer: total=0ms, preprocess=0, updates=0, rendering=0
Aug 28 18:45:16 hearth quickshell[181612]:  DEBUG qt.scenegraph.time.renderloop: [window 0x7fa09e00ec60][gui thread] polishAndSync: start, elapsed since last call: 16 ms
Aug 28 18:45:16 hearth quickshell[181612]:  DEBUG qt.scenegraph.time.renderloop: [window 0x7fa09af9dc70][render thread 0x7fa09c607420] syncAndRender: frame rendered in 16ms, sync=0, render=0, swap=16
Aug 28 18:45:16 hearth quickshell[181612]:  DEBUG qt.scenegraph.time.renderloop: [window 0x7fa09e00ec60][render thread 0x7fa09c606e00] syncAndRender: start, elapsed since last call: 16 ms
Aug 28 18:45:16 hearth quickshell[181612]:  DEBUG qt.scenegraph.time.renderer: time in renderer: total=0ms, preprocess=0, updates=0, rendering=0
Aug 28 18:45:16 hearth quickshell[181612]:  DEBUG qt.scenegraph.time.renderloop: [window 0x7fa09e00ec60][gui thread] Frame prepared, polish=0 ms, lock=0 ms, blockedForSync=0 ms, animations=0 ms
Aug 28 18:45:16 hearth quickshell[181612]:  DEBUG qt.scenegraph.time.renderloop: [window 0x7fa09af9dc70][gui thread] polishAndSync: start, elapsed since last call: 16 ms
Aug 28 18:45:16 hearth quickshell[181612]:  DEBUG qt.scenegraph.time.renderloop: [window 0x7fa09af9dc70][render thread 0x7fa09c607420] syncAndRender: start, elapsed since last call: 16 ms
Aug 28 18:45:16 hearth quickshell[181612]:  DEBUG qt.scenegraph.time.renderloop: [window 0x7fa09e00ec60][render thread 0x7fa09c606e00] syncAndRender: frame rendered in 0ms, sync=0, render=0, swap=0
Aug 28 18:45:16 hearth quickshell[181612]:  DEBUG qt.scenegraph.time.renderloop: [window 0x7fa09af9dc70][gui thread] Frame prepared, polish=0 ms, lock=0 ms, blockedForSync=0 ms, animations=0 ms
Aug 28 18:45:16 hearth quickshell[181612]:  DEBUG qt.scenegraph.time.renderer: time in renderer: total=0ms, preprocess=0, updates=0, rendering=0
Aug 28 18:45:16 hearth quickshell[181612]:  DEBUG qt.scenegraph.time.renderloop: [window 0x7fa09e00ec60][gui thread] polishAndSync: start, elapsed since last call: 16 ms
Aug 28 18:45:16 hearth quickshell[181612]:  DEBUG qt.scenegraph.time.renderloop: [window 0x7fa09af9dc70][render thread 0x7fa09c607420] syncAndRender: frame rendered in 16ms, sync=0, render=0, swap=16
Aug 28 18:45:16 hearth quickshell[181612]:  DEBUG qt.scenegraph.time.renderloop: [window 0x7fa09e00ec60][render thread 0x7fa09c606e00] syncAndRender: start, elapsed since last call: 16 ms
Aug 28 18:45:16 hearth quickshell[181612]:  DEBUG qt.scenegraph.time.renderer: time in renderer: total=0ms, preprocess=0, updates=0, rendering=0
Aug 28 18:45:16 hearth quickshell[181612]:  DEBUG qt.scenegraph.time.renderloop: [window 0x7fa09e00ec60][gui thread] Frame prepared, polish=0 ms, lock=0 ms, blockedForSync=0 ms, animations=0 ms
Aug 28 18:45:16 hearth quickshell[181612]:  DEBUG qt.scenegraph.time.renderloop: [window 0x7fa09af9dc70][gui thread] polishAndSync: start, elapsed since last call: 16 ms
Aug 28 18:45:16 hearth quickshell[181612]:  DEBUG qt.scenegraph.time.renderloop: [window 0x7fa09af9dc70][render thread 0x7fa09c607420] syncAndRender: start, elapsed since last call: 16 ms
Aug 28 18:45:16 hearth quickshell[181612]:  DEBUG qt.scenegraph.time.renderloop: [window 0x7fa09e00ec60][render thread 0x7fa09c606e00] syncAndRender: frame rendered in 0ms, sync=0, render=0, swap=0
Aug 28 18:45:16 hearth quickshell[181612]:  DEBUG qt.scenegraph.time.renderloop: [window 0x7fa09af9dc70][gui thread] Frame prepared, polish=0 ms, lock=0 ms, blockedForSync=0 ms, animations=0 ms
Aug 28 18:45:16 hearth quickshell[181612]:  DEBUG qt.scenegraph.time.renderer: time in renderer: total=0ms, preprocess=0, updates=0, rendering=0
Aug 28 18:45:16 hearth quickshell[181612]:  DEBUG qt.scenegraph.time.renderloop: [window 0x7fa09e00ec60][gui thread] polishAndSync: start, elapsed since last call: 16 ms
Aug 28 18:45:16 hearth quickshell[181612]:  DEBUG qt.scenegraph.time.renderloop: [window 0x7fa09af9dc70][render thread 0x7fa09c607420] syncAndRender: frame rendered in 16ms, sync=0, render=0, swap=16
Aug 28 18:45:16 hearth quickshell[181612]:  DEBUG qt.scenegraph.time.renderloop: [window 0x7fa09e00ec60][render thread 0x7fa09c606e00] syncAndRender: start, elapsed since last call: 16 ms
Aug 28 18:45:16 hearth quickshell[181612]:  DEBUG qt.scenegraph.time.renderer: time in renderer: total=0ms, preprocess=0, updates=0, rendering=0
Aug 28 18:45:16 hearth quickshell[181612]:  DEBUG qt.scenegraph.time.renderloop: [window 0x7fa09e00ec60][gui thread] Frame prepared, polish=0 ms, lock=0 ms, blockedForSync=0 ms, animations=0 ms
Aug 28 18:45:16 hearth quickshell[181612]:  DEBUG qt.scenegraph.time.renderloop: [window 0x7fa09af9dc70][gui thread] polishAndSync: start, elapsed since last call: 16 ms
Aug 28 18:45:16 hearth quickshell[181612]:  DEBUG qt.scenegraph.time.renderloop: [window 0x7fa09af9dc70][render thread 0x7fa09c607420] syncAndRender: start, elapsed since last call: 16 ms
Aug 28 18:45:16 hearth quickshell[181612]:  DEBUG qt.scenegraph.time.renderloop: [window 0x7fa09e00ec60][render thread 0x7fa09c606e00] syncAndRender: frame rendered in 0ms, sync=0, render=0, swap=0
Aug 28 18:45:16 hearth quickshell[181612]:  DEBUG qt.scenegraph.time.renderer: time in renderer: total=0ms, preprocess=0, updates=0, rendering=0
Aug 28 18:45:16 hearth quickshell[181612]:  DEBUG qt.scenegraph.time.renderloop: [window 0x7fa09af9dc70][gui thread] Frame prepared, polish=0 ms, lock=0 ms, blockedForSync=0 ms, animations=0 ms
Aug 28 18:45:16 hearth quickshell[181612]:  DEBUG qt.scenegraph.time.renderloop: [window 0x7fa09e00ec60][gui thread] polishAndSync: start, elapsed since last call: 16 ms
Aug 28 18:45:16 hearth quickshell[181612]:  DEBUG qt.scenegraph.time.renderloop: [window 0x7fa09af9dc70][render thread 0x7fa09c607420] syncAndRender: frame rendered in 16ms, sync=0, render=0, swap=16
Aug 28 18:45:16 hearth quickshell[181612]:  DEBUG qt.scenegraph.time.renderloop: [window 0x7fa09e00ec60][render thread 0x7fa09c606e00] syncAndRender: start, elapsed since last call: 16 ms
Aug 28 18:45:16 hearth quickshell[181612]:  DEBUG qt.scenegraph.time.renderer: time in renderer: total=0ms, preprocess=0, updates=0, rendering=0
Aug 28 18:45:16 hearth quickshell[181612]:  DEBUG qt.scenegraph.time.renderloop: [window 0x7fa09e00ec60][gui thread] Frame prepared, polish=0 ms, lock=0 ms, blockedForSync=0 ms, animations=0 ms
Aug 28 18:45:16 hearth quickshell[181612]:  DEBUG qt.scenegraph.time.renderloop: [window 0x7fa09af9dc70][gui thread] polishAndSync: start, elapsed since last call: 16 ms
Aug 28 18:45:16 hearth quickshell[181612]:  DEBUG qt.scenegraph.time.renderloop: [window 0x7fa09e00ec60][render thread 0x7fa09c606e00] syncAndRender: frame rendered in 0ms, sync=0, render=0, swap=0
Aug 28 18:45:16 hearth quickshell[181612]:  DEBUG qt.scenegraph.time.renderloop: [window 0x7fa09af9dc70][render thread 0x7fa09c607420] syncAndRender: start, elapsed since last call: 17 ms
Aug 28 18:45:16 hearth quickshell[181612]:  DEBUG qt.scenegraph.time.renderloop: [window 0x7fa09af9dc70][gui thread] Frame prepared, polish=0 ms, lock=0 ms, blockedForSync=0 ms, animations=0 ms
Aug 28 18:45:16 hearth quickshell[181612]:  DEBUG qt.scenegraph.time.renderer: time in renderer: total=0ms, preprocess=0, updates=0, rendering=0
Aug 28 18:45:16 hearth quickshell[181612]:  DEBUG qt.scenegraph.time.renderloop: [window 0x7fa09e00ec60][gui thread] polishAndSync: start, elapsed since last call: 16 ms
Aug 28 18:45:16 hearth quickshell[181612]:  DEBUG qt.scenegraph.time.renderloop: [window 0x7fa09af9dc70][render thread 0x7fa09c607420] syncAndRender: frame rendered in 16ms, sync=0, render=0, swap=15
Aug 28 18:45:16 hearth quickshell[181612]:  DEBUG qt.scenegraph.time.renderloop: [window 0x7fa09e00ec60][render thread 0x7fa09c606e00] syncAndRender: start, elapsed since last call: 16 ms
Aug 28 18:45:16 hearth quickshell[181612]:  DEBUG qt.scenegraph.time.renderer: time in renderer: total=0ms, preprocess=0, updates=0, rendering=0
Aug 28 18:45:16 hearth quickshell[181612]:  DEBUG qt.scenegraph.time.renderloop: [window 0x7fa09e00ec60][gui thread] Frame prepared, polish=0 ms, lock=0 ms, blockedForSync=0 ms, animations=0 ms
Aug 28 18:45:16 hearth quickshell[181612]:  DEBUG qt.scenegraph.time.renderloop: [window 0x7fa09af9dc70][gui thread] polishAndSync: start, elapsed since last call: 16 ms
Aug 28 18:45:16 hearth quickshell[181612]:  DEBUG qt.scenegraph.time.renderloop: [window 0x7fa09e00ec60][render thread 0x7fa09c606e00] syncAndRender: frame rendered in 0ms, sync=0, render=0, swap=0
Aug 28 18:45:16 hearth quickshell[181612]:  DEBUG qt.scenegraph.time.renderloop: [window 0x7fa09af9dc70][render thread 0x7fa09c607420] syncAndRender: start, elapsed since last call: 16 ms
Aug 28 18:45:16 hearth quickshell[181612]:  DEBUG qt.scenegraph.time.renderloop: [window 0x7fa09af9dc70][gui thread] Frame prepared, polish=0 ms, lock=0 ms, blockedForSync=0 ms, animations=0 ms
Aug 28 18:45:16 hearth quickshell[181612]:  DEBUG qt.scenegraph.time.renderer: time in renderer: total=0ms, preprocess=0, updates=0, rendering=0
Aug 28 18:45:16 hearth quickshell[181612]:  DEBUG qt.scenegraph.time.renderloop: [window 0x7fa09e00ec60][gui thread] polishAndSync: start, elapsed since last call: 16 ms
Aug 28 18:45:16 hearth quickshell[181612]:  DEBUG qt.scenegraph.time.renderloop: [window 0x7fa09af9dc70][render thread 0x7fa09c607420] syncAndRender: frame rendered in 16ms, sync=0, render=0, swap=16
Aug 28 18:45:16 hearth quickshell[181612]:  DEBUG qt.scenegraph.time.renderloop: [window 0x7fa09e00ec60][render thread 0x7fa09c606e00] syncAndRender: start, elapsed since last call: 16 ms
Aug 28 18:45:16 hearth quickshell[181612]:  DEBUG qt.scenegraph.time.renderer: time in renderer: total=0ms, preprocess=0, updates=0, rendering=0
Aug 28 18:45:16 hearth quickshell[181612]:  DEBUG qt.scenegraph.time.renderloop: [window 0x7fa09e00ec60][gui thread] Frame prepared, polish=0 ms, lock=0 ms, blockedForSync=0 ms, animations=0 ms
Aug 28 18:45:16 hearth quickshell[181612]:  DEBUG qt.scenegraph.time.renderloop: [window 0x7fa09af9dc70][gui thread] polishAndSync: start, elapsed since last call: 16 ms
Aug 28 18:45:16 hearth quickshell[181612]:  DEBUG qt.scenegraph.time.renderloop: [window 0x7fa09e00ec60][render thread 0x7fa09c606e00] syncAndRender: frame rendered in 0ms, sync=0, render=0, swap=0
Aug 28 18:45:16 hearth quickshell[181612]:  DEBUG qt.scenegraph.time.renderloop: [window 0x7fa09af9dc70][render thread 0x7fa09c607420] syncAndRender: start, elapsed since last call: 16 ms
Aug 28 18:45:16 hearth quickshell[181612]:  DEBUG qt.scenegraph.time.renderloop: [window 0x7fa09af9dc70][gui thread] Frame prepared, polish=0 ms, lock=0 ms, blockedForSync=0 ms, animations=0 ms
Aug 28 18:45:16 hearth quickshell[181612]:  DEBUG qt.scenegraph.time.renderer: time in renderer: total=0ms, preprocess=0, updates=0, rendering=0
Aug 28 18:45:16 hearth quickshell[181612]:  DEBUG qt.scenegraph.time.renderloop: [window 0x7fa09e00ec60][gui thread] polishAndSync: start, elapsed since last call: 16 ms
Aug 28 18:45:16 hearth quickshell[181612]:  DEBUG qt.scenegraph.time.renderloop: [window 0x7fa09af9dc70][render thread 0x7fa09c607420] syncAndRender: frame rendered in 16ms, sync=0, render=0, swap=16
Aug 28 18:45:16 hearth quickshell[181612]:  DEBUG qt.scenegraph.time.renderloop: [window 0x7fa09e00ec60][render thread 0x7fa09c606e00] syncAndRender: start, elapsed since last call: 16 ms
Aug 28 18:45:16 hearth quickshell[181612]:  DEBUG qt.scenegraph.time.renderloop: [window 0x7fa09e00ec60][gui thread] Frame prepared, polish=0 ms, lock=0 ms, blockedForSync=0 ms, animations=0 ms
Aug 28 18:45:16 hearth quickshell[181612]:  DEBUG qt.scenegraph.time.renderer: time in renderer: total=0ms, preprocess=0, updates=0, rendering=0
Aug 28 18:45:16 hearth quickshell[181612]:  DEBUG qt.scenegraph.time.renderloop: [window 0x7fa09af9dc70][gui thread] polishAndSync: start, elapsed since last call: 16 ms
Aug 28 18:45:16 hearth quickshell[181612]:  DEBUG qt.scenegraph.time.renderloop: [window 0x7fa09af9dc70][render thread 0x7fa09c607420] syncAndRender: start, elapsed since last call: 16 ms
Aug 28 18:45:16 hearth quickshell[181612]:  DEBUG qt.scenegraph.time.renderloop: [window 0x7fa09e00ec60][render thread 0x7fa09c606e00] syncAndRender: frame rendered in 0ms, sync=0, render=0, swap=0
Aug 28 18:45:16 hearth quickshell[181612]:  DEBUG qt.scenegraph.time.renderloop: [window 0x7fa09af9dc70][gui thread] Frame prepared, polish=0 ms, lock=0 ms, blockedForSync=0 ms, animations=0 ms
Aug 28 18:45:16 hearth quickshell[181612]:  DEBUG qt.scenegraph.time.renderer: time in renderer: total=0ms, preprocess=0, updates=0, rendering=0
Aug 28 18:45:16 hearth quickshell[181612]:  DEBUG qt.scenegraph.time.renderloop: [window 0x7fa09e00ec60][gui thread] polishAndSync: start, elapsed since last call: 16 ms
Aug 28 18:45:16 hearth quickshell[181612]:  DEBUG qt.scenegraph.time.renderloop: [window 0x7fa09af9dc70][render thread 0x7fa09c607420] syncAndRender: frame rendered in 16ms, sync=0, render=0, swap=15
Aug 28 18:45:16 hearth quickshell[181612]:  DEBUG qt.scenegraph.time.renderloop: [window 0x7fa09e00ec60][render thread 0x7fa09c606e00] syncAndRender: start, elapsed since last call: 16 ms
Aug 28 18:45:16 hearth quickshell[181612]:  DEBUG qt.scenegraph.time.renderer: time in renderer: total=0ms, preprocess=0, updates=0, rendering=0
Aug 28 18:45:16 hearth quickshell[181612]:  DEBUG qt.scenegraph.time.renderloop: [window 0x7fa09e00ec60][gui thread] Frame prepared, polish=0 ms, lock=0 ms, blockedForSync=0 ms, animations=0 ms
Aug 28 18:45:16 hearth quickshell[181612]:  DEBUG qt.scenegraph.time.renderloop: [window 0x7fa09af9dc70][gui thread] polishAndSync: start, elapsed since last call: 16 ms
Aug 28 18:45:16 hearth quickshell[181612]:  DEBUG qt.scenegraph.time.renderloop: [window 0x7fa09e00ec60][render thread 0x7fa09c606e00] syncAndRender: frame rendered in 0ms, sync=0, render=0, swap=0
Aug 28 18:45:16 hearth quickshell[181612]:  DEBUG qt.scenegraph.time.renderloop: [window 0x7fa09af9dc70][render thread 0x7fa09c607420] syncAndRender: start, elapsed since last call: 16 ms
Aug 28 18:45:16 hearth quickshell[181612]:  DEBUG qt.scenegraph.time.renderloop: [window 0x7fa09af9dc70][gui thread] Frame prepared, polish=0 ms, lock=0 ms, blockedForSync=0 ms, animations=0 ms
Aug 28 18:45:16 hearth quickshell[181612]:  DEBUG qt.scenegraph.time.renderer: time in renderer: total=0ms, preprocess=0, updates=0, rendering=0
Aug 28 18:45:16 hearth quickshell[181612]:  DEBUG qt.scenegraph.time.renderloop: [window 0x7fa09e00ec60][gui thread] polishAndSync: start, elapsed since last call: 16 ms
Aug 28 18:45:16 hearth quickshell[181612]:  DEBUG qt.scenegraph.time.renderloop: [window 0x7fa09af9dc70][render thread 0x7fa09c607420] syncAndRender: frame rendered in 16ms, sync=0, render=0, swap=16
Aug 28 18:45:16 hearth quickshell[181612]:  DEBUG qt.scenegraph.time.renderloop: [window 0x7fa09e00ec60][render thread 0x7fa09c606e00] syncAndRender: start, elapsed since last call: 16 ms
Aug 28 18:45:16 hearth quickshell[181612]:  DEBUG qt.scenegraph.time.renderloop: [window 0x7fa09e00ec60][gui thread] Frame prepared, polish=0 ms, lock=0 ms, blockedForSync=0 ms, animations=0 ms
Aug 28 18:45:16 hearth quickshell[181612]:  DEBUG qt.scenegraph.time.renderer: time in renderer: total=0ms, preprocess=0, updates=0, rendering=0
Aug 28 18:45:16 hearth quickshell[181612]:  DEBUG qt.scenegraph.time.renderloop: [window 0x7fa09af9dc70][gui thread] polishAndSync: start, elapsed since last call: 16 ms
Aug 28 18:45:16 hearth quickshell[181612]:  DEBUG qt.scenegraph.time.renderloop: [window 0x7fa09af9dc70][render thread 0x7fa09c607420] syncAndRender: start, elapsed since last call: 16 ms
Aug 28 18:45:16 hearth quickshell[181612]:  DEBUG qt.scenegraph.time.renderloop: [window 0x7fa09e00ec60][render thread 0x7fa09c606e00] syncAndRender: frame rendered in 0ms, sync=0, render=0, swap=0
Aug 28 18:45:16 hearth quickshell[181612]:  DEBUG qt.scenegraph.time.renderloop: [window 0x7fa09af9dc70][gui thread] Frame prepared, polish=0 ms, lock=0 ms, blockedForSync=0 ms, animations=0 ms
Aug 28 18:45:16 hearth quickshell[181612]:  DEBUG qt.scenegraph.time.renderer: time in renderer: total=0ms, preprocess=0, updates=0, rendering=0
Aug 28 18:45:16 hearth quickshell[181612]:  DEBUG qt.scenegraph.time.renderloop: [window 0x7fa09e00ec60][gui thread] polishAndSync: start, elapsed since last call: 16 ms
Aug 28 18:45:16 hearth quickshell[181612]:  DEBUG qt.scenegraph.time.renderloop: [window 0x7fa09af9dc70][render thread 0x7fa09c607420] syncAndRender: frame rendered in 16ms, sync=0, render=0, swap=15
Aug 28 18:45:16 hearth quickshell[181612]:  DEBUG qt.scenegraph.time.renderloop: [window 0x7fa09e00ec60][render thread 0x7fa09c606e00] syncAndRender: start, elapsed since last call: 16 ms
Aug 28 18:45:16 hearth quickshell[181612]:  DEBUG qt.scenegraph.time.renderer: time in renderer: total=0ms, preprocess=0, updates=0, rendering=0
Aug 28 18:45:16 hearth quickshell[181612]:  DEBUG qt.scenegraph.time.renderloop: [window 0x7fa09e00ec60][gui thread] Frame prepared, polish=0 ms, lock=0 ms, blockedForSync=0 ms, animations=0 ms
Aug 28 18:45:16 hearth quickshell[181612]:  DEBUG qt.scenegraph.time.renderloop: [window 0x7fa09af9dc70][gui thread] polishAndSync: start, elapsed since last call: 16 ms
Aug 28 18:45:16 hearth quickshell[181612]:  DEBUG qt.scenegraph.time.renderloop: [window 0x7fa09af9dc70][render thread 0x7fa09c607420] syncAndRender: start, elapsed since last call: 16 ms
Aug 28 18:45:16 hearth quickshell[181612]:  DEBUG qt.scenegraph.time.renderloop: [window 0x7fa09e00ec60][render thread 0x7fa09c606e00] syncAndRender: frame rendered in 0ms, sync=0, render=0, swap=0
Aug 28 18:45:16 hearth quickshell[181612]:  DEBUG qt.scenegraph.time.renderloop: [window 0x7fa09af9dc70][gui thread] Frame prepared, polish=0 ms, lock=0 ms, blockedForSync=0 ms, animations=0 ms
Aug 28 18:45:16 hearth quickshell[181612]:  DEBUG qt.scenegraph.time.renderer: time in renderer: total=0ms, preprocess=0, updates=0, rendering=0
Aug 28 18:45:16 hearth quickshell[181612]:  DEBUG qt.scenegraph.time.renderloop: [window 0x7fa09e00ec60][gui thread] polishAndSync: start, elapsed since last call: 16 ms
Aug 28 18:45:16 hearth quickshell[181612]:  DEBUG qt.scenegraph.time.renderloop: [window 0x7fa09af9dc70][render thread 0x7fa09c607420] syncAndRender: frame rendered in 16ms, sync=0, render=0, swap=16
Aug 28 18:45:16 hearth quickshell[181612]:  DEBUG qt.scenegraph.time.renderloop: [window 0x7fa09e00ec60][render thread 0x7fa09c606e00] syncAndRender: start, elapsed since last call: 16 ms
Aug 28 18:45:16 hearth quickshell[181612]:  DEBUG qt.scenegraph.time.renderer: time in renderer: total=0ms, preprocess=0, updates=0, rendering=0
Aug 28 18:45:16 hearth quickshell[181612]:  DEBUG qt.scenegraph.time.renderloop: [window 0x7fa09e00ec60][gui thread] Frame prepared, polish=0 ms, lock=0 ms, blockedForSync=0 ms, animations=0 ms
Aug 28 18:45:16 hearth quickshell[181612]:  DEBUG qt.scenegraph.time.renderloop: [window 0x7fa09af9dc70][gui thread] polishAndSync: start, elapsed since last call: 16 ms
Aug 28 18:45:16 hearth quickshell[181612]:  DEBUG qt.scenegraph.time.renderloop: [window 0x7fa09af9dc70][render thread 0x7fa09c607420] syncAndRender: start, elapsed since last call: 16 ms
Aug 28 18:45:16 hearth quickshell[181612]:  DEBUG qt.scenegraph.time.renderloop: [window 0x7fa09e00ec60][render thread 0x7fa09c606e00] syncAndRender: frame rendered in 0ms, sync=0, render=0, swap=0
Aug 28 18:45:16 hearth quickshell[181612]:  DEBUG qt.scenegraph.time.renderloop: [window 0x7fa09af9dc70][gui thread] Frame prepared, polish=0 ms, lock=0 ms, blockedForSync=0 ms, animations=0 ms
Aug 28 18:45:16 hearth quickshell[181612]:  DEBUG qt.scenegraph.time.renderer: time in renderer: total=0ms, preprocess=0, updates=0, rendering=0
Aug 28 18:45:16 hearth quickshell[181612]:  DEBUG qt.scenegraph.time.renderloop: [window 0x7fa09e00ec60][gui thread] polishAndSync: start, elapsed since last call: 16 ms
Aug 28 18:45:16 hearth quickshell[181612]:  DEBUG qt.scenegraph.time.renderloop: [window 0x7fa09af9dc70][render thread 0x7fa09c607420] syncAndRender: frame rendered in 16ms, sync=0, render=0, swap=15
Aug 28 18:45:16 hearth quickshell[181612]:  DEBUG qt.scenegraph.time.renderloop: [window 0x7fa09e00ec60][render thread 0x7fa09c606e00] syncAndRender: start, elapsed since last call: 16 ms
Aug 28 18:45:16 hearth quickshell[181612]:  DEBUG qt.scenegraph.time.renderloop: [window 0x7fa09e00ec60][gui thread] Frame prepared, polish=0 ms, lock=0 ms, blockedForSync=0 ms, animations=0 ms
Aug 28 18:45:16 hearth quickshell[181612]:  DEBUG qt.scenegraph.time.renderer: time in renderer: total=0ms, preprocess=0, updates=0, rendering=0
Aug 28 18:45:16 hearth quickshell[181612]:  DEBUG qt.scenegraph.time.renderloop: [window 0x7fa09af9dc70][gui thread] polishAndSync: start, elapsed since last call: 16 ms
Aug 28 18:45:16 hearth quickshell[181612]:  DEBUG qt.scenegraph.time.renderloop: [window 0x7fa09af9dc70][render thread 0x7fa09c607420] syncAndRender: start, elapsed since last call: 16 ms
Aug 28 18:45:16 hearth quickshell[181612]:  DEBUG qt.scenegraph.time.renderloop: [window 0x7fa09e00ec60][render thread 0x7fa09c606e00] syncAndRender: frame rendered in 0ms, sync=0, render=0, swap=0
Aug 28 18:45:16 hearth quickshell[181612]:  DEBUG qt.scenegraph.time.renderloop: [window 0x7fa09af9dc70][gui thread] Frame prepared, polish=0 ms, lock=0 ms, blockedForSync=0 ms, animations=0 ms
Aug 28 18:45:16 hearth quickshell[181612]:  DEBUG qt.scenegraph.time.renderer: time in renderer: total=0ms, preprocess=0, updates=0, rendering=0
Aug 28 18:45:16 hearth quickshell[181612]:  DEBUG qt.scenegraph.time.renderloop: [window 0x7fa09e00ec60][gui thread] polishAndSync: start, elapsed since last call: 16 ms
Aug 28 18:45:16 hearth quickshell[181612]:  DEBUG qt.scenegraph.time.renderloop: [window 0x7fa09af9dc70][render thread 0x7fa09c607420] syncAndRender: frame rendered in 16ms, sync=0, render=0, swap=16
Aug 28 18:45:16 hearth quickshell[181612]:  DEBUG qt.scenegraph.time.renderloop: [window 0x7fa09e00ec60][render thread 0x7fa09c606e00] syncAndRender: start, elapsed since last call: 16 ms
Aug 28 18:45:16 hearth quickshell[181612]:  DEBUG qt.scenegraph.time.renderloop: [window 0x7fa09e00ec60][gui thread] Frame prepared, polish=0 ms, lock=0 ms, blockedForSync=0 ms, animations=0 ms
Aug 28 18:45:16 hearth quickshell[181612]:  DEBUG qt.scenegraph.time.renderer: time in renderer: total=0ms, preprocess=0, updates=0, rendering=0
Aug 28 18:45:16 hearth quickshell[181612]:  DEBUG qt.scenegraph.time.renderloop: [window 0x7fa09af9dc70][gui thread] polishAndSync: start, elapsed since last call: 16 ms
Aug 28 18:45:16 hearth quickshell[181612]:  DEBUG qt.scenegraph.time.renderloop: [window 0x7fa09af9dc70][render thread 0x7fa09c607420] syncAndRender: start, elapsed since last call: 16 ms
Aug 28 18:45:16 hearth quickshell[181612]:  DEBUG qt.scenegraph.time.renderloop: [window 0x7fa09e00ec60][render thread 0x7fa09c606e00] syncAndRender: frame rendered in 0ms, sync=0, render=0, swap=0
Aug 28 18:45:16 hearth quickshell[181612]:  DEBUG qt.scenegraph.time.renderloop: [window 0x7fa09af9dc70][gui thread] Frame prepared, polish=0 ms, lock=0 ms, blockedForSync=0 ms, animations=0 ms
Aug 28 18:45:16 hearth quickshell[181612]:  DEBUG qt.scenegraph.time.renderer: time in renderer: total=0ms, preprocess=0, updates=0, rendering=0
Aug 28 18:45:16 hearth quickshell[181612]:  DEBUG qt.scenegraph.time.renderloop: [window 0x7fa09af9dc70][render thread 0x7fa09c607420] syncAndRender: frame rendered in 16ms, sync=0, render=0, swap=16
Aug 28 18:45:16 hearth quickshell[181612]:  DEBUG qt.scenegraph.time.renderloop: [window 0x7fa09e00ec60][gui thread] polishAndSync: start, elapsed since last call: 16 ms
Aug 28 18:45:16 hearth quickshell[181612]:  DEBUG qt.scenegraph.time.renderloop: [window 0x7fa09e00ec60][render thread 0x7fa09c606e00] syncAndRender: start, elapsed since last call: 16 ms
Aug 28 18:45:16 hearth quickshell[181612]:  DEBUG qt.scenegraph.time.renderloop: [window 0x7fa09e00ec60][gui thread] Frame prepared, polish=0 ms, lock=0 ms, blockedForSync=0 ms, animations=0 ms
Aug 28 18:45:16 hearth quickshell[181612]:  DEBUG qt.scenegraph.time.renderer: time in renderer: total=0ms, preprocess=0, updates=0, rendering=0
Aug 28 18:45:16 hearth quickshell[181612]:  DEBUG qt.scenegraph.time.renderloop: [window 0x7fa09af9dc70][gui thread] polishAndSync: start, elapsed since last call: 16 ms
Aug 28 18:45:16 hearth quickshell[181612]:  DEBUG qt.scenegraph.time.renderloop: [window 0x7fa09e00ec60][render thread 0x7fa09c606e00] syncAndRender: frame rendered in 0ms, sync=0, render=0, swap=0
Aug 28 18:45:16 hearth quickshell[181612]:  DEBUG qt.scenegraph.time.renderloop: [window 0x7fa09af9dc70][render thread 0x7fa09c607420] syncAndRender: start, elapsed since last call: 17 ms
Aug 28 18:45:16 hearth quickshell[181612]:  DEBUG qt.scenegraph.time.renderloop: [window 0x7fa09af9dc70][gui thread] Frame prepared, polish=0 ms, lock=0 ms, blockedForSync=0 ms, animations=0 ms
Aug 28 18:45:16 hearth quickshell[181612]:  DEBUG qt.scenegraph.time.renderer: time in renderer: total=0ms, preprocess=0, updates=0, rendering=0
Aug 28 18:45:16 hearth quickshell[181612]:  DEBUG qt.scenegraph.time.renderloop: [window 0x7fa09e00ec60][gui thread] polishAndSync: start, elapsed since last call: 16 ms
Aug 28 18:45:16 hearth quickshell[181612]:  DEBUG qt.scenegraph.time.renderloop: [window 0x7fa09af9dc70][render thread 0x7fa09c607420] syncAndRender: frame rendered in 16ms, sync=0, render=0, swap=15
Aug 28 18:45:16 hearth quickshell[181612]:  DEBUG qt.scenegraph.time.renderloop: [window 0x7fa09e00ec60][render thread 0x7fa09c606e00] syncAndRender: start, elapsed since last call: 16 ms
Aug 28 18:45:16 hearth quickshell[181612]:  DEBUG qt.scenegraph.time.renderloop: [window 0x7fa09e00ec60][gui thread] Frame prepared, polish=0 ms, lock=0 ms, blockedForSync=0 ms, animations=0 ms
Aug 28 18:45:16 hearth quickshell[181612]:  DEBUG qt.scenegraph.time.renderloop: [window 0x7fa09af9dc70][gui thread] polishAndSync: start, elapsed since last call: 16 ms
Aug 28 18:45:16 hearth quickshell[181612]:  DEBUG qt.scenegraph.time.renderloop: [window 0x7fa09af9dc70][render thread 0x7fa09c607420] syncAndRender: start, elapsed since last call: 16 ms
Aug 28 18:45:16 hearth quickshell[181612]:  DEBUG qt.scenegraph.time.renderer: time in renderer: total=0ms, preprocess=0, updates=0, rendering=0
Aug 28 18:45:16 hearth quickshell[181612]:  DEBUG qt.scenegraph.time.renderloop: [window 0x7fa09e00ec60][render thread 0x7fa09c606e00] syncAndRender: frame rendered in 0ms, sync=0, render=0, swap=0
Aug 28 18:45:16 hearth quickshell[181612]:  DEBUG qt.scenegraph.time.renderloop: [window 0x7fa09af9dc70][gui thread] Frame prepared, polish=0 ms, lock=0 ms, blockedForSync=0 ms, animations=0 ms
Aug 28 18:45:16 hearth quickshell[181612]:  DEBUG qt.scenegraph.time.renderer: time in renderer: total=0ms, preprocess=0, updates=0, rendering=0
Aug 28 18:45:16 hearth quickshell[181612]:  DEBUG qt.scenegraph.time.renderloop: [window 0x7fa09e00ec60][gui thread] polishAndSync: start, elapsed since last call: 16 ms
Aug 28 18:45:16 hearth quickshell[181612]:  DEBUG qt.scenegraph.time.renderloop: [window 0x7fa09af9dc70][render thread 0x7fa09c607420] syncAndRender: frame rendered in 16ms, sync=0, render=0, swap=16
Aug 28 18:45:16 hearth quickshell[181612]:  DEBUG qt.scenegraph.time.renderloop: [window 0x7fa09e00ec60][render thread 0x7fa09c606e00] syncAndRender: start, elapsed since last call: 16 ms
Aug 28 18:45:16 hearth quickshell[181612]:  DEBUG qt.scenegraph.time.renderloop: [window 0x7fa09e00ec60][gui thread] Frame prepared, polish=0 ms, lock=0 ms, blockedForSync=0 ms, animations=0 ms
Aug 28 18:45:16 hearth quickshell[181612]:  DEBUG qt.scenegraph.time.renderer: time in renderer: total=0ms, preprocess=0, updates=0, rendering=0
Aug 28 18:45:16 hearth quickshell[181612]:  DEBUG qt.scenegraph.time.renderloop: [window 0x7fa09af9dc70][gui thread] polishAndSync: start, elapsed since last call: 16 ms
Aug 28 18:45:16 hearth quickshell[181612]:  DEBUG qt.scenegraph.time.renderloop: [window 0x7fa09af9dc70][render thread 0x7fa09c607420] syncAndRender: start, elapsed since last call: 16 ms
Aug 28 18:45:16 hearth quickshell[181612]:  DEBUG qt.scenegraph.time.renderloop: [window 0x7fa09e00ec60][render thread 0x7fa09c606e00] syncAndRender: frame rendered in 0ms, sync=0, render=0, swap=0
Aug 28 18:45:16 hearth quickshell[181612]:  DEBUG qt.scenegraph.time.renderloop: [window 0x7fa09af9dc70][gui thread] Frame prepared, polish=0 ms, lock=0 ms, blockedForSync=0 ms, animations=0 ms
Aug 28 18:45:16 hearth quickshell[181612]:  DEBUG qt.scenegraph.time.renderer: time in renderer: total=0ms, preprocess=0, updates=0, rendering=0
Aug 28 18:45:16 hearth quickshell[181612]:  DEBUG qt.scenegraph.time.renderloop: [window 0x7fa09e00ec60][gui thread] polishAndSync: start, elapsed since last call: 16 ms
Aug 28 18:45:16 hearth quickshell[181612]:  DEBUG qt.scenegraph.time.renderloop: [window 0x7fa09af9dc70][render thread 0x7fa09c607420] syncAndRender: frame rendered in 16ms, sync=0, render=0, swap=16
Aug 28 18:45:16 hearth quickshell[181612]:  DEBUG qt.scenegraph.time.renderloop: [window 0x7fa09e00ec60][render thread 0x7fa09c606e00] syncAndRender: start, elapsed since last call: 16 ms
Aug 28 18:45:16 hearth quickshell[181612]:  DEBUG qt.scenegraph.time.renderloop: [window 0x7fa09e00ec60][gui thread] Frame prepared, polish=0 ms, lock=0 ms, blockedForSync=0 ms, animations=0 ms
Aug 28 18:45:16 hearth quickshell[181612]:  DEBUG qt.scenegraph.time.renderloop: [window 0x7fa09af9dc70][gui thread] polishAndSync: start, elapsed since last call: 16 ms
Aug 28 18:45:16 hearth quickshell[181612]:  DEBUG qt.scenegraph.time.renderer: time in renderer: total=0ms, preprocess=0, updates=0, rendering=0
Aug 28 18:45:16 hearth quickshell[181612]:  DEBUG qt.scenegraph.time.renderloop: [window 0x7fa09af9dc70][render thread 0x7fa09c607420] syncAndRender: start, elapsed since last call: 16 ms
Aug 28 18:45:16 hearth quickshell[181612]:  DEBUG qt.scenegraph.time.renderloop: [window 0x7fa09e00ec60][render thread 0x7fa09c606e00] syncAndRender: frame rendered in 0ms, sync=0, render=0, swap=0
Aug 28 18:45:16 hearth quickshell[181612]:  DEBUG qt.scenegraph.time.renderloop: [window 0x7fa09af9dc70][gui thread] Frame prepared, polish=0 ms, lock=0 ms, blockedForSync=0 ms, animations=0 ms
Aug 28 18:45:16 hearth quickshell[181612]:  DEBUG qt.scenegraph.time.renderer: time in renderer: total=0ms, preprocess=0, updates=0, rendering=0
Aug 28 18:45:16 hearth quickshell[181612]:  DEBUG qt.scenegraph.time.renderloop: [window 0x7fa09e00ec60][gui thread] polishAndSync: start, elapsed since last call: 16 ms
Aug 28 18:45:16 hearth quickshell[181612]:  DEBUG qt.scenegraph.time.renderloop: [window 0x7fa09af9dc70][render thread 0x7fa09c607420] syncAndRender: frame rendered in 16ms, sync=0, render=0, swap=16
Aug 28 18:45:16 hearth quickshell[181612]:  DEBUG qt.scenegraph.time.renderloop: [window 0x7fa09e00ec60][render thread 0x7fa09c606e00] syncAndRender: start, elapsed since last call: 16 ms
Aug 28 18:45:16 hearth quickshell[181612]:  DEBUG qt.scenegraph.time.renderer: time in renderer: total=0ms, preprocess=0, updates=0, rendering=0
Aug 28 18:45:16 hearth quickshell[181612]:  DEBUG qt.scenegraph.time.renderloop: [window 0x7fa09e00ec60][gui thread] Frame prepared, polish=0 ms, lock=0 ms, blockedForSync=0 ms, animations=0 ms
Aug 28 18:45:16 hearth quickshell[181612]:  DEBUG qt.scenegraph.time.renderloop: [window 0x7fa09af9dc70][gui thread] polishAndSync: start, elapsed since last call: 16 ms
Aug 28 18:45:16 hearth quickshell[181612]:  DEBUG qt.scenegraph.time.renderloop: [window 0x7fa09af9dc70][render thread 0x7fa09c607420] syncAndRender: start, elapsed since last call: 16 ms
Aug 28 18:45:16 hearth quickshell[181612]:  DEBUG qt.scenegraph.time.renderloop: [window 0x7fa09e00ec60][render thread 0x7fa09c606e00] syncAndRender: frame rendered in 0ms, sync=0, render=0, swap=0
Aug 28 18:45:16 hearth quickshell[181612]:  DEBUG qt.scenegraph.time.renderloop: [window 0x7fa09af9dc70][gui thread] Frame prepared, polish=0 ms, lock=0 ms, blockedForSync=0 ms, animations=0 ms
Aug 28 18:45:16 hearth quickshell[181612]:  DEBUG qt.scenegraph.time.renderer: time in renderer: total=0ms, preprocess=0, updates=0, rendering=0
Aug 28 18:45:16 hearth quickshell[181612]:  DEBUG qt.scenegraph.time.renderloop: [window 0x7fa09e00ec60][gui thread] polishAndSync: start, elapsed since last call: 16 ms
Aug 28 18:45:16 hearth quickshell[181612]:  DEBUG qt.scenegraph.time.renderloop: [window 0x7fa09af9dc70][render thread 0x7fa09c607420] syncAndRender: frame rendered in 16ms, sync=0, render=0, swap=16
Aug 28 18:45:16 hearth quickshell[181612]:  DEBUG qt.scenegraph.time.renderloop: [window 0x7fa09e00ec60][render thread 0x7fa09c606e00] syncAndRender: start, elapsed since last call: 16 ms
Aug 28 18:45:16 hearth quickshell[181612]:  DEBUG qt.scenegraph.time.renderer: time in renderer: total=0ms, preprocess=0, updates=0, rendering=0
Aug 28 18:45:16 hearth quickshell[181612]:  DEBUG qt.scenegraph.time.renderloop: [window 0x7fa09e00ec60][gui thread] Frame prepared, polish=0 ms, lock=0 ms, blockedForSync=0 ms, animations=0 ms
Aug 28 18:45:16 hearth quickshell[181612]:  DEBUG qt.scenegraph.time.renderloop: [window 0x7fa09af9dc70][gui thread] polishAndSync: start, elapsed since last call: 16 ms
Aug 28 18:45:16 hearth quickshell[181612]:  DEBUG qt.scenegraph.time.renderloop: [window 0x7fa09e00ec60][render thread 0x7fa09c606e00] syncAndRender: frame rendered in 0ms, sync=0, render=0, swap=0
Aug 28 18:45:16 hearth quickshell[181612]:  DEBUG qt.scenegraph.time.renderloop: [window 0x7fa09af9dc70][render thread 0x7fa09c607420] syncAndRender: start, elapsed since last call: 16 ms
Aug 28 18:45:16 hearth quickshell[181612]:  DEBUG qt.scenegraph.time.renderloop: [window 0x7fa09af9dc70][gui thread] Frame prepared, polish=0 ms, lock=0 ms, blockedForSync=0 ms, animations=0 ms
Aug 28 18:45:16 hearth quickshell[181612]:  DEBUG qt.scenegraph.time.renderer: time in renderer: total=0ms, preprocess=0, updates=0, rendering=0
Aug 28 18:45:16 hearth quickshell[181612]:  DEBUG qt.scenegraph.time.renderloop: [window 0x7fa09e00ec60][gui thread] polishAndSync: start, elapsed since last call: 16 ms
Aug 28 18:45:16 hearth quickshell[181612]:  DEBUG qt.scenegraph.time.renderloop: [window 0x7fa09af9dc70][render thread 0x7fa09c607420] syncAndRender: frame rendered in 16ms, sync=0, render=0, swap=16
Aug 28 18:45:16 hearth quickshell[181612]:  DEBUG qt.scenegraph.time.renderloop: [window 0x7fa09e00ec60][render thread 0x7fa09c606e00] syncAndRender: start, elapsed since last call: 16 ms
Aug 28 18:45:16 hearth quickshell[181612]:  DEBUG qt.scenegraph.time.renderer: time in renderer: total=0ms, preprocess=0, updates=0, rendering=0
Aug 28 18:45:16 hearth quickshell[181612]:  DEBUG qt.scenegraph.time.renderloop: [window 0x7fa09e00ec60][gui thread] Frame prepared, polish=0 ms, lock=0 ms, blockedForSync=0 ms, animations=0 ms
Aug 28 18:45:16 hearth quickshell[181612]:  DEBUG qt.scenegraph.time.renderloop: [window 0x7fa09e00ec60][render thread 0x7fa09c606e00] syncAndRender: frame rendered in 0ms, sync=0, render=0, swap=0
Aug 28 18:45:16 hearth quickshell[181612]:  DEBUG qt.scenegraph.time.renderloop: [window 0x7fa09af9dc70][gui thread] polishAndSync: start, elapsed since last call: 16 ms
Aug 28 18:45:16 hearth quickshell[181612]:  DEBUG qt.scenegraph.time.renderloop: [window 0x7fa09af9dc70][render thread 0x7fa09c607420] syncAndRender: start, elapsed since last call: 16 ms
Aug 28 18:45:16 hearth quickshell[181612]:  DEBUG qt.scenegraph.time.renderloop: [window 0x7fa09af9dc70][gui thread] Frame prepared, polish=0 ms, lock=0 ms, blockedForSync=0 ms, animations=0 ms
Aug 28 18:45:16 hearth quickshell[181612]:  DEBUG qt.scenegraph.time.renderer: time in renderer: total=0ms, preprocess=0, updates=0, rendering=0
Aug 28 18:45:16 hearth quickshell[181612]:  DEBUG qt.scenegraph.time.renderloop: [window 0x7fa09e00ec60][gui thread] polishAndSync: start, elapsed since last call: 16 ms
Aug 28 18:45:16 hearth quickshell[181612]:  DEBUG qt.scenegraph.time.renderloop: [window 0x7fa09af9dc70][render thread 0x7fa09c607420] syncAndRender: frame rendered in 16ms, sync=0, render=0, swap=15
Aug 28 18:45:16 hearth quickshell[181612]:  DEBUG qt.scenegraph.time.renderloop: [window 0x7fa09e00ec60][render thread 0x7fa09c606e00] syncAndRender: start, elapsed since last call: 16 ms
Aug 28 18:45:16 hearth quickshell[181612]:  DEBUG qt.scenegraph.time.renderloop: [window 0x7fa09e00ec60][gui thread] Frame prepared, polish=0 ms, lock=0 ms, blockedForSync=0 ms, animations=0 ms
Aug 28 18:45:16 hearth quickshell[181612]:  DEBUG qt.scenegraph.time.renderer: time in renderer: total=0ms, preprocess=0, updates=0, rendering=0
Aug 28 18:45:16 hearth quickshell[181612]:  DEBUG qt.scenegraph.time.renderloop: [window 0x7fa09af9dc70][gui thread] polishAndSync: start, elapsed since last call: 16 ms
Aug 28 18:45:16 hearth quickshell[181612]:  DEBUG qt.scenegraph.time.renderloop: [window 0x7fa09af9dc70][render thread 0x7fa09c607420] syncAndRender: start, elapsed since last call: 16 ms
Aug 28 18:45:16 hearth quickshell[181612]:  DEBUG qt.scenegraph.time.renderloop: [window 0x7fa09e00ec60][render thread 0x7fa09c606e00] syncAndRender: frame rendered in 0ms, sync=0, render=0, swap=0
Aug 28 18:45:16 hearth quickshell[181612]:  DEBUG qt.scenegraph.time.renderloop: [window 0x7fa09af9dc70][gui thread] Frame prepared, polish=0 ms, lock=0 ms, blockedForSync=0 ms, animations=0 ms
Aug 28 18:45:16 hearth quickshell[181612]:  DEBUG qt.scenegraph.time.renderer: time in renderer: total=0ms, preprocess=0, updates=0, rendering=0
Aug 28 18:45:16 hearth quickshell[181612]:  DEBUG qt.scenegraph.time.renderloop: [window 0x7fa09e00ec60][gui thread] polishAndSync: start, elapsed since last call: 16 ms
Aug 28 18:45:16 hearth quickshell[181612]:  DEBUG qt.scenegraph.time.renderloop: [window 0x7fa09af9dc70][render thread 0x7fa09c607420] syncAndRender: frame rendered in 16ms, sync=0, render=0, swap=16
Aug 28 18:45:16 hearth quickshell[181612]:  DEBUG qt.scenegraph.time.renderloop: [window 0x7fa09e00ec60][render thread 0x7fa09c606e00] syncAndRender: start, elapsed since last call: 16 ms
Aug 28 18:45:16 hearth quickshell[181612]:  DEBUG qt.scenegraph.time.renderer: time in renderer: total=0ms, preprocess=0, updates=0, rendering=0
Aug 28 18:45:16 hearth quickshell[181612]:  DEBUG qt.scenegraph.time.renderloop: [window 0x7fa09e00ec60][gui thread] Frame prepared, polish=0 ms, lock=0 ms, blockedForSync=0 ms, animations=0 ms
Aug 28 18:45:16 hearth quickshell[181612]:  DEBUG qt.scenegraph.time.renderloop: [window 0x7fa09af9dc70][gui thread] polishAndSync: start, elapsed since last call: 16 ms
Aug 28 18:45:16 hearth quickshell[181612]:  DEBUG qt.scenegraph.time.renderloop: [window 0x7fa09af9dc70][render thread 0x7fa09c607420] syncAndRender: start, elapsed since last call: 16 ms
Aug 28 18:45:16 hearth quickshell[181612]:  DEBUG qt.scenegraph.time.renderloop: [window 0x7fa09e00ec60][render thread 0x7fa09c606e00] syncAndRender: frame rendered in 0ms, sync=0, render=0, swap=0
Aug 28 18:45:16 hearth quickshell[181612]:  DEBUG qt.scenegraph.time.renderloop: [window 0x7fa09af9dc70][gui thread] Frame prepared, polish=0 ms, lock=0 ms, blockedForSync=0 ms, animations=0 ms
Aug 28 18:45:16 hearth quickshell[181612]:  DEBUG qt.scenegraph.time.renderer: time in renderer: total=0ms, preprocess=0, updates=0, rendering=0
Aug 28 18:45:16 hearth quickshell[181612]:  DEBUG qt.scenegraph.time.renderloop: [window 0x7fa09e00ec60][gui thread] polishAndSync: start, elapsed since last call: 16 ms
Aug 28 18:45:16 hearth quickshell[181612]:  DEBUG qt.scenegraph.time.renderloop: [window 0x7fa09af9dc70][render thread 0x7fa09c607420] syncAndRender: frame rendered in 16ms, sync=0, render=0, swap=16
Aug 28 18:45:16 hearth quickshell[181612]:  DEBUG qt.scenegraph.time.renderloop: [window 0x7fa09e00ec60][render thread 0x7fa09c606e00] syncAndRender: start, elapsed since last call: 16 ms
Aug 28 18:45:16 hearth quickshell[181612]:  DEBUG qt.scenegraph.time.renderer: time in renderer: total=0ms, preprocess=0, updates=0, rendering=0
Aug 28 18:45:16 hearth quickshell[181612]:  DEBUG qt.scenegraph.time.renderloop: [window 0x7fa09e00ec60][gui thread] Frame prepared, polish=0 ms, lock=0 ms, blockedForSync=0 ms, animations=0 ms
Aug 28 18:45:16 hearth quickshell[181612]:  DEBUG qt.scenegraph.time.renderloop: [window 0x7fa09af9dc70][gui thread] polishAndSync: start, elapsed since last call: 16 ms
Aug 28 18:45:16 hearth quickshell[181612]:  DEBUG qt.scenegraph.time.renderloop: [window 0x7fa09af9dc70][render thread 0x7fa09c607420] syncAndRender: start, elapsed since last call: 16 ms
Aug 28 18:45:16 hearth quickshell[181612]:  DEBUG qt.scenegraph.time.renderloop: [window 0x7fa09e00ec60][render thread 0x7fa09c606e00] syncAndRender: frame rendered in 0ms, sync=0, render=0, swap=0
Aug 28 18:45:16 hearth quickshell[181612]:  DEBUG qt.scenegraph.time.renderloop: [window 0x7fa09af9dc70][gui thread] Frame prepared, polish=0 ms, lock=0 ms, blockedForSync=0 ms, animations=0 ms
Aug 28 18:45:16 hearth quickshell[181612]:  DEBUG qt.scenegraph.time.renderer: time in renderer: total=0ms, preprocess=0, updates=0, rendering=0
Aug 28 18:45:16 hearth quickshell[181612]:  DEBUG qt.scenegraph.time.renderloop: [window 0x7fa09af9dc70][render thread 0x7fa09c607420] syncAndRender: frame rendered in 16ms, sync=0, render=0, swap=16
Aug 28 18:45:16 hearth quickshell[181612]:  DEBUG qt.scenegraph.time.renderloop: [window 0x7fa09e00ec60][gui thread] polishAndSync: start, elapsed since last call: 17 ms
Aug 28 18:45:16 hearth quickshell[181612]:  DEBUG qt.scenegraph.time.renderloop: [window 0x7fa09e00ec60][render thread 0x7fa09c606e00] syncAndRender: start, elapsed since last call: 17 ms
Aug 28 18:45:16 hearth quickshell[181612]:  DEBUG qt.scenegraph.time.renderer: time in renderer: total=0ms, preprocess=0, updates=0, rendering=0
Aug 28 18:45:16 hearth quickshell[181612]:  DEBUG qt.scenegraph.time.renderloop: [window 0x7fa09e00ec60][gui thread] Frame prepared, polish=0 ms, lock=0 ms, blockedForSync=0 ms, animations=0 ms
Aug 28 18:45:16 hearth quickshell[181612]:  DEBUG qt.scenegraph.time.renderloop: [window 0x7fa09af9dc70][gui thread] polishAndSync: start, elapsed since last call: 17 ms
Aug 28 18:45:16 hearth quickshell[181612]:  DEBUG qt.scenegraph.time.renderloop: [window 0x7fa09af9dc70][render thread 0x7fa09c607420] syncAndRender: start, elapsed since last call: 17 ms
Aug 28 18:45:16 hearth quickshell[181612]:  DEBUG qt.scenegraph.time.renderloop: [window 0x7fa09e00ec60][render thread 0x7fa09c606e00] syncAndRender: frame rendered in 0ms, sync=0, render=0, swap=0
Aug 28 18:45:16 hearth quickshell[181612]:  DEBUG qt.scenegraph.time.renderloop: [window 0x7fa09af9dc70][gui thread] Frame prepared, polish=0 ms, lock=0 ms, blockedForSync=0 ms, animations=0 ms
Aug 28 18:45:16 hearth quickshell[181612]:  DEBUG qt.scenegraph.time.renderer: time in renderer: total=0ms, preprocess=0, updates=0, rendering=0
Aug 28 18:45:16 hearth quickshell[181612]:  DEBUG qt.scenegraph.time.renderloop: [window 0x7fa09e00ec60][gui thread] polishAndSync: start, elapsed since last call: 16 ms
Aug 28 18:45:16 hearth quickshell[181612]:  DEBUG qt.scenegraph.time.renderloop: [window 0x7fa09af9dc70][render thread 0x7fa09c607420] syncAndRender: frame rendered in 15ms, sync=0, render=0, swap=15
Aug 28 18:45:16 hearth quickshell[181612]:  DEBUG qt.scenegraph.time.renderloop: [window 0x7fa09e00ec60][render thread 0x7fa09c606e00] syncAndRender: start, elapsed since last call: 16 ms
Aug 28 18:45:16 hearth quickshell[181612]:  DEBUG qt.scenegraph.time.renderloop: [window 0x7fa09e00ec60][gui thread] Frame prepared, polish=0 ms, lock=0 ms, blockedForSync=0 ms, animations=0 ms
Aug 28 18:45:16 hearth quickshell[181612]:  DEBUG qt.scenegraph.time.renderloop: [window 0x7fa09af9dc70][gui thread] polishAndSync: start, elapsed since last call: 16 ms
Aug 28 18:45:16 hearth quickshell[181612]:  DEBUG qt.scenegraph.time.renderer: time in renderer: total=0ms, preprocess=0, updates=0, rendering=0
Aug 28 18:45:16 hearth quickshell[181612]:  DEBUG qt.scenegraph.time.renderloop: [window 0x7fa09af9dc70][render thread 0x7fa09c607420] syncAndRender: start, elapsed since last call: 16 ms
Aug 28 18:45:16 hearth quickshell[181612]:  DEBUG qt.scenegraph.time.renderloop: [window 0x7fa09e00ec60][render thread 0x7fa09c606e00] syncAndRender: frame rendered in 0ms, sync=0, render=0, swap=0
Aug 28 18:45:16 hearth quickshell[181612]:  DEBUG qt.scenegraph.time.renderloop: [window 0x7fa09af9dc70][gui thread] Frame prepared, polish=0 ms, lock=0 ms, blockedForSync=0 ms, animations=0 ms
Aug 28 18:45:16 hearth quickshell[181612]:  DEBUG qt.scenegraph.time.renderer: time in renderer: total=0ms, preprocess=0, updates=0, rendering=0
Aug 28 18:45:16 hearth quickshell[181612]:  DEBUG qt.scenegraph.time.renderloop: [window 0x7fa09e00ec60][gui thread] polishAndSync: start, elapsed since last call: 16 ms
Aug 28 18:45:16 hearth quickshell[181612]:  DEBUG qt.scenegraph.time.renderloop: [window 0x7fa09af9dc70][render thread 0x7fa09c607420] syncAndRender: frame rendered in 16ms, sync=0, render=0, swap=15
Aug 28 18:45:16 hearth quickshell[181612]:  DEBUG qt.scenegraph.time.renderloop: [window 0x7fa09e00ec60][render thread 0x7fa09c606e00] syncAndRender: start, elapsed since last call: 16 ms
Aug 28 18:45:16 hearth quickshell[181612]:  DEBUG qt.scenegraph.time.renderer: time in renderer: total=0ms, preprocess=0, updates=0, rendering=0
Aug 28 18:45:16 hearth quickshell[181612]:  DEBUG qt.scenegraph.time.renderloop: [window 0x7fa09e00ec60][gui thread] Frame prepared, polish=0 ms, lock=0 ms, blockedForSync=0 ms, animations=0 ms
Aug 28 18:45:16 hearth quickshell[181612]:  DEBUG qt.scenegraph.time.renderloop: [window 0x7fa09af9dc70][gui thread] polishAndSync: start, elapsed since last call: 16 ms
Aug 28 18:45:16 hearth quickshell[181612]:  DEBUG qt.scenegraph.time.renderloop: [window 0x7fa09e00ec60][render thread 0x7fa09c606e00] syncAndRender: frame rendered in 0ms, sync=0, render=0, swap=0
Aug 28 18:45:16 hearth quickshell[181612]:  DEBUG qt.scenegraph.time.renderloop: [window 0x7fa09af9dc70][render thread 0x7fa09c607420] syncAndRender: start, elapsed since last call: 16 ms
Aug 28 18:45:16 hearth quickshell[181612]:  DEBUG qt.scenegraph.time.renderloop: [window 0x7fa09af9dc70][gui thread] Frame prepared, polish=0 ms, lock=0 ms, blockedForSync=0 ms, animations=0 ms
Aug 28 18:45:16 hearth quickshell[181612]:  DEBUG qt.scenegraph.time.renderer: time in renderer: total=0ms, preprocess=0, updates=0, rendering=0
Aug 28 18:45:16 hearth quickshell[181612]:  DEBUG qt.scenegraph.time.renderloop: [window 0x7fa09e00ec60][gui thread] polishAndSync: start, elapsed since last call: 16 ms
Aug 28 18:45:16 hearth quickshell[181612]:  DEBUG qt.scenegraph.time.renderloop: [window 0x7fa09af9dc70][render thread 0x7fa09c607420] syncAndRender: frame rendered in 16ms, sync=0, render=0, swap=16
Aug 28 18:45:16 hearth quickshell[181612]:  DEBUG qt.scenegraph.time.renderloop: [window 0x7fa09e00ec60][render thread 0x7fa09c606e00] syncAndRender: start, elapsed since last call: 16 ms
Aug 28 18:45:16 hearth quickshell[181612]:  DEBUG qt.scenegraph.time.renderloop: [window 0x7fa09e00ec60][gui thread] Frame prepared, polish=0 ms, lock=0 ms, blockedForSync=0 ms, animations=0 ms
Aug 28 18:45:16 hearth quickshell[181612]:  DEBUG qt.scenegraph.time.renderer: time in renderer: total=0ms, preprocess=0, updates=0, rendering=0
Aug 28 18:45:16 hearth quickshell[181612]:  DEBUG qt.scenegraph.time.renderloop: [window 0x7fa09af9dc70][gui thread] polishAndSync: start, elapsed since last call: 16 ms
Aug 28 18:45:16 hearth quickshell[181612]:  DEBUG qt.scenegraph.time.renderloop: [window 0x7fa09af9dc70][render thread 0x7fa09c607420] syncAndRender: start, elapsed since last call: 16 ms
Aug 28 18:45:16 hearth quickshell[181612]:  DEBUG qt.scenegraph.time.renderloop: [window 0x7fa09e00ec60][render thread 0x7fa09c606e00] syncAndRender: frame rendered in 0ms, sync=0, render=0, swap=0
Aug 28 18:45:16 hearth quickshell[181612]:  DEBUG qt.scenegraph.time.renderloop: [window 0x7fa09af9dc70][gui thread] Frame prepared, polish=0 ms, lock=0 ms, blockedForSync=0 ms, animations=0 ms
Aug 28 18:45:16 hearth quickshell[181612]:  DEBUG qt.scenegraph.time.renderer: time in renderer: total=0ms, preprocess=0, updates=0, rendering=0
Aug 28 18:45:16 hearth quickshell[181612]:  DEBUG qt.scenegraph.time.renderloop: [window 0x7fa09e00ec60][gui thread] polishAndSync: start, elapsed since last call: 16 ms
Aug 28 18:45:16 hearth quickshell[181612]:  DEBUG qt.scenegraph.time.renderloop: [window 0x7fa09af9dc70][render thread 0x7fa09c607420] syncAndRender: frame rendered in 16ms, sync=0, render=0, swap=16
Aug 28 18:45:16 hearth quickshell[181612]:  DEBUG qt.scenegraph.time.renderloop: [window 0x7fa09e00ec60][render thread 0x7fa09c606e00] syncAndRender: start, elapsed since last call: 16 ms
Aug 28 18:45:16 hearth quickshell[181612]:  DEBUG qt.scenegraph.time.renderer: time in renderer: total=0ms, preprocess=0, updates=0, rendering=0
Aug 28 18:45:16 hearth quickshell[181612]:  DEBUG qt.scenegraph.time.renderloop: [window 0x7fa09e00ec60][gui thread] Frame prepared, polish=0 ms, lock=0 ms, blockedForSync=0 ms, animations=0 ms
Aug 28 18:45:16 hearth quickshell[181612]:  DEBUG qt.scenegraph.time.renderloop: [window 0x7fa09af9dc70][gui thread] polishAndSync: start, elapsed since last call: 16 ms
Aug 28 18:45:16 hearth quickshell[181612]:  DEBUG qt.scenegraph.time.renderloop: [window 0x7fa09e00ec60][render thread 0x7fa09c606e00] syncAndRender: frame rendered in 0ms, sync=0, render=0, swap=0
Aug 28 18:45:16 hearth quickshell[181612]:  DEBUG qt.scenegraph.time.renderloop: [window 0x7fa09af9dc70][render thread 0x7fa09c607420] syncAndRender: start, elapsed since last call: 16 ms
Aug 28 18:45:16 hearth quickshell[181612]:  DEBUG qt.scenegraph.time.renderloop: [window 0x7fa09af9dc70][gui thread] Frame prepared, polish=0 ms, lock=0 ms, blockedForSync=0 ms, animations=0 ms
Aug 28 18:45:16 hearth quickshell[181612]:  DEBUG qt.scenegraph.time.renderer: time in renderer: total=0ms, preprocess=0, updates=0, rendering=0
Aug 28 18:45:17 hearth quickshell[181612]:  DEBUG qt.scenegraph.time.renderloop: [window 0x7fa09e00ec60][gui thread] polishAndSync: start, elapsed since last call: 16 ms
Aug 28 18:45:17 hearth quickshell[181612]:  DEBUG qt.scenegraph.time.renderloop: [window 0x7fa09af9dc70][render thread 0x7fa09c607420] syncAndRender: frame rendered in 16ms, sync=0, render=0, swap=16
Aug 28 18:45:17 hearth quickshell[181612]:  DEBUG qt.scenegraph.time.renderloop: [window 0x7fa09e00ec60][render thread 0x7fa09c606e00] syncAndRender: start, elapsed since last call: 16 ms
Aug 28 18:45:17 hearth quickshell[181612]:  DEBUG qt.scenegraph.time.renderer: time in renderer: total=0ms, preprocess=0, updates=0, rendering=0
Aug 28 18:45:17 hearth quickshell[181612]:  DEBUG qt.scenegraph.time.renderloop: [window 0x7fa09e00ec60][gui thread] Frame prepared, polish=0 ms, lock=0 ms, blockedForSync=0 ms, animations=0 ms
Aug 28 18:45:17 hearth quickshell[181612]:  DEBUG qt.scenegraph.time.renderloop: [window 0x7fa09af9dc70][gui thread] polishAndSync: start, elapsed since last call: 16 ms
Aug 28 18:45:17 hearth quickshell[181612]:  DEBUG qt.scenegraph.time.renderloop: [window 0x7fa09e00ec60][render thread 0x7fa09c606e00] syncAndRender: frame rendered in 0ms, sync=0, render=0, swap=0
Aug 28 18:45:17 hearth quickshell[181612]:  DEBUG qt.scenegraph.time.renderloop: [window 0x7fa09af9dc70][render thread 0x7fa09c607420] syncAndRender: start, elapsed since last call: 16 ms
Aug 28 18:45:17 hearth quickshell[181612]:  DEBUG qt.scenegraph.time.renderloop: [window 0x7fa09af9dc70][gui thread] Frame prepared, polish=0 ms, lock=0 ms, blockedForSync=0 ms, animations=0 ms
Aug 28 18:45:17 hearth quickshell[181612]:  DEBUG qt.scenegraph.time.renderer: time in renderer: total=0ms, preprocess=0, updates=0, rendering=0
Aug 28 18:45:17 hearth quickshell[181612]:  DEBUG qt.scenegraph.time.renderloop: [window 0x7fa09e00ec60][gui thread] polishAndSync: start, elapsed since last call: 16 ms
Aug 28 18:45:17 hearth quickshell[181612]:  DEBUG qt.scenegraph.time.renderloop: [window 0x7fa09af9dc70][render thread 0x7fa09c607420] syncAndRender: frame rendered in 16ms, sync=0, render=0, swap=16
Aug 28 18:45:17 hearth quickshell[181612]:  DEBUG qt.scenegraph.time.renderloop: [window 0x7fa09e00ec60][render thread 0x7fa09c606e00] syncAndRender: start, elapsed since last call: 16 ms
Aug 28 18:45:17 hearth quickshell[181612]:  DEBUG qt.scenegraph.time.renderloop: [window 0x7fa09e00ec60][gui thread] Frame prepared, polish=0 ms, lock=0 ms, blockedForSync=0 ms, animations=0 ms
Aug 28 18:45:17 hearth quickshell[181612]:  DEBUG qt.scenegraph.time.renderloop: [window 0x7fa09af9dc70][gui thread] polishAndSync: start, elapsed since last call: 16 ms
Aug 28 18:45:17 hearth quickshell[181612]:  DEBUG qt.scenegraph.time.renderer: time in renderer: total=0ms, preprocess=0, updates=0, rendering=0
Aug 28 18:45:17 hearth quickshell[181612]:  DEBUG qt.scenegraph.time.renderloop: [window 0x7fa09af9dc70][render thread 0x7fa09c607420] syncAndRender: start, elapsed since last call: 16 ms
Aug 28 18:45:17 hearth quickshell[181612]:  DEBUG qt.scenegraph.time.renderloop: [window 0x7fa09e00ec60][render thread 0x7fa09c606e00] syncAndRender: frame rendered in 0ms, sync=0, render=0, swap=0
Aug 28 18:45:17 hearth quickshell[181612]:  DEBUG qt.scenegraph.time.renderloop: [window 0x7fa09af9dc70][gui thread] Frame prepared, polish=0 ms, lock=0 ms, blockedForSync=0 ms, animations=0 ms
Aug 28 18:45:17 hearth quickshell[181612]:  DEBUG qt.scenegraph.time.renderer: time in renderer: total=0ms, preprocess=0, updates=0, rendering=0
Aug 28 18:45:17 hearth quickshell[181612]:  DEBUG qt.scenegraph.time.renderloop: [window 0x7fa09e00ec60][gui thread] polishAndSync: start, elapsed since last call: 16 ms
Aug 28 18:45:17 hearth quickshell[181612]:  DEBUG qt.scenegraph.time.renderloop: [window 0x7fa09af9dc70][render thread 0x7fa09c607420] syncAndRender: frame rendered in 16ms, sync=0, render=0, swap=16
Aug 28 18:45:17 hearth quickshell[181612]:  DEBUG qt.scenegraph.time.renderloop: [window 0x7fa09e00ec60][render thread 0x7fa09c606e00] syncAndRender: start, elapsed since last call: 16 ms
Aug 28 18:45:17 hearth quickshell[181612]:  DEBUG qt.scenegraph.time.renderloop: [window 0x7fa09e00ec60][gui thread] Frame prepared, polish=0 ms, lock=0 ms, blockedForSync=0 ms, animations=0 ms
Aug 28 18:45:17 hearth quickshell[181612]:  DEBUG qt.scenegraph.time.renderer: time in renderer: total=0ms, preprocess=0, updates=0, rendering=0
Aug 28 18:45:17 hearth quickshell[181612]:  DEBUG qt.scenegraph.time.renderloop: [window 0x7fa09af9dc70][gui thread] polishAndSync: start, elapsed since last call: 16 ms
Aug 28 18:45:17 hearth quickshell[181612]:  DEBUG qt.scenegraph.time.renderloop: [window 0x7fa09e00ec60][render thread 0x7fa09c606e00] syncAndRender: frame rendered in 0ms, sync=0, render=0, swap=0
Aug 28 18:45:17 hearth quickshell[181612]:  DEBUG qt.scenegraph.time.renderloop: [window 0x7fa09af9dc70][render thread 0x7fa09c607420] syncAndRender: start, elapsed since last call: 16 ms
Aug 28 18:45:17 hearth quickshell[181612]:  DEBUG qt.scenegraph.time.renderloop: [window 0x7fa09af9dc70][gui thread] Frame prepared, polish=0 ms, lock=0 ms, blockedForSync=0 ms, animations=0 ms
Aug 28 18:45:17 hearth quickshell[181612]:  DEBUG qt.scenegraph.time.renderer: time in renderer: total=0ms, preprocess=0, updates=0, rendering=0
Aug 28 18:45:17 hearth quickshell[181612]:  DEBUG qt.scenegraph.time.renderloop: [window 0x7fa09e00ec60][gui thread] polishAndSync: start, elapsed since last call: 16 ms
Aug 28 18:45:17 hearth quickshell[181612]:  DEBUG qt.scenegraph.time.renderloop: [window 0x7fa09af9dc70][render thread 0x7fa09c607420] syncAndRender: frame rendered in 16ms, sync=0, render=0, swap=15
Aug 28 18:45:17 hearth quickshell[181612]:  DEBUG qt.scenegraph.time.renderloop: [window 0x7fa09e00ec60][render thread 0x7fa09c606e00] syncAndRender: start, elapsed since last call: 16 ms
Aug 28 18:45:17 hearth quickshell[181612]:  DEBUG qt.scenegraph.time.renderloop: [window 0x7fa09e00ec60][gui thread] Frame prepared, polish=0 ms, lock=0 ms, blockedForSync=0 ms, animations=0 ms
Aug 28 18:45:17 hearth quickshell[181612]:  DEBUG qt.scenegraph.time.renderloop: [window 0x7fa09af9dc70][gui thread] polishAndSync: start, elapsed since last call: 16 ms
Aug 28 18:45:17 hearth quickshell[181612]:  DEBUG qt.scenegraph.time.renderer: time in renderer: total=0ms, preprocess=0, updates=0, rendering=0
Aug 28 18:45:17 hearth quickshell[181612]:  DEBUG qt.scenegraph.time.renderloop: [window 0x7fa09af9dc70][render thread 0x7fa09c607420] syncAndRender: start, elapsed since last call: 16 ms
Aug 28 18:45:17 hearth quickshell[181612]:  DEBUG qt.scenegraph.time.renderloop: [window 0x7fa09e00ec60][render thread 0x7fa09c606e00] syncAndRender: frame rendered in 0ms, sync=0, render=0, swap=0
Aug 28 18:45:17 hearth quickshell[181612]:  DEBUG qt.scenegraph.time.renderloop: [window 0x7fa09af9dc70][gui thread] Frame prepared, polish=0 ms, lock=0 ms, blockedForSync=0 ms, animations=0 ms
Aug 28 18:45:17 hearth quickshell[181612]:  DEBUG qt.scenegraph.time.renderer: time in renderer: total=0ms, preprocess=0, updates=0, rendering=0
Aug 28 18:45:17 hearth quickshell[181612]:  DEBUG qt.scenegraph.time.renderloop: [window 0x7fa09e00ec60][gui thread] polishAndSync: start, elapsed since last call: 16 ms
Aug 28 18:45:17 hearth quickshell[181612]:  DEBUG qt.scenegraph.time.renderloop: [window 0x7fa09af9dc70][render thread 0x7fa09c607420] syncAndRender: frame rendered in 16ms, sync=0, render=0, swap=16
Aug 28 18:45:17 hearth quickshell[181612]:  DEBUG qt.scenegraph.time.renderloop: [window 0x7fa09e00ec60][render thread 0x7fa09c606e00] syncAndRender: start, elapsed since last call: 16 ms
Aug 28 18:45:17 hearth quickshell[181612]:  DEBUG qt.scenegraph.time.renderloop: [window 0x7fa09e00ec60][gui thread] Frame prepared, polish=0 ms, lock=0 ms, blockedForSync=0 ms, animations=0 ms
Aug 28 18:45:17 hearth quickshell[181612]:  DEBUG qt.scenegraph.time.renderer: time in renderer: total=0ms, preprocess=0, updates=0, rendering=0
Aug 28 18:45:17 hearth quickshell[181612]:  DEBUG qt.scenegraph.time.renderloop: [window 0x7fa09af9dc70][gui thread] polishAndSync: start, elapsed since last call: 16 ms
Aug 28 18:45:17 hearth quickshell[181612]:  DEBUG qt.scenegraph.time.renderloop: [window 0x7fa09af9dc70][render thread 0x7fa09c607420] syncAndRender: start, elapsed since last call: 16 ms
Aug 28 18:45:17 hearth quickshell[181612]:  DEBUG qt.scenegraph.time.renderloop: [window 0x7fa09e00ec60][render thread 0x7fa09c606e00] syncAndRender: frame rendered in 0ms, sync=0, render=0, swap=0
Aug 28 18:45:17 hearth quickshell[181612]:  DEBUG qt.scenegraph.time.renderloop: [window 0x7fa09af9dc70][gui thread] Frame prepared, polish=0 ms, lock=0 ms, blockedForSync=0 ms, animations=0 ms
Aug 28 18:45:17 hearth quickshell[181612]:  DEBUG qt.scenegraph.time.renderer: time in renderer: total=0ms, preprocess=0, updates=0, rendering=0
Aug 28 18:45:17 hearth quickshell[181612]:  DEBUG qt.scenegraph.time.renderloop: [window 0x7fa09e00ec60][gui thread] polishAndSync: start, elapsed since last call: 16 ms
Aug 28 18:45:17 hearth quickshell[181612]:  DEBUG qt.scenegraph.time.renderloop: [window 0x7fa09af9dc70][render thread 0x7fa09c607420] syncAndRender: frame rendered in 16ms, sync=0, render=0, swap=16
Aug 28 18:45:17 hearth quickshell[181612]:  DEBUG qt.scenegraph.time.renderloop: [window 0x7fa09e00ec60][render thread 0x7fa09c606e00] syncAndRender: start, elapsed since last call: 16 ms
Aug 28 18:45:17 hearth quickshell[181612]:  DEBUG qt.scenegraph.time.renderer: time in renderer: total=0ms, preprocess=0, updates=0, rendering=0
Aug 28 18:45:17 hearth quickshell[181612]:  DEBUG qt.scenegraph.time.renderloop: [window 0x7fa09e00ec60][gui thread] Frame prepared, polish=0 ms, lock=0 ms, blockedForSync=0 ms, animations=0 ms
Aug 28 18:45:17 hearth quickshell[181612]:  DEBUG qt.scenegraph.time.renderloop: [window 0x7fa09af9dc70][gui thread] polishAndSync: start, elapsed since last call: 16 ms
Aug 28 18:45:17 hearth quickshell[181612]:  DEBUG qt.scenegraph.time.renderloop: [window 0x7fa09af9dc70][render thread 0x7fa09c607420] syncAndRender: start, elapsed since last call: 16 ms
Aug 28 18:45:17 hearth quickshell[181612]:  DEBUG qt.scenegraph.time.renderloop: [window 0x7fa09e00ec60][render thread 0x7fa09c606e00] syncAndRender: frame rendered in 0ms, sync=0, render=0, swap=0
Aug 28 18:45:17 hearth quickshell[181612]:  DEBUG qt.scenegraph.time.renderloop: [window 0x7fa09af9dc70][gui thread] Frame prepared, polish=0 ms, lock=0 ms, blockedForSync=0 ms, animations=0 ms
Aug 28 18:45:17 hearth quickshell[181612]:  DEBUG qt.scenegraph.time.renderer: time in renderer: total=0ms, preprocess=0, updates=0, rendering=0
Aug 28 18:45:17 hearth quickshell[181612]:  DEBUG qt.scenegraph.time.renderloop: [window 0x7fa09e00ec60][gui thread] polishAndSync: start, elapsed since last call: 16 ms
Aug 28 18:45:17 hearth quickshell[181612]:  DEBUG qt.scenegraph.time.renderloop: [window 0x7fa09af9dc70][render thread 0x7fa09c607420] syncAndRender: frame rendered in 16ms, sync=0, render=0, swap=16
Aug 28 18:45:17 hearth quickshell[181612]:  DEBUG qt.scenegraph.time.renderloop: [window 0x7fa09e00ec60][render thread 0x7fa09c606e00] syncAndRender: start, elapsed since last call: 16 ms
Aug 28 18:45:17 hearth quickshell[181612]:  DEBUG qt.scenegraph.time.renderloop: [window 0x7fa09e00ec60][gui thread] Frame prepared, polish=0 ms, lock=0 ms, blockedForSync=0 ms, animations=0 ms
Aug 28 18:45:17 hearth quickshell[181612]:  DEBUG qt.scenegraph.time.renderloop: [window 0x7fa09af9dc70][gui thread] polishAndSync: start, elapsed since last call: 16 ms
Aug 28 18:45:17 hearth quickshell[181612]:  DEBUG qt.scenegraph.time.renderer: time in renderer: total=0ms, preprocess=0, updates=0, rendering=0
Aug 28 18:45:17 hearth quickshell[181612]:  DEBUG qt.scenegraph.time.renderloop: [window 0x7fa09e00ec60][render thread 0x7fa09c606e00] syncAndRender: frame rendered in 0ms, sync=0, render=0, swap=0
Aug 28 18:45:17 hearth quickshell[181612]:  DEBUG qt.scenegraph.time.renderloop: [window 0x7fa09af9dc70][render thread 0x7fa09c607420] syncAndRender: start, elapsed since last call: 17 ms
Aug 28 18:45:17 hearth quickshell[181612]:  DEBUG qt.scenegraph.time.renderloop: [window 0x7fa09af9dc70][gui thread] Frame prepared, polish=0 ms, lock=0 ms, blockedForSync=0 ms, animations=0 ms
Aug 28 18:45:17 hearth quickshell[181612]:  DEBUG qt.scenegraph.time.renderer: time in renderer: total=0ms, preprocess=0, updates=0, rendering=0
Aug 28 18:45:17 hearth quickshell[181612]:  DEBUG qt.scenegraph.time.renderloop: [window 0x7fa09e00ec60][gui thread] polishAndSync: start, elapsed since last call: 16 ms
Aug 28 18:45:17 hearth quickshell[181612]:  DEBUG qt.scenegraph.time.renderloop: [window 0x7fa09af9dc70][render thread 0x7fa09c607420] syncAndRender: frame rendered in 16ms, sync=0, render=0, swap=15
Aug 28 18:45:17 hearth quickshell[181612]:  DEBUG qt.scenegraph.time.renderloop: [window 0x7fa09e00ec60][render thread 0x7fa09c606e00] syncAndRender: start, elapsed since last call: 16 ms
Aug 28 18:45:17 hearth quickshell[181612]:  DEBUG qt.scenegraph.time.renderer: time in renderer: total=0ms, preprocess=0, updates=0, rendering=0
Aug 28 18:45:17 hearth quickshell[181612]:  DEBUG qt.scenegraph.time.renderloop: [window 0x7fa09e00ec60][gui thread] Frame prepared, polish=0 ms, lock=0 ms, blockedForSync=0 ms, animations=0 ms
Aug 28 18:45:17 hearth quickshell[181612]:  DEBUG qt.scenegraph.time.renderloop: [window 0x7fa09af9dc70][gui thread] polishAndSync: start, elapsed since last call: 16 ms
Aug 28 18:45:17 hearth quickshell[181612]:  DEBUG qt.scenegraph.time.renderloop: [window 0x7fa09af9dc70][render thread 0x7fa09c607420] syncAndRender: start, elapsed since last call: 16 ms
Aug 28 18:45:17 hearth quickshell[181612]:  DEBUG qt.scenegraph.time.renderloop: [window 0x7fa09e00ec60][render thread 0x7fa09c606e00] syncAndRender: frame rendered in 0ms, sync=0, render=0, swap=0
Aug 28 18:45:17 hearth quickshell[181612]:  DEBUG qt.scenegraph.time.renderloop: [window 0x7fa09af9dc70][gui thread] Frame prepared, polish=0 ms, lock=0 ms, blockedForSync=0 ms, animations=0 ms
Aug 28 18:45:17 hearth quickshell[181612]:  DEBUG qt.scenegraph.time.renderer: time in renderer: total=0ms, preprocess=0, updates=0, rendering=0
Aug 28 18:45:17 hearth quickshell[181612]:  DEBUG qt.scenegraph.time.renderloop: [window 0x7fa09e00ec60][gui thread] polishAndSync: start, elapsed since last call: 16 ms
Aug 28 18:45:17 hearth quickshell[181612]:  DEBUG qt.scenegraph.time.renderloop: [window 0x7fa09af9dc70][render thread 0x7fa09c607420] syncAndRender: frame rendered in 16ms, sync=0, render=0, swap=16
Aug 28 18:45:17 hearth quickshell[181612]:  DEBUG qt.scenegraph.time.renderloop: [window 0x7fa09e00ec60][render thread 0x7fa09c606e00] syncAndRender: start, elapsed since last call: 16 ms
Aug 28 18:45:17 hearth quickshell[181612]:  DEBUG qt.scenegraph.time.renderloop: [window 0x7fa09e00ec60][gui thread] Frame prepared, polish=0 ms, lock=0 ms, blockedForSync=0 ms, animations=0 ms
Aug 28 18:45:17 hearth quickshell[181612]:  DEBUG qt.scenegraph.time.renderer: time in renderer: total=0ms, preprocess=0, updates=0, rendering=0
Aug 28 18:45:17 hearth quickshell[181612]:  DEBUG qt.scenegraph.time.renderloop: [window 0x7fa09af9dc70][gui thread] polishAndSync: start, elapsed since last call: 16 ms
Aug 28 18:45:17 hearth quickshell[181612]:  DEBUG qt.scenegraph.time.renderloop: [window 0x7fa09af9dc70][render thread 0x7fa09c607420] syncAndRender: start, elapsed since last call: 16 ms
Aug 28 18:45:17 hearth quickshell[181612]:  DEBUG qt.scenegraph.time.renderloop: [window 0x7fa09e00ec60][render thread 0x7fa09c606e00] syncAndRender: frame rendered in 0ms, sync=0, render=0, swap=0
Aug 28 18:45:17 hearth quickshell[181612]:  DEBUG qt.scenegraph.time.renderloop: [window 0x7fa09af9dc70][gui thread] Frame prepared, polish=0 ms, lock=0 ms, blockedForSync=0 ms, animations=0 ms
Aug 28 18:45:17 hearth quickshell[181612]:  DEBUG qt.scenegraph.time.renderer: time in renderer: total=0ms, preprocess=0, updates=0, rendering=0
Aug 28 18:45:17 hearth quickshell[181612]:  DEBUG qt.scenegraph.time.renderloop: [window 0x7fa09e00ec60][gui thread] polishAndSync: start, elapsed since last call: 16 ms
Aug 28 18:45:17 hearth quickshell[181612]:  DEBUG qt.scenegraph.time.renderloop: [window 0x7fa09af9dc70][render thread 0x7fa09c607420] syncAndRender: frame rendered in 16ms, sync=0, render=0, swap=16
Aug 28 18:45:17 hearth quickshell[181612]:  DEBUG qt.scenegraph.time.renderloop: [window 0x7fa09e00ec60][render thread 0x7fa09c606e00] syncAndRender: start, elapsed since last call: 16 ms
Aug 28 18:45:17 hearth quickshell[181612]:  DEBUG qt.scenegraph.time.renderer: time in renderer: total=0ms, preprocess=0, updates=0, rendering=0
Aug 28 18:45:17 hearth quickshell[181612]:  DEBUG qt.scenegraph.time.renderloop: [window 0x7fa09e00ec60][gui thread] Frame prepared, polish=0 ms, lock=0 ms, blockedForSync=0 ms, animations=0 ms
Aug 28 18:45:17 hearth quickshell[181612]:  DEBUG qt.scenegraph.time.renderloop: [window 0x7fa09e00ec60][render thread 0x7fa09c606e00] syncAndRender: frame rendered in 0ms, sync=0, render=0, swap=0
Aug 28 18:45:17 hearth quickshell[181612]:  DEBUG qt.scenegraph.time.renderloop: [window 0x7fa09af9dc70][gui thread] polishAndSync: start, elapsed since last call: 16 ms
Aug 28 18:45:17 hearth quickshell[181612]:  DEBUG qt.scenegraph.time.renderloop: [window 0x7fa09af9dc70][render thread 0x7fa09c607420] syncAndRender: start, elapsed since last call: 16 ms
Aug 28 18:45:17 hearth quickshell[181612]:  DEBUG qt.scenegraph.time.renderloop: [window 0x7fa09af9dc70][gui thread] Frame prepared, polish=0 ms, lock=0 ms, blockedForSync=0 ms, animations=0 ms
Aug 28 18:45:17 hearth quickshell[181612]:  DEBUG qt.scenegraph.time.renderer: time in renderer: total=0ms, preprocess=0, updates=0, rendering=0
Aug 28 18:45:17 hearth quickshell[181612]:  DEBUG qt.scenegraph.time.renderloop: [window 0x7fa09e00ec60][gui thread] polishAndSync: start, elapsed since last call: 16 ms
Aug 28 18:45:17 hearth quickshell[181612]:  DEBUG qt.scenegraph.time.renderloop: [window 0x7fa09af9dc70][render thread 0x7fa09c607420] syncAndRender: frame rendered in 16ms, sync=0, render=0, swap=16
Aug 28 18:45:17 hearth quickshell[181612]:  DEBUG qt.scenegraph.time.renderloop: [window 0x7fa09e00ec60][render thread 0x7fa09c606e00] syncAndRender: start, elapsed since last call: 16 ms
Aug 28 18:45:17 hearth quickshell[181612]:  DEBUG qt.scenegraph.time.renderloop: [window 0x7fa09e00ec60][gui thread] Frame prepared, polish=0 ms, lock=0 ms, blockedForSync=0 ms, animations=0 ms
Aug 28 18:45:17 hearth quickshell[181612]:  DEBUG qt.scenegraph.time.renderer: time in renderer: total=0ms, preprocess=0, updates=0, rendering=0
Aug 28 18:45:17 hearth quickshell[181612]:  DEBUG qt.scenegraph.time.renderloop: [window 0x7fa09af9dc70][gui thread] polishAndSync: start, elapsed since last call: 16 ms
Aug 28 18:45:17 hearth quickshell[181612]:  DEBUG qt.scenegraph.time.renderloop: [window 0x7fa09af9dc70][render thread 0x7fa09c607420] syncAndRender: start, elapsed since last call: 16 ms
Aug 28 18:45:17 hearth quickshell[181612]:  DEBUG qt.scenegraph.time.renderloop: [window 0x7fa09e00ec60][render thread 0x7fa09c606e00] syncAndRender: frame rendered in 0ms, sync=0, render=0, swap=0
Aug 28 18:45:17 hearth quickshell[181612]:  DEBUG qt.scenegraph.time.renderloop: [window 0x7fa09af9dc70][gui thread] Frame prepared, polish=0 ms, lock=0 ms, blockedForSync=0 ms, animations=0 ms
Aug 28 18:45:17 hearth quickshell[181612]:  DEBUG qt.scenegraph.time.renderer: time in renderer: total=0ms, preprocess=0, updates=0, rendering=0
Aug 28 18:45:17 hearth quickshell[181612]:  DEBUG qt.scenegraph.time.renderloop: [window 0x7fa09e00ec60][gui thread] polishAndSync: start, elapsed since last call: 16 ms
Aug 28 18:45:17 hearth quickshell[181612]:  DEBUG qt.scenegraph.time.renderloop: [window 0x7fa09af9dc70][render thread 0x7fa09c607420] syncAndRender: frame rendered in 16ms, sync=0, render=0, swap=16
Aug 28 18:45:17 hearth quickshell[181612]:  DEBUG qt.scenegraph.time.renderloop: [window 0x7fa09e00ec60][render thread 0x7fa09c606e00] syncAndRender: start, elapsed since last call: 16 ms
Aug 28 18:45:17 hearth quickshell[181612]:  DEBUG qt.scenegraph.time.renderloop: [window 0x7fa09e00ec60][gui thread] Frame prepared, polish=0 ms, lock=0 ms, blockedForSync=0 ms, animations=0 ms
Aug 28 18:45:17 hearth quickshell[181612]:  DEBUG qt.scenegraph.time.renderloop: [window 0x7fa09af9dc70][gui thread] polishAndSync: start, elapsed since last call: 16 ms
Aug 28 18:45:17 hearth quickshell[181612]:  DEBUG qt.scenegraph.time.renderer: time in renderer: total=0ms, preprocess=0, updates=0, rendering=0
Aug 28 18:45:17 hearth quickshell[181612]:  DEBUG qt.scenegraph.time.renderloop: [window 0x7fa09af9dc70][render thread 0x7fa09c607420] syncAndRender: start, elapsed since last call: 16 ms
Aug 28 18:45:17 hearth quickshell[181612]:  DEBUG qt.scenegraph.time.renderloop: [window 0x7fa09e00ec60][render thread 0x7fa09c606e00] syncAndRender: frame rendered in 0ms, sync=0, render=0, swap=0
Aug 28 18:45:17 hearth quickshell[181612]:  DEBUG qt.scenegraph.time.renderloop: [window 0x7fa09af9dc70][gui thread] Frame prepared, polish=0 ms, lock=0 ms, blockedForSync=0 ms, animations=0 ms
Aug 28 18:45:17 hearth quickshell[181612]:  DEBUG qt.scenegraph.time.renderer: time in renderer: total=0ms, preprocess=0, updates=0, rendering=0
Aug 28 18:45:17 hearth quickshell[181612]:  DEBUG qt.scenegraph.time.renderloop: [window 0x7fa09e00ec60][gui thread] polishAndSync: start, elapsed since last call: 16 ms
Aug 28 18:45:17 hearth quickshell[181612]:  DEBUG qt.scenegraph.time.renderloop: [window 0x7fa09af9dc70][render thread 0x7fa09c607420] syncAndRender: frame rendered in 16ms, sync=0, render=0, swap=16
Aug 28 18:45:17 hearth quickshell[181612]:  DEBUG qt.scenegraph.time.renderloop: [window 0x7fa09e00ec60][render thread 0x7fa09c606e00] syncAndRender: start, elapsed since last call: 16 ms
Aug 28 18:45:17 hearth quickshell[181612]:  DEBUG qt.scenegraph.time.renderer: time in renderer: total=0ms, preprocess=0, updates=0, rendering=0
Aug 28 18:45:17 hearth quickshell[181612]:  DEBUG qt.scenegraph.time.renderloop: [window 0x7fa09e00ec60][gui thread] Frame prepared, polish=0 ms, lock=0 ms, blockedForSync=0 ms, animations=0 ms
Aug 28 18:45:17 hearth quickshell[181612]:  DEBUG qt.scenegraph.time.renderloop: [window 0x7fa09af9dc70][gui thread] polishAndSync: start, elapsed since last call: 16 ms
Aug 28 18:45:17 hearth quickshell[181612]:  DEBUG qt.scenegraph.time.renderloop: [window 0x7fa09af9dc70][render thread 0x7fa09c607420] syncAndRender: start, elapsed since last call: 16 ms
Aug 28 18:45:17 hearth quickshell[181612]:  DEBUG qt.scenegraph.time.renderloop: [window 0x7fa09e00ec60][render thread 0x7fa09c606e00] syncAndRender: frame rendered in 0ms, sync=0, render=0, swap=0
Aug 28 18:45:17 hearth quickshell[181612]:  DEBUG qt.scenegraph.time.renderloop: [window 0x7fa09af9dc70][gui thread] Frame prepared, polish=0 ms, lock=0 ms, blockedForSync=0 ms, animations=0 ms
Aug 28 18:45:17 hearth quickshell[181612]:  DEBUG qt.scenegraph.time.renderer: time in renderer: total=0ms, preprocess=0, updates=0, rendering=0
Aug 28 18:45:17 hearth quickshell[181612]:  DEBUG qt.scenegraph.time.renderloop: [window 0x7fa09e00ec60][gui thread] polishAndSync: start, elapsed since last call: 16 ms
Aug 28 18:45:17 hearth quickshell[181612]:  DEBUG qt.scenegraph.time.renderloop: [window 0x7fa09af9dc70][render thread 0x7fa09c607420] syncAndRender: frame rendered in 16ms, sync=0, render=0, swap=16
Aug 28 18:45:17 hearth quickshell[181612]:  DEBUG qt.scenegraph.time.renderloop: [window 0x7fa09e00ec60][render thread 0x7fa09c606e00] syncAndRender: start, elapsed since last call: 16 ms
Aug 28 18:45:17 hearth quickshell[181612]:  DEBUG qt.scenegraph.time.renderloop: [window 0x7fa09e00ec60][gui thread] Frame prepared, polish=0 ms, lock=0 ms, blockedForSync=0 ms, animations=0 ms
Aug 28 18:45:17 hearth quickshell[181612]:  DEBUG qt.scenegraph.time.renderer: time in renderer: total=0ms, preprocess=0, updates=0, rendering=0
Aug 28 18:45:17 hearth quickshell[181612]:  DEBUG qt.scenegraph.time.renderloop: [window 0x7fa09af9dc70][gui thread] polishAndSync: start, elapsed since last call: 16 ms
Aug 28 18:45:17 hearth quickshell[181612]:  DEBUG qt.scenegraph.time.renderloop: [window 0x7fa09af9dc70][render thread 0x7fa09c607420] syncAndRender: start, elapsed since last call: 16 ms
Aug 28 18:45:17 hearth quickshell[181612]:  DEBUG qt.scenegraph.time.renderloop: [window 0x7fa09e00ec60][render thread 0x7fa09c606e00] syncAndRender: frame rendered in 0ms, sync=0, render=0, swap=0
Aug 28 18:45:17 hearth quickshell[181612]:  DEBUG qt.scenegraph.time.renderloop: [window 0x7fa09af9dc70][gui thread] Frame prepared, polish=0 ms, lock=0 ms, blockedForSync=0 ms, animations=0 ms
Aug 28 18:45:17 hearth quickshell[181612]:  DEBUG qt.scenegraph.time.renderer: time in renderer: total=0ms, preprocess=0, updates=0, rendering=0
Aug 28 18:45:17 hearth quickshell[181612]:  DEBUG qt.scenegraph.time.renderloop: [window 0x7fa09e00ec60][gui thread] polishAndSync: start, elapsed since last call: 16 ms
Aug 28 18:45:17 hearth quickshell[181612]:  DEBUG qt.scenegraph.time.renderloop: [window 0x7fa09af9dc70][render thread 0x7fa09c607420] syncAndRender: frame rendered in 16ms, sync=0, render=0, swap=16
Aug 28 18:45:17 hearth quickshell[181612]:  DEBUG qt.scenegraph.time.renderloop: [window 0x7fa09e00ec60][render thread 0x7fa09c606e00] syncAndRender: start, elapsed since last call: 16 ms
Aug 28 18:45:17 hearth quickshell[181612]:  DEBUG qt.scenegraph.time.renderer: time in renderer: total=0ms, preprocess=0, updates=0, rendering=0
Aug 28 18:45:17 hearth quickshell[181612]:  DEBUG qt.scenegraph.time.renderloop: [window 0x7fa09e00ec60][gui thread] Frame prepared, polish=0 ms, lock=0 ms, blockedForSync=0 ms, animations=0 ms
Aug 28 18:45:17 hearth quickshell[181612]:  DEBUG qt.scenegraph.time.renderloop: [window 0x7fa09af9dc70][gui thread] polishAndSync: start, elapsed since last call: 16 ms
Aug 28 18:45:17 hearth quickshell[181612]:  DEBUG qt.scenegraph.time.renderloop: [window 0x7fa09e00ec60][render thread 0x7fa09c606e00] syncAndRender: frame rendered in 0ms, sync=0, render=0, swap=0
Aug 28 18:45:17 hearth quickshell[181612]:  DEBUG qt.scenegraph.time.renderloop: [window 0x7fa09af9dc70][render thread 0x7fa09c607420] syncAndRender: start, elapsed since last call: 16 ms
Aug 28 18:45:17 hearth quickshell[181612]:  DEBUG qt.scenegraph.time.renderloop: [window 0x7fa09af9dc70][gui thread] Frame prepared, polish=0 ms, lock=0 ms, blockedForSync=0 ms, animations=0 ms
Aug 28 18:45:17 hearth quickshell[181612]:  DEBUG qt.scenegraph.time.renderer: time in renderer: total=0ms, preprocess=0, updates=0, rendering=0
Aug 28 18:45:17 hearth quickshell[181612]:  DEBUG qt.scenegraph.time.renderloop: [window 0x7fa09e00ec60][gui thread] polishAndSync: start, elapsed since last call: 16 ms
Aug 28 18:45:17 hearth quickshell[181612]:  DEBUG qt.scenegraph.time.renderloop: [window 0x7fa09af9dc70][render thread 0x7fa09c607420] syncAndRender: frame rendered in 16ms, sync=0, render=0, swap=15
Aug 28 18:45:17 hearth quickshell[181612]:  DEBUG qt.scenegraph.time.renderloop: [window 0x7fa09e00ec60][render thread 0x7fa09c606e00] syncAndRender: start, elapsed since last call: 16 ms
Aug 28 18:45:17 hearth quickshell[181612]:  DEBUG qt.scenegraph.time.renderloop: [window 0x7fa09e00ec60][gui thread] Frame prepared, polish=0 ms, lock=0 ms, blockedForSync=0 ms, animations=0 ms
Aug 28 18:45:17 hearth quickshell[181612]:  DEBUG qt.scenegraph.time.renderer: time in renderer: total=0ms, preprocess=0, updates=0, rendering=0
Aug 28 18:45:17 hearth quickshell[181612]:  DEBUG qt.scenegraph.time.renderloop: [window 0x7fa09af9dc70][gui thread] polishAndSync: start, elapsed since last call: 16 ms
Aug 28 18:45:17 hearth quickshell[181612]:  DEBUG qt.scenegraph.time.renderloop: [window 0x7fa09af9dc70][render thread 0x7fa09c607420] syncAndRender: start, elapsed since last call: 16 ms
Aug 28 18:45:17 hearth quickshell[181612]:  DEBUG qt.scenegraph.time.renderloop: [window 0x7fa09e00ec60][render thread 0x7fa09c606e00] syncAndRender: frame rendered in 0ms, sync=0, render=0, swap=0
Aug 28 18:45:17 hearth quickshell[181612]:  DEBUG qt.scenegraph.time.renderloop: [window 0x7fa09af9dc70][gui thread] Frame prepared, polish=0 ms, lock=0 ms, blockedForSync=0 ms, animations=0 ms
Aug 28 18:45:17 hearth quickshell[181612]:  DEBUG qt.scenegraph.time.renderer: time in renderer: total=0ms, preprocess=0, updates=0, rendering=0
Aug 28 18:45:17 hearth quickshell[181612]:  DEBUG qt.scenegraph.time.renderloop: [window 0x7fa09af9dc70][render thread 0x7fa09c607420] syncAndRender: frame rendered in 16ms, sync=0, render=0, swap=16
Aug 28 18:45:17 hearth quickshell[181612]:  DEBUG qt.scenegraph.time.renderloop: [window 0x7fa09e00ec60][gui thread] polishAndSync: start, elapsed since last call: 17 ms
Aug 28 18:45:17 hearth quickshell[181612]:  DEBUG qt.scenegraph.time.renderloop: [window 0x7fa09e00ec60][render thread 0x7fa09c606e00] syncAndRender: start, elapsed since last call: 17 ms
Aug 28 18:45:17 hearth quickshell[181612]:  DEBUG qt.scenegraph.time.renderer: time in renderer: total=0ms, preprocess=0, updates=0, rendering=0
Aug 28 18:45:17 hearth quickshell[181612]:  DEBUG qt.scenegraph.time.renderloop: [window 0x7fa09e00ec60][gui thread] Frame prepared, polish=0 ms, lock=0 ms, blockedForSync=0 ms, animations=0 ms
Aug 28 18:45:17 hearth quickshell[181612]:  DEBUG qt.scenegraph.time.renderloop: [window 0x7fa09af9dc70][gui thread] polishAndSync: start, elapsed since last call: 17 ms
Aug 28 18:45:17 hearth quickshell[181612]:  DEBUG qt.scenegraph.time.renderloop: [window 0x7fa09e00ec60][render thread 0x7fa09c606e00] syncAndRender: frame rendered in 0ms, sync=0, render=0, swap=0
Aug 28 18:45:17 hearth quickshell[181612]:  DEBUG qt.scenegraph.time.renderloop: [window 0x7fa09af9dc70][render thread 0x7fa09c607420] syncAndRender: start, elapsed since last call: 17 ms
Aug 28 18:45:17 hearth quickshell[181612]:  DEBUG qt.scenegraph.time.renderloop: [window 0x7fa09af9dc70][gui thread] Frame prepared, polish=0 ms, lock=0 ms, blockedForSync=0 ms, animations=0 ms
Aug 28 18:45:17 hearth quickshell[181612]:  DEBUG qt.scenegraph.time.renderer: time in renderer: total=0ms, preprocess=0, updates=0, rendering=0
Aug 28 18:45:17 hearth quickshell[181612]:  DEBUG qt.scenegraph.time.renderloop: [window 0x7fa09e00ec60][gui thread] polishAndSync: start, elapsed since last call: 16 ms
Aug 28 18:45:17 hearth quickshell[181612]:  DEBUG qt.scenegraph.time.renderloop: [window 0x7fa09af9dc70][render thread 0x7fa09c607420] syncAndRender: frame rendered in 15ms, sync=0, render=0, swap=15
Aug 28 18:45:17 hearth quickshell[181612]:  DEBUG qt.scenegraph.time.renderloop: [window 0x7fa09e00ec60][render thread 0x7fa09c606e00] syncAndRender: start, elapsed since last call: 16 ms
Aug 28 18:45:17 hearth quickshell[181612]:  DEBUG qt.scenegraph.time.renderloop: [window 0x7fa09e00ec60][gui thread] Frame prepared, polish=0 ms, lock=0 ms, blockedForSync=0 ms, animations=0 ms
Aug 28 18:45:17 hearth quickshell[181612]:  DEBUG qt.scenegraph.time.renderer: time in renderer: total=0ms, preprocess=0, updates=0, rendering=0
Aug 28 18:45:17 hearth quickshell[181612]:  DEBUG qt.scenegraph.time.renderloop: [window 0x7fa09af9dc70][gui thread] polishAndSync: start, elapsed since last call: 16 ms
Aug 28 18:45:17 hearth quickshell[181612]:  DEBUG qt.scenegraph.time.renderloop: [window 0x7fa09af9dc70][render thread 0x7fa09c607420] syncAndRender: start, elapsed since last call: 15 ms
Aug 28 18:45:17 hearth quickshell[181612]:  DEBUG qt.scenegraph.time.renderloop: [window 0x7fa09e00ec60][render thread 0x7fa09c606e00] syncAndRender: frame rendered in 0ms, sync=0, render=0, swap=0
Aug 28 18:45:17 hearth quickshell[181612]:  DEBUG qt.scenegraph.time.renderloop: [window 0x7fa09af9dc70][gui thread] Frame prepared, polish=0 ms, lock=0 ms, blockedForSync=0 ms, animations=0 ms
Aug 28 18:45:17 hearth quickshell[181612]:  DEBUG qt.scenegraph.time.renderer: time in renderer: total=0ms, preprocess=0, updates=0, rendering=0
Aug 28 18:45:17 hearth quickshell[181612]:  DEBUG qt.scenegraph.time.renderloop: [window 0x7fa09e00ec60][gui thread] polishAndSync: start, elapsed since last call: 16 ms
Aug 28 18:45:17 hearth quickshell[181612]:  DEBUG qt.scenegraph.time.renderloop: [window 0x7fa09af9dc70][render thread 0x7fa09c607420] syncAndRender: frame rendered in 16ms, sync=0, render=0, swap=16
Aug 28 18:45:17 hearth quickshell[181612]:  DEBUG qt.scenegraph.time.renderloop: [window 0x7fa09e00ec60][render thread 0x7fa09c606e00] syncAndRender: start, elapsed since last call: 16 ms
Aug 28 18:45:17 hearth quickshell[181612]:  DEBUG qt.scenegraph.time.renderloop: [window 0x7fa09e00ec60][gui thread] Frame prepared, polish=0 ms, lock=0 ms, blockedForSync=0 ms, animations=0 ms
Aug 28 18:45:17 hearth quickshell[181612]:  DEBUG qt.scenegraph.time.renderer: time in renderer: total=0ms, preprocess=0, updates=0, rendering=0
Aug 28 18:45:17 hearth quickshell[181612]:  DEBUG qt.scenegraph.time.renderloop: [window 0x7fa09af9dc70][gui thread] polishAndSync: start, elapsed since last call: 16 ms
Aug 28 18:45:17 hearth quickshell[181612]:  DEBUG qt.scenegraph.time.renderloop: [window 0x7fa09af9dc70][render thread 0x7fa09c607420] syncAndRender: start, elapsed since last call: 16 ms
Aug 28 18:45:17 hearth quickshell[181612]:  DEBUG qt.scenegraph.time.renderloop: [window 0x7fa09e00ec60][render thread 0x7fa09c606e00] syncAndRender: frame rendered in 0ms, sync=0, render=0, swap=0
Aug 28 18:45:17 hearth quickshell[181612]:  DEBUG qt.scenegraph.time.renderloop: [window 0x7fa09af9dc70][gui thread] Frame prepared, polish=0 ms, lock=0 ms, blockedForSync=0 ms, animations=0 ms
Aug 28 18:45:17 hearth quickshell[181612]:  DEBUG qt.scenegraph.time.renderer: time in renderer: total=0ms, preprocess=0, updates=0, rendering=0
Aug 28 18:45:17 hearth quickshell[181612]:  DEBUG qt.scenegraph.time.renderloop: [window 0x7fa09e00ec60][gui thread] polishAndSync: start, elapsed since last call: 16 ms
Aug 28 18:45:17 hearth quickshell[181612]:  DEBUG qt.scenegraph.time.renderloop: [window 0x7fa09e00ec60][render thread 0x7fa09c606e00] syncAndRender: start, elapsed since last call: 16 ms
Aug 28 18:45:17 hearth quickshell[181612]:  DEBUG qt.scenegraph.time.renderloop: [window 0x7fa09af9dc70][render thread 0x7fa09c607420] syncAndRender: frame rendered in 16ms, sync=0, render=0, swap=16
Aug 28 18:45:17 hearth quickshell[181612]:  DEBUG qt.scenegraph.time.renderloop: [window 0x7fa09e00ec60][gui thread] Frame prepared, polish=0 ms, lock=0 ms, blockedForSync=0 ms, animations=0 ms
Aug 28 18:45:17 hearth quickshell[181612]:  DEBUG qt.scenegraph.time.renderer: time in renderer: total=0ms, preprocess=0, updates=0, rendering=0
Aug 28 18:45:17 hearth quickshell[181612]:  DEBUG qt.scenegraph.time.renderloop: [window 0x7fa09af9dc70][gui thread] polishAndSync: start, elapsed since last call: 16 ms
Aug 28 18:45:17 hearth quickshell[181612]:  DEBUG qt.scenegraph.time.renderloop: [window 0x7fa09af9dc70][render thread 0x7fa09c607420] syncAndRender: start, elapsed since last call: 16 ms
Aug 28 18:45:17 hearth quickshell[181612]:  DEBUG qt.scenegraph.time.renderloop: [window 0x7fa09e00ec60][render thread 0x7fa09c606e00] syncAndRender: frame rendered in 0ms, sync=0, render=0, swap=0
Aug 28 18:45:17 hearth quickshell[181612]:  DEBUG qt.scenegraph.time.renderloop: [window 0x7fa09af9dc70][gui thread] Frame prepared, polish=0 ms, lock=0 ms, blockedForSync=0 ms, animations=0 ms
Aug 28 18:45:17 hearth quickshell[181612]:  DEBUG qt.scenegraph.time.renderer: time in renderer: total=0ms, preprocess=0, updates=0, rendering=0
Aug 28 18:45:17 hearth quickshell[181612]:  DEBUG qt.scenegraph.time.renderloop: [window 0x7fa09e00ec60][gui thread] polishAndSync: start, elapsed since last call: 16 ms
Aug 28 18:45:17 hearth quickshell[181612]:  DEBUG qt.scenegraph.time.renderloop: [window 0x7fa09af9dc70][render thread 0x7fa09c607420] syncAndRender: frame rendered in 16ms, sync=0, render=0, swap=16
Aug 28 18:45:17 hearth quickshell[181612]:  DEBUG qt.scenegraph.time.renderloop: [window 0x7fa09e00ec60][render thread 0x7fa09c606e00] syncAndRender: start, elapsed since last call: 16 ms
Aug 28 18:45:17 hearth quickshell[181612]:  DEBUG qt.scenegraph.time.renderloop: [window 0x7fa09e00ec60][gui thread] Frame prepared, polish=0 ms, lock=0 ms, blockedForSync=0 ms, animations=0 ms
Aug 28 18:45:17 hearth quickshell[181612]:  DEBUG qt.scenegraph.time.renderer: time in renderer: total=0ms, preprocess=0, updates=0, rendering=0
Aug 28 18:45:17 hearth quickshell[181612]:  DEBUG qt.scenegraph.time.renderloop: [window 0x7fa09af9dc70][gui thread] polishAndSync: start, elapsed since last call: 16 ms
Aug 28 18:45:17 hearth quickshell[181612]:  DEBUG qt.scenegraph.time.renderloop: [window 0x7fa09af9dc70][render thread 0x7fa09c607420] syncAndRender: start, elapsed since last call: 16 ms
Aug 28 18:45:17 hearth quickshell[181612]:  DEBUG qt.scenegraph.time.renderloop: [window 0x7fa09e00ec60][render thread 0x7fa09c606e00] syncAndRender: frame rendered in 0ms, sync=0, render=0, swap=0
Aug 28 18:45:17 hearth quickshell[181612]:  DEBUG qt.scenegraph.time.renderloop: [window 0x7fa09af9dc70][gui thread] Frame prepared, polish=0 ms, lock=0 ms, blockedForSync=0 ms, animations=0 ms
Aug 28 18:45:17 hearth quickshell[181612]:  DEBUG qt.scenegraph.time.renderer: time in renderer: total=0ms, preprocess=0, updates=0, rendering=0
Aug 28 18:45:17 hearth quickshell[181612]:  DEBUG qt.scenegraph.time.renderloop: [window 0x7fa09e00ec60][gui thread] polishAndSync: start, elapsed since last call: 16 ms
Aug 28 18:45:17 hearth quickshell[181612]:  DEBUG qt.scenegraph.time.renderloop: [window 0x7fa09af9dc70][render thread 0x7fa09c607420] syncAndRender: frame rendered in 16ms, sync=0, render=0, swap=16
Aug 28 18:45:17 hearth quickshell[181612]:  DEBUG qt.scenegraph.time.renderloop: [window 0x7fa09e00ec60][render thread 0x7fa09c606e00] syncAndRender: start, elapsed since last call: 16 ms
Aug 28 18:45:17 hearth quickshell[181612]:  DEBUG qt.scenegraph.time.renderloop: [window 0x7fa09e00ec60][gui thread] Frame prepared, polish=0 ms, lock=0 ms, blockedForSync=0 ms, animations=0 ms
Aug 28 18:45:17 hearth quickshell[181612]:  DEBUG qt.scenegraph.time.renderer: time in renderer: total=0ms, preprocess=0, updates=0, rendering=0
Aug 28 18:45:17 hearth quickshell[181612]:  DEBUG qt.scenegraph.time.renderloop: [window 0x7fa09af9dc70][gui thread] polishAndSync: start, elapsed since last call: 16 ms
Aug 28 18:45:17 hearth quickshell[181612]:  DEBUG qt.scenegraph.time.renderloop: [window 0x7fa09af9dc70][render thread 0x7fa09c607420] syncAndRender: start, elapsed since last call: 16 ms
Aug 28 18:45:17 hearth quickshell[181612]:  DEBUG qt.scenegraph.time.renderloop: [window 0x7fa09e00ec60][render thread 0x7fa09c606e00] syncAndRender: frame rendered in 0ms, sync=0, render=0, swap=0
Aug 28 18:45:17 hearth quickshell[181612]:  DEBUG qt.scenegraph.time.renderloop: [window 0x7fa09af9dc70][gui thread] Frame prepared, polish=0 ms, lock=0 ms, blockedForSync=0 ms, animations=0 ms
Aug 28 18:45:17 hearth quickshell[181612]:  DEBUG qt.scenegraph.time.renderer: time in renderer: total=0ms, preprocess=0, updates=0, rendering=0
Aug 28 18:45:17 hearth quickshell[181612]:  DEBUG qt.scenegraph.time.renderloop: [window 0x7fa09e00ec60][gui thread] polishAndSync: start, elapsed since last call: 15 ms
Aug 28 18:45:17 hearth quickshell[181612]:  DEBUG qt.scenegraph.time.renderloop: [window 0x7fa09af9dc70][render thread 0x7fa09c607420] syncAndRender: frame rendered in 15ms, sync=0, render=0, swap=15
Aug 28 18:45:17 hearth quickshell[181612]:  DEBUG qt.scenegraph.time.renderloop: [window 0x7fa09e00ec60][render thread 0x7fa09c606e00] syncAndRender: start, elapsed since last call: 15 ms
Aug 28 18:45:17 hearth quickshell[181612]:  DEBUG qt.scenegraph.time.renderloop: [window 0x7fa09e00ec60][gui thread] Frame prepared, polish=0 ms, lock=0 ms, blockedForSync=0 ms, animations=0 ms
Aug 28 18:45:17 hearth quickshell[181612]:  DEBUG qt.scenegraph.time.renderer: time in renderer: total=0ms, preprocess=0, updates=0, rendering=0
Aug 28 18:45:17 hearth quickshell[181612]:  DEBUG qt.scenegraph.time.renderloop: [window 0x7fa09af9dc70][gui thread] polishAndSync: start, elapsed since last call: 15 ms
Aug 28 18:45:17 hearth quickshell[181612]:  DEBUG qt.scenegraph.time.renderloop: [window 0x7fa09af9dc70][render thread 0x7fa09c607420] syncAndRender: start, elapsed since last call: 15 ms
Aug 28 18:45:17 hearth quickshell[181612]:  DEBUG qt.scenegraph.time.renderloop: [window 0x7fa09e00ec60][render thread 0x7fa09c606e00] syncAndRender: frame rendered in 0ms, sync=0, render=0, swap=0
Aug 28 18:45:17 hearth quickshell[181612]:  DEBUG qt.scenegraph.time.renderloop: [window 0x7fa09af9dc70][gui thread] Frame prepared, polish=0 ms, lock=0 ms, blockedForSync=0 ms, animations=0 ms
Aug 28 18:45:17 hearth quickshell[181612]:  DEBUG qt.scenegraph.time.renderer: time in renderer: total=0ms, preprocess=0, updates=0, rendering=0
Aug 28 18:45:17 hearth quickshell[181612]:  DEBUG qt.scenegraph.time.renderloop: [window 0x7fa09af9dc70][render thread 0x7fa09c607420] syncAndRender: frame rendered in 0ms, sync=0, render=0, swap=0
Aug 28 18:45:17 hearth quickshell[181612]:  DEBUG qt.scenegraph.time.renderloop: [window 0x7fa09e00ec60][gui thread] polishAndSync: start, elapsed since last call: 17 ms
Aug 28 18:45:17 hearth quickshell[181612]:  DEBUG qt.scenegraph.time.renderloop: [window 0x7fa09e00ec60][render thread 0x7fa09c606e00] syncAndRender: start, elapsed since last call: 17 ms
Aug 28 18:45:17 hearth quickshell[181612]:  DEBUG qt.scenegraph.time.renderloop: [window 0x7fa09e00ec60][gui thread] Frame prepared, polish=0 ms, lock=0 ms, blockedForSync=0 ms, animations=0 ms
Aug 28 18:45:17 hearth quickshell[181612]:  DEBUG qt.scenegraph.time.renderloop: [window 0x7fa09af9dc70][gui thread] polishAndSync: start, elapsed since last call: 17 ms
Aug 28 18:45:17 hearth quickshell[181612]:  DEBUG qt.scenegraph.time.renderer: time in renderer: total=0ms, preprocess=0, updates=0, rendering=0
Aug 28 18:45:17 hearth quickshell[181612]:  DEBUG qt.scenegraph.time.renderloop: [window 0x7fa09af9dc70][render thread 0x7fa09c607420] syncAndRender: start, elapsed since last call: 17 ms
Aug 28 18:45:17 hearth quickshell[181612]:  DEBUG qt.scenegraph.time.renderloop: [window 0x7fa09e00ec60][render thread 0x7fa09c606e00] syncAndRender: frame rendered in 0ms, sync=0, render=0, swap=0
Aug 28 18:45:17 hearth quickshell[181612]:  DEBUG qt.scenegraph.time.renderloop: [window 0x7fa09af9dc70][gui thread] Frame prepared, polish=0 ms, lock=0 ms, blockedForSync=0 ms, animations=0 ms
Aug 28 18:45:17 hearth quickshell[181612]:  DEBUG qt.scenegraph.time.renderer: time in renderer: total=0ms, preprocess=0, updates=0, rendering=0
Aug 28 18:45:17 hearth quickshell[181612]:  DEBUG qt.scenegraph.time.renderloop: [window 0x7fa09af9dc70][render thread 0x7fa09c607420] syncAndRender: frame rendered in 0ms, sync=0, render=0, swap=0
Aug 28 18:45:17 hearth quickshell[181612]:  DEBUG qt.scenegraph.time.renderloop: [window 0x7fa09e00ec60][gui thread] polishAndSync: start, elapsed since last call: 16 ms
Aug 28 18:45:17 hearth quickshell[181612]:  DEBUG qt.scenegraph.time.renderloop: [window 0x7fa09e00ec60][render thread 0x7fa09c606e00] syncAndRender: start, elapsed since last call: 16 ms
Aug 28 18:45:17 hearth quickshell[181612]:  DEBUG qt.scenegraph.time.renderloop: [window 0x7fa09e00ec60][gui thread] Frame prepared, polish=0 ms, lock=0 ms, blockedForSync=0 ms, animations=0 ms
Aug 28 18:45:17 hearth quickshell[181612]:  DEBUG qt.scenegraph.time.renderloop: [window 0x7fa09af9dc70][gui thread] polishAndSync: start, elapsed since last call: 16 ms
Aug 28 18:45:17 hearth quickshell[181612]:  DEBUG qt.scenegraph.time.renderer: time in renderer: total=0ms, preprocess=0, updates=0, rendering=0
Aug 28 18:45:17 hearth quickshell[181612]:  DEBUG qt.scenegraph.time.renderloop: [window 0x7fa09af9dc70][render thread 0x7fa09c607420] syncAndRender: start, elapsed since last call: 16 ms
Aug 28 18:45:17 hearth quickshell[181612]:  DEBUG qt.scenegraph.time.renderloop: [window 0x7fa09e00ec60][render thread 0x7fa09c606e00] syncAndRender: frame rendered in 0ms, sync=0, render=0, swap=0
Aug 28 18:45:17 hearth quickshell[181612]:  DEBUG qt.scenegraph.time.renderloop: [window 0x7fa09af9dc70][gui thread] Frame prepared, polish=0 ms, lock=0 ms, blockedForSync=0 ms, animations=0 ms
Aug 28 18:45:17 hearth quickshell[181612]:  DEBUG qt.scenegraph.time.renderer: time in renderer: total=0ms, preprocess=0, updates=0, rendering=0
Aug 28 18:45:17 hearth quickshell[181612]:  DEBUG qt.scenegraph.time.renderloop: [window 0x7fa09af9dc70][render thread 0x7fa09c607420] syncAndRender: frame rendered in 0ms, sync=0, render=0, swap=0
Aug 28 18:45:17 hearth quickshell[181612]:  DEBUG qt.scenegraph.time.renderloop: [window 0x7fa09e00ec60][gui thread] polishAndSync: start, elapsed since last call: 16 ms
Aug 28 18:45:17 hearth quickshell[181612]:  DEBUG qt.scenegraph.time.renderloop: [window 0x7fa09e00ec60][render thread 0x7fa09c606e00] syncAndRender: start, elapsed since last call: 16 ms
Aug 28 18:45:17 hearth quickshell[181612]:  DEBUG qt.scenegraph.time.renderer: time in renderer: total=0ms, preprocess=0, updates=0, rendering=0
Aug 28 18:45:17 hearth quickshell[181612]:  DEBUG qt.scenegraph.time.renderloop: [window 0x7fa09e00ec60][gui thread] Frame prepared, polish=0 ms, lock=0 ms, blockedForSync=0 ms, animations=0 ms
Aug 28 18:45:17 hearth quickshell[181612]:  DEBUG qt.scenegraph.time.renderloop: [window 0x7fa09af9dc70][gui thread] polishAndSync: start, elapsed since last call: 16 ms
Aug 28 18:45:17 hearth quickshell[181612]:  DEBUG qt.scenegraph.time.renderloop: [window 0x7fa09af9dc70][render thread 0x7fa09c607420] syncAndRender: start, elapsed since last call: 17 ms
Aug 28 18:45:17 hearth quickshell[181612]:  DEBUG qt.scenegraph.time.renderloop: [window 0x7fa09e00ec60][render thread 0x7fa09c606e00] syncAndRender: frame rendered in 0ms, sync=0, render=0, swap=0
Aug 28 18:45:17 hearth quickshell[181612]:  DEBUG qt.scenegraph.time.renderloop: [window 0x7fa09af9dc70][gui thread] Frame prepared, polish=0 ms, lock=0 ms, blockedForSync=0 ms, animations=0 ms
Aug 28 18:45:17 hearth quickshell[181612]:  DEBUG qt.scenegraph.time.renderer: time in renderer: total=0ms, preprocess=0, updates=0, rendering=0
Aug 28 18:45:17 hearth quickshell[181612]:  DEBUG qt.scenegraph.time.renderloop: [window 0x7fa09af9dc70][render thread 0x7fa09c607420] syncAndRender: frame rendered in 0ms, sync=0, render=0, swap=0
Aug 28 18:45:17 hearth quickshell[181612]:  DEBUG qt.scenegraph.time.renderloop: [window 0x7fa09e00ec60][gui thread] polishAndSync: start, elapsed since last call: 16 ms
Aug 28 18:45:17 hearth quickshell[181612]:  DEBUG qt.scenegraph.time.renderloop: [window 0x7fa09e00ec60][render thread 0x7fa09c606e00] syncAndRender: start, elapsed since last call: 16 ms
Aug 28 18:45:17 hearth quickshell[181612]:  DEBUG qt.scenegraph.time.renderloop: [window 0x7fa09e00ec60][gui thread] Frame prepared, polish=0 ms, lock=0 ms, blockedForSync=0 ms, animations=0 ms
Aug 28 18:45:17 hearth quickshell[181612]:  DEBUG qt.scenegraph.time.renderer: time in renderer: total=0ms, preprocess=0, updates=0, rendering=0
Aug 28 18:45:17 hearth quickshell[181612]:  DEBUG qt.scenegraph.time.renderloop: [window 0x7fa09af9dc70][gui thread] polishAndSync: start, elapsed since last call: 16 ms
Aug 28 18:45:17 hearth quickshell[181612]:  DEBUG qt.scenegraph.time.renderloop: [window 0x7fa09af9dc70][render thread 0x7fa09c607420] syncAndRender: start, elapsed since last call: 16 ms
Aug 28 18:45:17 hearth quickshell[181612]:  DEBUG qt.scenegraph.time.renderloop: [window 0x7fa09af9dc70][gui thread] Frame prepared, polish=0 ms, lock=0 ms, blockedForSync=0 ms, animations=0 ms
Aug 28 18:45:17 hearth quickshell[181612]:  DEBUG qt.scenegraph.time.renderloop: [window 0x7fa09e00ec60][render thread 0x7fa09c606e00] syncAndRender: frame rendered in 0ms, sync=0, render=0, swap=0
Aug 28 18:45:17 hearth quickshell[181612]:  DEBUG qt.scenegraph.time.renderer: time in renderer: total=0ms, preprocess=0, updates=0, rendering=0
Aug 28 18:45:17 hearth quickshell[181612]:  DEBUG qt.scenegraph.time.renderloop: [window 0x7fa09af9dc70][render thread 0x7fa09c607420] syncAndRender: frame rendered in 0ms, sync=0, render=0, swap=0
Aug 28 18:45:17 hearth quickshell[181612]:  DEBUG qt.scenegraph.time.renderloop: [window 0x7fa09e00ec60][gui thread] polishAndSync: start, elapsed since last call: 16 ms
Aug 28 18:45:17 hearth quickshell[181612]:  DEBUG qt.scenegraph.time.renderloop: [window 0x7fa09e00ec60][render thread 0x7fa09c606e00] syncAndRender: start, elapsed since last call: 16 ms
Aug 28 18:45:17 hearth quickshell[181612]:  DEBUG qt.scenegraph.time.renderer: time in renderer: total=0ms, preprocess=0, updates=0, rendering=0
Aug 28 18:45:17 hearth quickshell[181612]:  DEBUG qt.scenegraph.time.renderloop: [window 0x7fa09e00ec60][gui thread] Frame prepared, polish=0 ms, lock=0 ms, blockedForSync=0 ms, animations=0 ms
Aug 28 18:45:17 hearth quickshell[181612]:  DEBUG qt.scenegraph.time.renderloop: [window 0x7fa09af9dc70][gui thread] polishAndSync: start, elapsed since last call: 16 ms
Aug 28 18:45:17 hearth quickshell[181612]:  DEBUG qt.scenegraph.time.renderloop: [window 0x7fa09e00ec60][render thread 0x7fa09c606e00] syncAndRender: frame rendered in 0ms, sync=0, render=0, swap=0
Aug 28 18:45:17 hearth quickshell[181612]:  DEBUG qt.scenegraph.time.renderloop: [window 0x7fa09af9dc70][render thread 0x7fa09c607420] syncAndRender: start, elapsed since last call: 17 ms
Aug 28 18:45:17 hearth quickshell[181612]:  DEBUG qt.scenegraph.time.renderloop: [window 0x7fa09af9dc70][gui thread] Frame prepared, polish=0 ms, lock=0 ms, blockedForSync=0 ms, animations=0 ms
Aug 28 18:45:17 hearth quickshell[181612]:  DEBUG qt.scenegraph.time.renderloop: [window 0x7fa09af9dc70][gui thread] polishAndSync: start, elapsed since last call: 0 ms
Aug 28 18:45:17 hearth quickshell[181612]:  DEBUG qt.scenegraph.time.renderer: time in renderer: total=0ms, preprocess=0, updates=0, rendering=0
Aug 28 18:45:17 hearth quickshell[181612]:  DEBUG qt.scenegraph.time.renderloop: [window 0x7fa09af9dc70][render thread 0x7fa09c607420] syncAndRender: frame rendered in 0ms, sync=0, render=0, swap=0
Aug 28 18:45:17 hearth quickshell[181612]:  DEBUG qt.scenegraph.time.renderloop: [window 0x7fa09af9dc70][render thread 0x7fa09c607420] syncAndRender: start, elapsed since last call: 0 ms
Aug 28 18:45:17 hearth quickshell[181612]:  DEBUG qt.scenegraph.time.renderloop: [window 0x7fa09af9dc70][gui thread] Frame prepared, polish=0 ms, lock=0 ms, blockedForSync=0 ms, animations=0 ms
Aug 28 18:45:17 hearth quickshell[181612]:  DEBUG qt.scenegraph.time.renderer: time in renderer: total=0ms, preprocess=0, updates=0, rendering=0
Aug 28 18:45:17 hearth quickshell[181612]:  DEBUG qt.scenegraph.time.renderloop: [window 0x7fa09e00ec60][gui thread] polishAndSync: start, elapsed since last call: 16 ms
Aug 28 18:45:17 hearth quickshell[181612]:  DEBUG qt.scenegraph.time.renderloop: [window 0x7fa09af9dc70][render thread 0x7fa09c607420] syncAndRender: frame rendered in 15ms, sync=0, render=0, swap=14
Aug 28 18:45:17 hearth quickshell[181612]:  DEBUG qt.scenegraph.time.renderloop: [window 0x7fa09e00ec60][render thread 0x7fa09c606e00] syncAndRender: start, elapsed since last call: 16 ms
Aug 28 18:45:17 hearth quickshell[181612]:  DEBUG qt.scenegraph.time.renderloop: [window 0x7fa09e00ec60][gui thread] Frame prepared, polish=0 ms, lock=0 ms, blockedForSync=0 ms, animations=0 ms
Aug 28 18:45:17 hearth quickshell[181612]:  DEBUG qt.scenegraph.time.renderer: time in renderer: total=0ms, preprocess=0, updates=0, rendering=0
Aug 28 18:45:17 hearth quickshell[181612]:  DEBUG qt.scenegraph.time.renderloop: [window 0x7fa09af9dc70][gui thread] polishAndSync: start, elapsed since last call: 15 ms
Aug 28 18:45:17 hearth quickshell[181612]:  DEBUG qt.scenegraph.time.renderloop: [window 0x7fa09af9dc70][render thread 0x7fa09c607420] syncAndRender: start, elapsed since last call: 15 ms
Aug 28 18:45:17 hearth quickshell[181612]:  DEBUG qt.scenegraph.time.renderloop: [window 0x7fa09e00ec60][render thread 0x7fa09c606e00] syncAndRender: frame rendered in 0ms, sync=0, render=0, swap=0
Aug 28 18:45:17 hearth quickshell[181612]:  DEBUG qt.scenegraph.time.renderloop: [window 0x7fa09af9dc70][gui thread] Frame prepared, polish=0 ms, lock=0 ms, blockedForSync=0 ms, animations=0 ms
Aug 28 18:45:17 hearth quickshell[181612]:  DEBUG qt.scenegraph.time.renderer: time in renderer: total=0ms, preprocess=0, updates=0, rendering=0
Aug 28 18:45:17 hearth quickshell[181612]:  DEBUG qt.scenegraph.time.renderloop: [window 0x7fa09e00ec60][gui thread] polishAndSync: start, elapsed since last call: 16 ms
Aug 28 18:45:17 hearth quickshell[181612]:  DEBUG qt.scenegraph.time.renderloop: [window 0x7fa09af9dc70][render thread 0x7fa09c607420] syncAndRender: frame rendered in 16ms, sync=0, render=0, swap=16
Aug 28 18:45:17 hearth quickshell[181612]:  DEBUG qt.scenegraph.time.renderloop: [window 0x7fa09e00ec60][render thread 0x7fa09c606e00] syncAndRender: start, elapsed since last call: 16 ms
Aug 28 18:45:17 hearth quickshell[181612]:  DEBUG qt.scenegraph.time.renderloop: [window 0x7fa09e00ec60][gui thread] Frame prepared, polish=0 ms, lock=0 ms, blockedForSync=0 ms, animations=0 ms
Aug 28 18:45:17 hearth quickshell[181612]:  DEBUG qt.scenegraph.time.renderer: time in renderer: total=0ms, preprocess=0, updates=0, rendering=0
Aug 28 18:45:17 hearth quickshell[181612]:  DEBUG qt.scenegraph.time.renderloop: [window 0x7fa09af9dc70][gui thread] polishAndSync: start, elapsed since last call: 16 ms
Aug 28 18:45:17 hearth quickshell[181612]:  DEBUG qt.scenegraph.time.renderloop: [window 0x7fa09e00ec60][render thread 0x7fa09c606e00] syncAndRender: frame rendered in 0ms, sync=0, render=0, swap=0
Aug 28 18:45:17 hearth quickshell[181612]:  DEBUG qt.scenegraph.time.renderloop: [window 0x7fa09af9dc70][render thread 0x7fa09c607420] syncAndRender: start, elapsed since last call: 16 ms
Aug 28 18:45:17 hearth quickshell[181612]:  DEBUG qt.scenegraph.time.renderloop: [window 0x7fa09af9dc70][gui thread] Frame prepared, polish=0 ms, lock=0 ms, blockedForSync=0 ms, animations=0 ms
Aug 28 18:45:17 hearth quickshell[181612]:  DEBUG qt.scenegraph.time.renderer: time in renderer: total=0ms, preprocess=0, updates=0, rendering=0
Aug 28 18:45:17 hearth quickshell[181612]:  DEBUG qt.scenegraph.time.renderloop: [window 0x7fa09e00ec60][gui thread] polishAndSync: start, elapsed since last call: 16 ms
Aug 28 18:45:17 hearth quickshell[181612]:  DEBUG qt.scenegraph.time.renderloop: [window 0x7fa09af9dc70][render thread 0x7fa09c607420] syncAndRender: frame rendered in 16ms, sync=0, render=0, swap=15
Aug 28 18:45:17 hearth quickshell[181612]:  DEBUG qt.scenegraph.time.renderloop: [window 0x7fa09e00ec60][render thread 0x7fa09c606e00] syncAndRender: start, elapsed since last call: 16 ms
Aug 28 18:45:17 hearth quickshell[181612]:  DEBUG qt.scenegraph.time.renderer: time in renderer: total=0ms, preprocess=0, updates=0, rendering=0
Aug 28 18:45:17 hearth quickshell[181612]:  DEBUG qt.scenegraph.time.renderloop: [window 0x7fa09e00ec60][gui thread] Frame prepared, polish=0 ms, lock=0 ms, blockedForSync=0 ms, animations=0 ms
Aug 28 18:45:17 hearth quickshell[181612]:  DEBUG qt.scenegraph.time.renderloop: [window 0x7fa09af9dc70][gui thread] polishAndSync: start, elapsed since last call: 16 ms
Aug 28 18:45:17 hearth quickshell[181612]:  DEBUG qt.scenegraph.time.renderloop: [window 0x7fa09e00ec60][render thread 0x7fa09c606e00] syncAndRender: frame rendered in 0ms, sync=0, render=0, swap=0
Aug 28 18:45:17 hearth quickshell[181612]:  DEBUG qt.scenegraph.time.renderloop: [window 0x7fa09af9dc70][render thread 0x7fa09c607420] syncAndRender: start, elapsed since last call: 16 ms
Aug 28 18:45:17 hearth quickshell[181612]:  DEBUG qt.scenegraph.time.renderloop: [window 0x7fa09af9dc70][gui thread] Frame prepared, polish=0 ms, lock=0 ms, blockedForSync=0 ms, animations=0 ms
Aug 28 18:45:17 hearth quickshell[181612]:  DEBUG qt.scenegraph.time.renderer: time in renderer: total=0ms, preprocess=0, updates=0, rendering=0
Aug 28 18:45:17 hearth quickshell[181612]:  DEBUG qt.scenegraph.time.renderloop: [window 0x7fa09e00ec60][gui thread] polishAndSync: start, elapsed since last call: 16 ms
Aug 28 18:45:17 hearth quickshell[181612]:  DEBUG qt.scenegraph.time.renderloop: [window 0x7fa09af9dc70][render thread 0x7fa09c607420] syncAndRender: frame rendered in 16ms, sync=0, render=0, swap=16
Aug 28 18:45:17 hearth quickshell[181612]:  DEBUG qt.scenegraph.time.renderloop: [window 0x7fa09e00ec60][render thread 0x7fa09c606e00] syncAndRender: start, elapsed since last call: 16 ms
Aug 28 18:45:17 hearth quickshell[181612]:  DEBUG qt.scenegraph.time.renderloop: [window 0x7fa09e00ec60][gui thread] Frame prepared, polish=0 ms, lock=0 ms, blockedForSync=0 ms, animations=0 ms
Aug 28 18:45:17 hearth quickshell[181612]:  DEBUG qt.scenegraph.time.renderer: time in renderer: total=0ms, preprocess=0, updates=0, rendering=0
Aug 28 18:45:17 hearth quickshell[181612]:  DEBUG qt.scenegraph.time.renderloop: [window 0x7fa09af9dc70][gui thread] polishAndSync: start, elapsed since last call: 16 ms
Aug 28 18:45:17 hearth quickshell[181612]:  DEBUG qt.scenegraph.time.renderloop: [window 0x7fa09af9dc70][render thread 0x7fa09c607420] syncAndRender: start, elapsed since last call: 16 ms
Aug 28 18:45:17 hearth quickshell[181612]:  DEBUG qt.scenegraph.time.renderloop: [window 0x7fa09e00ec60][render thread 0x7fa09c606e00] syncAndRender: frame rendered in 0ms, sync=0, render=0, swap=0
Aug 28 18:45:17 hearth quickshell[181612]:  DEBUG qt.scenegraph.time.renderloop: [window 0x7fa09af9dc70][gui thread] Frame prepared, polish=0 ms, lock=0 ms, blockedForSync=0 ms, animations=0 ms
Aug 28 18:45:17 hearth quickshell[181612]:  DEBUG qt.scenegraph.time.renderer: time in renderer: total=0ms, preprocess=0, updates=0, rendering=0
Aug 28 18:45:17 hearth quickshell[181612]:  DEBUG qt.scenegraph.time.renderloop: [window 0x7fa09e00ec60][gui thread] polishAndSync: start, elapsed since last call: 16 ms
Aug 28 18:45:17 hearth quickshell[181612]:  DEBUG qt.scenegraph.time.renderloop: [window 0x7fa09af9dc70][render thread 0x7fa09c607420] syncAndRender: frame rendered in 16ms, sync=0, render=0, swap=16
Aug 28 18:45:17 hearth quickshell[181612]:  DEBUG qt.scenegraph.time.renderloop: [window 0x7fa09e00ec60][render thread 0x7fa09c606e00] syncAndRender: start, elapsed since last call: 16 ms
Aug 28 18:45:17 hearth quickshell[181612]:  DEBUG qt.scenegraph.time.renderloop: [window 0x7fa09e00ec60][gui thread] Frame prepared, polish=0 ms, lock=0 ms, blockedForSync=0 ms, animations=0 ms
Aug 28 18:45:17 hearth quickshell[181612]:  DEBUG qt.scenegraph.time.renderer: time in renderer: total=0ms, preprocess=0, updates=0, rendering=0
Aug 28 18:45:17 hearth quickshell[181612]:  DEBUG qt.scenegraph.time.renderloop: [window 0x7fa09af9dc70][gui thread] polishAndSync: start, elapsed since last call: 16 ms
Aug 28 18:45:17 hearth quickshell[181612]:  DEBUG qt.scenegraph.time.renderloop: [window 0x7fa09af9dc70][render thread 0x7fa09c607420] syncAndRender: start, elapsed since last call: 16 ms
Aug 28 18:45:17 hearth quickshell[181612]:  DEBUG qt.scenegraph.time.renderloop: [window 0x7fa09e00ec60][render thread 0x7fa09c606e00] syncAndRender: frame rendered in 0ms, sync=0, render=0, swap=0
Aug 28 18:45:17 hearth quickshell[181612]:  DEBUG qt.scenegraph.time.renderloop: [window 0x7fa09af9dc70][gui thread] Frame prepared, polish=0 ms, lock=0 ms, blockedForSync=0 ms, animations=0 ms
Aug 28 18:45:17 hearth quickshell[181612]:  DEBUG qt.scenegraph.time.renderer: time in renderer: total=0ms, preprocess=0, updates=0, rendering=0
Aug 28 18:45:17 hearth quickshell[181612]:  DEBUG qt.scenegraph.time.renderloop: [window 0x7fa09e00ec60][gui thread] polishAndSync: start, elapsed since last call: 16 ms
Aug 28 18:45:17 hearth quickshell[181612]:  DEBUG qt.scenegraph.time.renderloop: [window 0x7fa09af9dc70][render thread 0x7fa09c607420] syncAndRender: frame rendered in 16ms, sync=0, render=0, swap=15
Aug 28 18:45:17 hearth quickshell[181612]:  DEBUG qt.scenegraph.time.renderloop: [window 0x7fa09e00ec60][render thread 0x7fa09c606e00] syncAndRender: start, elapsed since last call: 16 ms
Aug 28 18:45:17 hearth quickshell[181612]:  DEBUG qt.scenegraph.time.renderer: time in renderer: total=0ms, preprocess=0, updates=0, rendering=0
Aug 28 18:45:17 hearth quickshell[181612]:  DEBUG qt.scenegraph.time.renderloop: [window 0x7fa09e00ec60][gui thread] Frame prepared, polish=0 ms, lock=0 ms, blockedForSync=0 ms, animations=0 ms
Aug 28 18:45:17 hearth quickshell[181612]:  DEBUG qt.scenegraph.time.renderloop: [window 0x7fa09af9dc70][gui thread] polishAndSync: start, elapsed since last call: 16 ms
Aug 28 18:45:17 hearth quickshell[181612]:  DEBUG qt.scenegraph.time.renderloop: [window 0x7fa09af9dc70][render thread 0x7fa09c607420] syncAndRender: start, elapsed since last call: 16 ms
Aug 28 18:45:17 hearth quickshell[181612]:  DEBUG qt.scenegraph.time.renderloop: [window 0x7fa09e00ec60][render thread 0x7fa09c606e00] syncAndRender: frame rendered in 0ms, sync=0, render=0, swap=0
Aug 28 18:45:17 hearth quickshell[181612]:  DEBUG qt.scenegraph.time.renderloop: [window 0x7fa09af9dc70][gui thread] Frame prepared, polish=0 ms, lock=0 ms, blockedForSync=0 ms, animations=0 ms
Aug 28 18:45:17 hearth quickshell[181612]:  DEBUG qt.scenegraph.time.renderer: time in renderer: total=0ms, preprocess=0, updates=0, rendering=0
Aug 28 18:45:17 hearth quickshell[181612]:  DEBUG qt.scenegraph.time.renderloop: [window 0x7fa09e00ec60][gui thread] polishAndSync: start, elapsed since last call: 16 ms
Aug 28 18:45:17 hearth quickshell[181612]:  DEBUG qt.scenegraph.time.renderloop: [window 0x7fa09af9dc70][render thread 0x7fa09c607420] syncAndRender: frame rendered in 16ms, sync=0, render=0, swap=16
Aug 28 18:45:17 hearth quickshell[181612]:  DEBUG qt.scenegraph.time.renderloop: [window 0x7fa09e00ec60][render thread 0x7fa09c606e00] syncAndRender: start, elapsed since last call: 16 ms
Aug 28 18:45:17 hearth quickshell[181612]:  DEBUG qt.scenegraph.time.renderloop: [window 0x7fa09e00ec60][gui thread] Frame prepared, polish=0 ms, lock=0 ms, blockedForSync=0 ms, animations=0 ms
Aug 28 18:45:17 hearth quickshell[181612]:  DEBUG qt.scenegraph.time.renderloop: [window 0x7fa09af9dc70][gui thread] polishAndSync: start, elapsed since last call: 16 ms
Aug 28 18:45:17 hearth quickshell[181612]:  DEBUG qt.scenegraph.time.renderer: time in renderer: total=0ms, preprocess=0, updates=0, rendering=0
Aug 28 18:45:17 hearth quickshell[181612]:  DEBUG qt.scenegraph.time.renderloop: [window 0x7fa09af9dc70][render thread 0x7fa09c607420] syncAndRender: start, elapsed since last call: 16 ms
Aug 28 18:45:17 hearth quickshell[181612]:  DEBUG qt.scenegraph.time.renderloop: [window 0x7fa09e00ec60][render thread 0x7fa09c606e00] syncAndRender: frame rendered in 0ms, sync=0, render=0, swap=0
Aug 28 18:45:17 hearth quickshell[181612]:  DEBUG qt.scenegraph.time.renderloop: [window 0x7fa09af9dc70][gui thread] Frame prepared, polish=0 ms, lock=0 ms, blockedForSync=0 ms, animations=0 ms
Aug 28 18:45:17 hearth quickshell[181612]:  DEBUG qt.scenegraph.time.renderer: time in renderer: total=0ms, preprocess=0, updates=0, rendering=0
Aug 28 18:45:17 hearth quickshell[181612]:  DEBUG qt.scenegraph.time.renderloop: [window 0x7fa09e00ec60][gui thread] polishAndSync: start, elapsed since last call: 16 ms
Aug 28 18:45:17 hearth quickshell[181612]:  DEBUG qt.scenegraph.time.renderloop: [window 0x7fa09af9dc70][render thread 0x7fa09c607420] syncAndRender: frame rendered in 16ms, sync=0, render=0, swap=16
Aug 28 18:45:17 hearth quickshell[181612]:  DEBUG qt.scenegraph.time.renderloop: [window 0x7fa09e00ec60][render thread 0x7fa09c606e00] syncAndRender: start, elapsed since last call: 16 ms
Aug 28 18:45:17 hearth quickshell[181612]:  DEBUG qt.scenegraph.time.renderloop: [window 0x7fa09e00ec60][gui thread] Frame prepared, polish=0 ms, lock=0 ms, blockedForSync=0 ms, animations=0 ms
Aug 28 18:45:17 hearth quickshell[181612]:  DEBUG qt.scenegraph.time.renderloop: [window 0x7fa09af9dc70][gui thread] polishAndSync: start, elapsed since last call: 16 ms
Aug 28 18:45:17 hearth quickshell[181612]:  DEBUG qt.scenegraph.time.renderer: time in renderer: total=0ms, preprocess=0, updates=0, rendering=0
Aug 28 18:45:17 hearth quickshell[181612]:  DEBUG qt.scenegraph.time.renderloop: [window 0x7fa09af9dc70][render thread 0x7fa09c607420] syncAndRender: start, elapsed since last call: 16 ms
Aug 28 18:45:17 hearth quickshell[181612]:  DEBUG qt.scenegraph.time.renderloop: [window 0x7fa09e00ec60][render thread 0x7fa09c606e00] syncAndRender: frame rendered in 0ms, sync=0, render=0, swap=0
Aug 28 18:45:17 hearth quickshell[181612]:  DEBUG qt.scenegraph.time.renderloop: [window 0x7fa09af9dc70][gui thread] Frame prepared, polish=0 ms, lock=0 ms, blockedForSync=0 ms, animations=0 ms
Aug 28 18:45:17 hearth quickshell[181612]:  DEBUG qt.scenegraph.time.renderer: time in renderer: total=0ms, preprocess=0, updates=0, rendering=0
Aug 28 18:45:17 hearth quickshell[181612]:  DEBUG qt.scenegraph.time.renderloop: [window 0x7fa09e00ec60][gui thread] polishAndSync: start, elapsed since last call: 16 ms
Aug 28 18:45:17 hearth quickshell[181612]:  DEBUG qt.scenegraph.time.renderloop: [window 0x7fa09af9dc70][render thread 0x7fa09c607420] syncAndRender: frame rendered in 16ms, sync=0, render=0, swap=16
Aug 28 18:45:17 hearth quickshell[181612]:  DEBUG qt.scenegraph.time.renderloop: [window 0x7fa09e00ec60][render thread 0x7fa09c606e00] syncAndRender: start, elapsed since last call: 16 ms
Aug 28 18:45:17 hearth quickshell[181612]:  DEBUG qt.scenegraph.time.renderer: time in renderer: total=0ms, preprocess=0, updates=0, rendering=0
Aug 28 18:45:17 hearth quickshell[181612]:  DEBUG qt.scenegraph.time.renderloop: [window 0x7fa09e00ec60][gui thread] Frame prepared, polish=0 ms, lock=0 ms, blockedForSync=0 ms, animations=0 ms
Aug 28 18:45:17 hearth quickshell[181612]:  DEBUG qt.scenegraph.time.renderloop: [window 0x7fa09af9dc70][gui thread] polishAndSync: start, elapsed since last call: 16 ms
Aug 28 18:45:17 hearth quickshell[181612]:  DEBUG qt.scenegraph.time.renderloop: [window 0x7fa09af9dc70][render thread 0x7fa09c607420] syncAndRender: start, elapsed since last call: 16 ms
Aug 28 18:45:17 hearth quickshell[181612]:  DEBUG qt.scenegraph.time.renderloop: [window 0x7fa09e00ec60][render thread 0x7fa09c606e00] syncAndRender: frame rendered in 0ms, sync=0, render=0, swap=0
Aug 28 18:45:17 hearth quickshell[181612]:  DEBUG qt.scenegraph.time.renderloop: [window 0x7fa09af9dc70][gui thread] Frame prepared, polish=0 ms, lock=0 ms, blockedForSync=0 ms, animations=0 ms
Aug 28 18:45:17 hearth quickshell[181612]:  DEBUG qt.scenegraph.time.renderer: time in renderer: total=0ms, preprocess=0, updates=0, rendering=0
Aug 28 18:45:17 hearth quickshell[181612]:  DEBUG qt.scenegraph.time.renderloop: [window 0x7fa09e00ec60][gui thread] polishAndSync: start, elapsed since last call: 16 ms
Aug 28 18:45:17 hearth quickshell[181612]:  DEBUG qt.scenegraph.time.renderloop: [window 0x7fa09af9dc70][render thread 0x7fa09c607420] syncAndRender: frame rendered in 16ms, sync=0, render=0, swap=16
Aug 28 18:45:17 hearth quickshell[181612]:  DEBUG qt.scenegraph.time.renderloop: [window 0x7fa09e00ec60][render thread 0x7fa09c606e00] syncAndRender: start, elapsed since last call: 16 ms
Aug 28 18:45:17 hearth quickshell[181612]:  DEBUG qt.scenegraph.time.renderloop: [window 0x7fa09e00ec60][gui thread] Frame prepared, polish=0 ms, lock=0 ms, blockedForSync=0 ms, animations=0 ms
Aug 28 18:45:17 hearth quickshell[181612]:  DEBUG qt.scenegraph.time.renderer: time in renderer: total=0ms, preprocess=0, updates=0, rendering=0
Aug 28 18:45:17 hearth quickshell[181612]:  DEBUG qt.scenegraph.time.renderloop: [window 0x7fa09af9dc70][gui thread] polishAndSync: start, elapsed since last call: 16 ms
Aug 28 18:45:17 hearth quickshell[181612]:  DEBUG qt.scenegraph.time.renderloop: [window 0x7fa09e00ec60][render thread 0x7fa09c606e00] syncAndRender: frame rendered in 0ms, sync=0, render=0, swap=0
Aug 28 18:45:17 hearth quickshell[181612]:  DEBUG qt.scenegraph.time.renderloop: [window 0x7fa09af9dc70][render thread 0x7fa09c607420] syncAndRender: start, elapsed since last call: 17 ms
Aug 28 18:45:17 hearth quickshell[181612]:  DEBUG qt.scenegraph.time.renderloop: [window 0x7fa09af9dc70][gui thread] Frame prepared, polish=0 ms, lock=0 ms, blockedForSync=0 ms, animations=0 ms
Aug 28 18:45:17 hearth quickshell[181612]:  DEBUG qt.scenegraph.time.renderer: time in renderer: total=0ms, preprocess=0, updates=0, rendering=0
Aug 28 18:45:17 hearth quickshell[181612]:  DEBUG qt.scenegraph.time.renderloop: [window 0x7fa09e00ec60][gui thread] polishAndSync: start, elapsed since last call: 16 ms
Aug 28 18:45:17 hearth quickshell[181612]:  DEBUG qt.scenegraph.time.renderloop: [window 0x7fa09af9dc70][render thread 0x7fa09c607420] syncAndRender: frame rendered in 16ms, sync=0, render=0, swap=15
Aug 28 18:45:17 hearth quickshell[181612]:  DEBUG qt.scenegraph.time.renderloop: [window 0x7fa09e00ec60][render thread 0x7fa09c606e00] syncAndRender: start, elapsed since last call: 16 ms
Aug 28 18:45:17 hearth quickshell[181612]:  DEBUG qt.scenegraph.time.renderloop: [window 0x7fa09e00ec60][gui thread] Frame prepared, polish=0 ms, lock=0 ms, blockedForSync=0 ms, animations=0 ms
Aug 28 18:45:17 hearth quickshell[181612]:  DEBUG qt.scenegraph.time.renderer: time in renderer: total=0ms, preprocess=0, updates=0, rendering=0
Aug 28 18:45:17 hearth quickshell[181612]:  DEBUG qt.scenegraph.time.renderloop: [window 0x7fa09af9dc70][gui thread] polishAndSync: start, elapsed since last call: 16 ms
Aug 28 18:45:17 hearth quickshell[181612]:  DEBUG qt.scenegraph.time.renderloop: [window 0x7fa09af9dc70][render thread 0x7fa09c607420] syncAndRender: start, elapsed since last call: 16 ms
Aug 28 18:45:17 hearth quickshell[181612]:  DEBUG qt.scenegraph.time.renderloop: [window 0x7fa09e00ec60][render thread 0x7fa09c606e00] syncAndRender: frame rendered in 0ms, sync=0, render=0, swap=0
Aug 28 18:45:17 hearth quickshell[181612]:  DEBUG qt.scenegraph.time.renderloop: [window 0x7fa09af9dc70][gui thread] Frame prepared, polish=0 ms, lock=0 ms, blockedForSync=0 ms, animations=0 ms
Aug 28 18:45:17 hearth quickshell[181612]:  DEBUG qt.scenegraph.time.renderer: time in renderer: total=0ms, preprocess=0, updates=0, rendering=0
Aug 28 18:45:17 hearth quickshell[181612]:  DEBUG qt.scenegraph.time.renderloop: [window 0x7fa09e00ec60][gui thread] polishAndSync: start, elapsed since last call: 16 ms
Aug 28 18:45:17 hearth quickshell[181612]:  DEBUG qt.scenegraph.time.renderloop: [window 0x7fa09af9dc70][render thread 0x7fa09c607420] syncAndRender: frame rendered in 16ms, sync=0, render=0, swap=16
Aug 28 18:45:17 hearth quickshell[181612]:  DEBUG qt.scenegraph.time.renderloop: [window 0x7fa09e00ec60][render thread 0x7fa09c606e00] syncAndRender: start, elapsed since last call: 16 ms
Aug 28 18:45:17 hearth quickshell[181612]:  DEBUG qt.scenegraph.time.renderloop: [window 0x7fa09e00ec60][gui thread] Frame prepared, polish=0 ms, lock=0 ms, blockedForSync=0 ms, animations=0 ms
Aug 28 18:45:17 hearth quickshell[181612]:  DEBUG qt.scenegraph.time.renderer: time in renderer: total=0ms, preprocess=0, updates=0, rendering=0
Aug 28 18:45:17 hearth quickshell[181612]:  DEBUG qt.scenegraph.time.renderloop: [window 0x7fa09af9dc70][gui thread] polishAndSync: start, elapsed since last call: 16 ms
Aug 28 18:45:17 hearth quickshell[181612]:  DEBUG qt.scenegraph.time.renderloop: [window 0x7fa09af9dc70][render thread 0x7fa09c607420] syncAndRender: start, elapsed since last call: 16 ms
Aug 28 18:45:17 hearth quickshell[181612]:  DEBUG qt.scenegraph.time.renderloop: [window 0x7fa09e00ec60][render thread 0x7fa09c606e00] syncAndRender: frame rendered in 0ms, sync=0, render=0, swap=0
Aug 28 18:45:17 hearth quickshell[181612]:  DEBUG qt.scenegraph.time.renderloop: [window 0x7fa09af9dc70][gui thread] Frame prepared, polish=0 ms, lock=0 ms, blockedForSync=0 ms, animations=0 ms
Aug 28 18:45:17 hearth quickshell[181612]:  DEBUG qt.scenegraph.time.renderer: time in renderer: total=0ms, preprocess=0, updates=0, rendering=0
Aug 28 18:45:17 hearth quickshell[181612]:  DEBUG qt.scenegraph.time.renderloop: [window 0x7fa09e00ec60][gui thread] polishAndSync: start, elapsed since last call: 16 ms
Aug 28 18:45:17 hearth quickshell[181612]:  DEBUG qt.scenegraph.time.renderloop: [window 0x7fa09af9dc70][render thread 0x7fa09c607420] syncAndRender: frame rendered in 16ms, sync=0, render=0, swap=16
Aug 28 18:45:17 hearth quickshell[181612]:  DEBUG qt.scenegraph.time.renderloop: [window 0x7fa09e00ec60][render thread 0x7fa09c606e00] syncAndRender: start, elapsed since last call: 16 ms
Aug 28 18:45:17 hearth quickshell[181612]:  DEBUG qt.scenegraph.time.renderer: time in renderer: total=0ms, preprocess=0, updates=0, rendering=0
Aug 28 18:45:17 hearth quickshell[181612]:  DEBUG qt.scenegraph.time.renderloop: [window 0x7fa09e00ec60][gui thread] Frame prepared, polish=0 ms, lock=0 ms, blockedForSync=0 ms, animations=0 ms
Aug 28 18:45:17 hearth quickshell[181612]:  DEBUG qt.scenegraph.time.renderloop: [window 0x7fa09af9dc70][gui thread] polishAndSync: start, elapsed since last call: 16 ms
Aug 28 18:45:17 hearth quickshell[181612]:  DEBUG qt.scenegraph.time.renderloop: [window 0x7fa09af9dc70][render thread 0x7fa09c607420] syncAndRender: start, elapsed since last call: 16 ms
Aug 28 18:45:17 hearth quickshell[181612]:  DEBUG qt.scenegraph.time.renderloop: [window 0x7fa09e00ec60][render thread 0x7fa09c606e00] syncAndRender: frame rendered in 0ms, sync=0, render=0, swap=0
Aug 28 18:45:17 hearth quickshell[181612]:  DEBUG qt.scenegraph.time.renderloop: [window 0x7fa09af9dc70][gui thread] Frame prepared, polish=0 ms, lock=0 ms, blockedForSync=0 ms, animations=0 ms
Aug 28 18:45:17 hearth quickshell[181612]:  DEBUG qt.scenegraph.time.renderer: time in renderer: total=0ms, preprocess=0, updates=0, rendering=0
Aug 28 18:45:17 hearth quickshell[181612]:  DEBUG qt.scenegraph.time.renderloop: [window 0x7fa09e00ec60][gui thread] polishAndSync: start, elapsed since last call: 16 ms
Aug 28 18:45:17 hearth quickshell[181612]:  DEBUG qt.scenegraph.time.renderloop: [window 0x7fa09af9dc70][render thread 0x7fa09c607420] syncAndRender: frame rendered in 16ms, sync=0, render=0, swap=16
Aug 28 18:45:17 hearth quickshell[181612]:  DEBUG qt.scenegraph.time.renderloop: [window 0x7fa09e00ec60][render thread 0x7fa09c606e00] syncAndRender: start, elapsed since last call: 16 ms
Aug 28 18:45:17 hearth quickshell[181612]:  DEBUG qt.scenegraph.time.renderloop: [window 0x7fa09e00ec60][gui thread] Frame prepared, polish=0 ms, lock=0 ms, blockedForSync=0 ms, animations=0 ms
Aug 28 18:45:17 hearth quickshell[181612]:  DEBUG qt.scenegraph.time.renderer: time in renderer: total=0ms, preprocess=0, updates=0, rendering=0
Aug 28 18:45:17 hearth quickshell[181612]:  DEBUG qt.scenegraph.time.renderloop: [window 0x7fa09af9dc70][gui thread] polishAndSync: start, elapsed since last call: 16 ms
Aug 28 18:45:17 hearth quickshell[181612]:  DEBUG qt.scenegraph.time.renderloop: [window 0x7fa09af9dc70][render thread 0x7fa09c607420] syncAndRender: start, elapsed since last call: 16 ms
Aug 28 18:45:17 hearth quickshell[181612]:  DEBUG qt.scenegraph.time.renderloop: [window 0x7fa09e00ec60][render thread 0x7fa09c606e00] syncAndRender: frame rendered in 0ms, sync=0, render=0, swap=0
Aug 28 18:45:17 hearth quickshell[181612]:  DEBUG qt.scenegraph.time.renderloop: [window 0x7fa09af9dc70][gui thread] Frame prepared, polish=0 ms, lock=0 ms, blockedForSync=0 ms, animations=0 ms
Aug 28 18:45:17 hearth quickshell[181612]:  DEBUG qt.scenegraph.time.renderer: time in renderer: total=0ms, preprocess=0, updates=0, rendering=0
Aug 28 18:45:17 hearth quickshell[181612]:  DEBUG qt.scenegraph.time.renderloop: [window 0x7fa09e00ec60][gui thread] polishAndSync: start, elapsed since last call: 16 ms
Aug 28 18:45:17 hearth quickshell[181612]:  DEBUG qt.scenegraph.time.renderloop: [window 0x7fa09af9dc70][render thread 0x7fa09c607420] syncAndRender: frame rendered in 16ms, sync=0, render=0, swap=16
Aug 28 18:45:17 hearth quickshell[181612]:  DEBUG qt.scenegraph.time.renderloop: [window 0x7fa09e00ec60][render thread 0x7fa09c606e00] syncAndRender: start, elapsed since last call: 16 ms
Aug 28 18:45:17 hearth quickshell[181612]:  DEBUG qt.scenegraph.time.renderer: time in renderer: total=0ms, preprocess=0, updates=0, rendering=0
Aug 28 18:45:17 hearth quickshell[181612]:  DEBUG qt.scenegraph.time.renderloop: [window 0x7fa09e00ec60][gui thread] Frame prepared, polish=0 ms, lock=0 ms, blockedForSync=0 ms, animations=0 ms
Aug 28 18:45:17 hearth quickshell[181612]:  DEBUG qt.scenegraph.time.renderloop: [window 0x7fa09af9dc70][gui thread] polishAndSync: start, elapsed since last call: 16 ms
Aug 28 18:45:17 hearth quickshell[181612]:  DEBUG qt.scenegraph.time.renderloop: [window 0x7fa09e00ec60][render thread 0x7fa09c606e00] syncAndRender: frame rendered in 0ms, sync=0, render=0, swap=0
Aug 28 18:45:17 hearth quickshell[181612]:  DEBUG qt.scenegraph.time.renderloop: [window 0x7fa09af9dc70][render thread 0x7fa09c607420] syncAndRender: start, elapsed since last call: 16 ms
Aug 28 18:45:17 hearth quickshell[181612]:  DEBUG qt.scenegraph.time.renderloop: [window 0x7fa09af9dc70][gui thread] Frame prepared, polish=0 ms, lock=0 ms, blockedForSync=0 ms, animations=0 ms
Aug 28 18:45:17 hearth quickshell[181612]:  DEBUG qt.scenegraph.time.renderer: time in renderer: total=0ms, preprocess=0, updates=0, rendering=0
Aug 28 18:45:17 hearth quickshell[181612]:  DEBUG qt.scenegraph.time.renderloop: [window 0x7fa09e00ec60][gui thread] polishAndSync: start, elapsed since last call: 16 ms
Aug 28 18:45:17 hearth quickshell[181612]:  DEBUG qt.scenegraph.time.renderloop: [window 0x7fa09af9dc70][render thread 0x7fa09c607420] syncAndRender: frame rendered in 16ms, sync=0, render=0, swap=16
Aug 28 18:45:17 hearth quickshell[181612]:  DEBUG qt.scenegraph.time.renderloop: [window 0x7fa09e00ec60][render thread 0x7fa09c606e00] syncAndRender: start, elapsed since last call: 16 ms
Aug 28 18:45:17 hearth quickshell[181612]:  DEBUG qt.scenegraph.time.renderer: time in renderer: total=0ms, preprocess=0, updates=0, rendering=0
Aug 28 18:45:17 hearth quickshell[181612]:  DEBUG qt.scenegraph.time.renderloop: [window 0x7fa09e00ec60][gui thread] Frame prepared, polish=0 ms, lock=0 ms, blockedForSync=0 ms, animations=0 ms
Aug 28 18:45:17 hearth quickshell[181612]:  DEBUG qt.scenegraph.time.renderloop: [window 0x7fa09af9dc70][gui thread] polishAndSync: start, elapsed since last call: 16 ms
Aug 28 18:45:17 hearth quickshell[181612]:  DEBUG qt.scenegraph.time.renderloop: [window 0x7fa09af9dc70][render thread 0x7fa09c607420] syncAndRender: start, elapsed since last call: 16 ms
Aug 28 18:45:17 hearth quickshell[181612]:  DEBUG qt.scenegraph.time.renderloop: [window 0x7fa09e00ec60][render thread 0x7fa09c606e00] syncAndRender: frame rendered in 0ms, sync=0, render=0, swap=0
Aug 28 18:45:17 hearth quickshell[181612]:  DEBUG qt.scenegraph.time.renderloop: [window 0x7fa09af9dc70][gui thread] Frame prepared, polish=0 ms, lock=0 ms, blockedForSync=0 ms, animations=0 ms
Aug 28 18:45:17 hearth quickshell[181612]:  DEBUG qt.scenegraph.time.renderer: time in renderer: total=0ms, preprocess=0, updates=0, rendering=0
Aug 28 18:45:17 hearth quickshell[181612]:  DEBUG qt.scenegraph.time.renderloop: [window 0x7fa09e00ec60][gui thread] polishAndSync: start, elapsed since last call: 16 ms
Aug 28 18:45:17 hearth quickshell[181612]:  DEBUG qt.scenegraph.time.renderloop: [window 0x7fa09af9dc70][render thread 0x7fa09c607420] syncAndRender: frame rendered in 16ms, sync=0, render=0, swap=15
Aug 28 18:45:17 hearth quickshell[181612]:  DEBUG qt.scenegraph.time.renderloop: [window 0x7fa09e00ec60][render thread 0x7fa09c606e00] syncAndRender: start, elapsed since last call: 16 ms
Aug 28 18:45:17 hearth quickshell[181612]:  DEBUG qt.scenegraph.time.renderloop: [window 0x7fa09e00ec60][gui thread] Frame prepared, polish=0 ms, lock=0 ms, blockedForSync=0 ms, animations=0 ms
Aug 28 18:45:17 hearth quickshell[181612]:  DEBUG qt.scenegraph.time.renderer: time in renderer: total=0ms, preprocess=0, updates=0, rendering=0
Aug 28 18:45:17 hearth quickshell[181612]:  DEBUG qt.scenegraph.time.renderloop: [window 0x7fa09af9dc70][gui thread] polishAndSync: start, elapsed since last call: 16 ms
Aug 28 18:45:17 hearth quickshell[181612]:  DEBUG qt.scenegraph.time.renderloop: [window 0x7fa09af9dc70][render thread 0x7fa09c607420] syncAndRender: start, elapsed since last call: 16 ms
Aug 28 18:45:17 hearth quickshell[181612]:  DEBUG qt.scenegraph.time.renderloop: [window 0x7fa09e00ec60][render thread 0x7fa09c606e00] syncAndRender: frame rendered in 0ms, sync=0, render=0, swap=0
Aug 28 18:45:17 hearth quickshell[181612]:  DEBUG qt.scenegraph.time.renderloop: [window 0x7fa09af9dc70][gui thread] Frame prepared, polish=0 ms, lock=0 ms, blockedForSync=0 ms, animations=0 ms
Aug 28 18:45:17 hearth quickshell[181612]:  DEBUG qt.scenegraph.time.renderer: time in renderer: total=0ms, preprocess=0, updates=0, rendering=0
Aug 28 18:45:17 hearth quickshell[181612]:  DEBUG qt.scenegraph.time.renderloop: [window 0x7fa09e00ec60][gui thread] polishAndSync: start, elapsed since last call: 16 ms
Aug 28 18:45:17 hearth quickshell[181612]:  DEBUG qt.scenegraph.time.renderloop: [window 0x7fa09af9dc70][render thread 0x7fa09c607420] syncAndRender: frame rendered in 16ms, sync=0, render=0, swap=16
Aug 28 18:45:17 hearth quickshell[181612]:  DEBUG qt.scenegraph.time.renderloop: [window 0x7fa09e00ec60][render thread 0x7fa09c606e00] syncAndRender: start, elapsed since last call: 16 ms
Aug 28 18:45:17 hearth quickshell[181612]:  DEBUG qt.scenegraph.time.renderloop: [window 0x7fa09e00ec60][gui thread] Frame prepared, polish=0 ms, lock=0 ms, blockedForSync=0 ms, animations=0 ms
Aug 28 18:45:17 hearth quickshell[181612]:  DEBUG qt.scenegraph.time.renderer: time in renderer: total=0ms, preprocess=0, updates=0, rendering=0
Aug 28 18:45:17 hearth quickshell[181612]:  DEBUG qt.scenegraph.time.renderloop: [window 0x7fa09af9dc70][gui thread] polishAndSync: start, elapsed since last call: 16 ms
Aug 28 18:45:17 hearth quickshell[181612]:  DEBUG qt.scenegraph.time.renderloop: [window 0x7fa09e00ec60][render thread 0x7fa09c606e00] syncAndRender: frame rendered in 0ms, sync=0, render=0, swap=0
Aug 28 18:45:17 hearth quickshell[181612]:  DEBUG qt.scenegraph.time.renderloop: [window 0x7fa09af9dc70][render thread 0x7fa09c607420] syncAndRender: start, elapsed since last call: 16 ms
Aug 28 18:45:17 hearth quickshell[181612]:  DEBUG qt.scenegraph.time.renderloop: [window 0x7fa09af9dc70][gui thread] Frame prepared, polish=0 ms, lock=0 ms, blockedForSync=0 ms, animations=0 ms
Aug 28 18:45:17 hearth quickshell[181612]:  DEBUG qt.scenegraph.time.renderer: time in renderer: total=0ms, preprocess=0, updates=0, rendering=0
Aug 28 18:45:17 hearth quickshell[181612]:  DEBUG qt.scenegraph.time.renderloop: [window 0x7fa09af9dc70][render thread 0x7fa09c607420] syncAndRender: frame rendered in 16ms, sync=0, render=0, swap=16
Aug 28 18:45:17 hearth quickshell[181612]:  DEBUG qt.scenegraph.time.renderloop: [window 0x7fa09e00ec60][gui thread] polishAndSync: start, elapsed since last call: 17 ms
Aug 28 18:45:17 hearth quickshell[181612]:  DEBUG qt.scenegraph.time.renderloop: [window 0x7fa09e00ec60][render thread 0x7fa09c606e00] syncAndRender: start, elapsed since last call: 17 ms
Aug 28 18:45:17 hearth quickshell[181612]:  DEBUG qt.scenegraph.time.renderer: time in renderer: total=0ms, preprocess=0, updates=0, rendering=0
Aug 28 18:45:17 hearth quickshell[181612]:  DEBUG qt.scenegraph.time.renderloop: [window 0x7fa09e00ec60][gui thread] Frame prepared, polish=0 ms, lock=0 ms, blockedForSync=0 ms, animations=0 ms
Aug 28 18:45:17 hearth quickshell[181612]:  DEBUG qt.scenegraph.time.renderloop: [window 0x7fa09af9dc70][gui thread] polishAndSync: start, elapsed since last call: 17 ms
Aug 28 18:45:17 hearth quickshell[181612]:  DEBUG qt.scenegraph.time.renderloop: [window 0x7fa09e00ec60][render thread 0x7fa09c606e00] syncAndRender: frame rendered in 0ms, sync=0, render=0, swap=0
Aug 28 18:45:17 hearth quickshell[181612]:  DEBUG qt.scenegraph.time.renderloop: [window 0x7fa09af9dc70][render thread 0x7fa09c607420] syncAndRender: start, elapsed since last call: 17 ms
Aug 28 18:45:17 hearth quickshell[181612]:  DEBUG qt.scenegraph.time.renderloop: [window 0x7fa09af9dc70][gui thread] Frame prepared, polish=0 ms, lock=0 ms, blockedForSync=0 ms, animations=0 ms
Aug 28 18:45:17 hearth quickshell[181612]:  DEBUG qt.scenegraph.time.renderer: time in renderer: total=0ms, preprocess=0, updates=0, rendering=0
Aug 28 18:45:17 hearth quickshell[181612]:  DEBUG qt.scenegraph.time.renderloop: [window 0x7fa09e00ec60][gui thread] polishAndSync: start, elapsed since last call: 16 ms
Aug 28 18:45:17 hearth quickshell[181612]:  DEBUG qt.scenegraph.time.renderloop: [window 0x7fa09af9dc70][render thread 0x7fa09c607420] syncAndRender: frame rendered in 16ms, sync=0, render=0, swap=15
Aug 28 18:45:17 hearth quickshell[181612]:  DEBUG qt.scenegraph.time.renderloop: [window 0x7fa09e00ec60][render thread 0x7fa09c606e00] syncAndRender: start, elapsed since last call: 16 ms
Aug 28 18:45:17 hearth quickshell[181612]:  DEBUG qt.scenegraph.time.renderloop: [window 0x7fa09e00ec60][gui thread] Frame prepared, polish=0 ms, lock=0 ms, blockedForSync=0 ms, animations=0 ms
Aug 28 18:45:17 hearth quickshell[181612]:  DEBUG qt.scenegraph.time.renderer: time in renderer: total=0ms, preprocess=0, updates=0, rendering=0
Aug 28 18:45:17 hearth quickshell[181612]:  DEBUG qt.scenegraph.time.renderloop: [window 0x7fa09af9dc70][gui thread] polishAndSync: start, elapsed since last call: 16 ms
Aug 28 18:45:17 hearth quickshell[181612]:  DEBUG qt.scenegraph.time.renderloop: [window 0x7fa09af9dc70][render thread 0x7fa09c607420] syncAndRender: start, elapsed since last call: 16 ms
Aug 28 18:45:17 hearth quickshell[181612]:  DEBUG qt.scenegraph.time.renderloop: [window 0x7fa09af9dc70][gui thread] Frame prepared, polish=0 ms, lock=0 ms, blockedForSync=0 ms, animations=0 ms
Aug 28 18:45:17 hearth quickshell[181612]:  DEBUG qt.scenegraph.time.renderloop: [window 0x7fa09e00ec60][render thread 0x7fa09c606e00] syncAndRender: frame rendered in 0ms, sync=0, render=0, swap=0
Aug 28 18:45:17 hearth quickshell[181612]:  DEBUG qt.scenegraph.time.renderer: time in renderer: total=0ms, preprocess=0, updates=0, rendering=0
Aug 28 18:45:17 hearth quickshell[181612]:  DEBUG qt.scenegraph.time.renderloop: [window 0x7fa09e00ec60][gui thread] polishAndSync: start, elapsed since last call: 16 ms
Aug 28 18:45:17 hearth quickshell[181612]:  DEBUG qt.scenegraph.time.renderloop: [window 0x7fa09af9dc70][render thread 0x7fa09c607420] syncAndRender: frame rendered in 16ms, sync=0, render=0, swap=16
Aug 28 18:45:17 hearth quickshell[181612]:  DEBUG qt.scenegraph.time.renderloop: [window 0x7fa09e00ec60][render thread 0x7fa09c606e00] syncAndRender: start, elapsed since last call: 16 ms
Aug 28 18:45:17 hearth quickshell[181612]:  DEBUG qt.scenegraph.time.renderloop: [window 0x7fa09e00ec60][gui thread] Frame prepared, polish=0 ms, lock=0 ms, blockedForSync=0 ms, animations=0 ms
Aug 28 18:45:17 hearth quickshell[181612]:  DEBUG qt.scenegraph.time.renderloop: [window 0x7fa09af9dc70][gui thread] polishAndSync: start, elapsed since last call: 16 ms
Aug 28 18:45:17 hearth quickshell[181612]:  DEBUG qt.scenegraph.time.renderer: time in renderer: total=0ms, preprocess=0, updates=0, rendering=0
Aug 28 18:45:17 hearth quickshell[181612]:  DEBUG qt.scenegraph.time.renderloop: [window 0x7fa09e00ec60][render thread 0x7fa09c606e00] syncAndRender: frame rendered in 0ms, sync=0, render=0, swap=0
Aug 28 18:45:17 hearth quickshell[181612]:  DEBUG qt.scenegraph.time.renderloop: [window 0x7fa09af9dc70][render thread 0x7fa09c607420] syncAndRender: start, elapsed since last call: 16 ms
Aug 28 18:45:17 hearth quickshell[181612]:  DEBUG qt.scenegraph.time.renderloop: [window 0x7fa09af9dc70][gui thread] Frame prepared, polish=0 ms, lock=0 ms, blockedForSync=0 ms, animations=0 ms
Aug 28 18:45:17 hearth quickshell[181612]:  DEBUG qt.scenegraph.time.renderer: time in renderer: total=0ms, preprocess=0, updates=0, rendering=0
Aug 28 18:45:17 hearth quickshell[181612]:  DEBUG qt.scenegraph.time.renderloop: [window 0x7fa09e00ec60][gui thread] polishAndSync: start, elapsed since last call: 16 ms
Aug 28 18:45:17 hearth quickshell[181612]:  DEBUG qt.scenegraph.time.renderloop: [window 0x7fa09af9dc70][render thread 0x7fa09c607420] syncAndRender: frame rendered in 16ms, sync=0, render=0, swap=15
Aug 28 18:45:17 hearth quickshell[181612]:  DEBUG qt.scenegraph.time.renderloop: [window 0x7fa09e00ec60][render thread 0x7fa09c606e00] syncAndRender: start, elapsed since last call: 16 ms
Aug 28 18:45:17 hearth quickshell[181612]:  DEBUG qt.scenegraph.time.renderer: time in renderer: total=0ms, preprocess=0, updates=0, rendering=0
Aug 28 18:45:17 hearth quickshell[181612]:  DEBUG qt.scenegraph.time.renderloop: [window 0x7fa09e00ec60][gui thread] Frame prepared, polish=0 ms, lock=0 ms, blockedForSync=0 ms, animations=0 ms
Aug 28 18:45:17 hearth quickshell[181612]:  DEBUG qt.scenegraph.time.renderloop: [window 0x7fa09af9dc70][gui thread] polishAndSync: start, elapsed since last call: 16 ms
Aug 28 18:45:17 hearth quickshell[181612]:  DEBUG qt.scenegraph.time.renderloop: [window 0x7fa09af9dc70][render thread 0x7fa09c607420] syncAndRender: start, elapsed since last call: 16 ms
Aug 28 18:45:17 hearth quickshell[181612]:  DEBUG qt.scenegraph.time.renderloop: [window 0x7fa09e00ec60][render thread 0x7fa09c606e00] syncAndRender: frame rendered in 0ms, sync=0, render=0, swap=0
Aug 28 18:45:17 hearth quickshell[181612]:  DEBUG qt.scenegraph.time.renderloop: [window 0x7fa09af9dc70][gui thread] Frame prepared, polish=0 ms, lock=0 ms, blockedForSync=0 ms, animations=0 ms
Aug 28 18:45:17 hearth quickshell[181612]:  DEBUG qt.scenegraph.time.renderer: time in renderer: total=0ms, preprocess=0, updates=0, rendering=0
Aug 28 18:45:17 hearth quickshell[181612]:  DEBUG qt.scenegraph.time.renderloop: [window 0x7fa09e00ec60][gui thread] polishAndSync: start, elapsed since last call: 16 ms
Aug 28 18:45:17 hearth quickshell[181612]:  DEBUG qt.scenegraph.time.renderloop: [window 0x7fa09af9dc70][render thread 0x7fa09c607420] syncAndRender: frame rendered in 16ms, sync=0, render=0, swap=16
Aug 28 18:45:17 hearth quickshell[181612]:  DEBUG qt.scenegraph.time.renderloop: [window 0x7fa09e00ec60][render thread 0x7fa09c606e00] syncAndRender: start, elapsed since last call: 16 ms
Aug 28 18:45:17 hearth quickshell[181612]:  DEBUG qt.scenegraph.time.renderer: time in renderer: total=0ms, preprocess=0, updates=0, rendering=0
Aug 28 18:45:17 hearth quickshell[181612]:  DEBUG qt.scenegraph.time.renderloop: [window 0x7fa09e00ec60][gui thread] Frame prepared, polish=0 ms, lock=0 ms, blockedForSync=0 ms, animations=0 ms
Aug 28 18:45:17 hearth quickshell[181612]:  DEBUG qt.scenegraph.time.renderloop: [window 0x7fa09af9dc70][gui thread] polishAndSync: start, elapsed since last call: 16 ms
Aug 28 18:45:17 hearth quickshell[181612]:  DEBUG qt.scenegraph.time.renderloop: [window 0x7fa09e00ec60][render thread 0x7fa09c606e00] syncAndRender: frame rendered in 0ms, sync=0, render=0, swap=0
Aug 28 18:45:17 hearth quickshell[181612]:  DEBUG qt.scenegraph.time.renderloop: [window 0x7fa09af9dc70][render thread 0x7fa09c607420] syncAndRender: start, elapsed since last call: 16 ms
Aug 28 18:45:17 hearth quickshell[181612]:  DEBUG qt.scenegraph.time.renderloop: [window 0x7fa09af9dc70][gui thread] Frame prepared, polish=0 ms, lock=0 ms, blockedForSync=0 ms, animations=0 ms
Aug 28 18:45:17 hearth quickshell[181612]:  DEBUG qt.scenegraph.time.renderer: time in renderer: total=0ms, preprocess=0, updates=0, rendering=0
Aug 28 18:45:17 hearth quickshell[181612]:  DEBUG qt.scenegraph.time.renderloop: [window 0x7fa09e00ec60][gui thread] polishAndSync: start, elapsed since last call: 16 ms
Aug 28 18:45:17 hearth quickshell[181612]:  DEBUG qt.scenegraph.time.renderloop: [window 0x7fa09af9dc70][render thread 0x7fa09c607420] syncAndRender: frame rendered in 16ms, sync=0, render=0, swap=15
Aug 28 18:45:17 hearth quickshell[181612]:  DEBUG qt.scenegraph.time.renderloop: [window 0x7fa09e00ec60][render thread 0x7fa09c606e00] syncAndRender: start, elapsed since last call: 16 ms
Aug 28 18:45:17 hearth quickshell[181612]:  DEBUG qt.scenegraph.time.renderloop: [window 0x7fa09e00ec60][gui thread] Frame prepared, polish=0 ms, lock=0 ms, blockedForSync=0 ms, animations=0 ms
Aug 28 18:45:17 hearth quickshell[181612]:  DEBUG qt.scenegraph.time.renderloop: [window 0x7fa09af9dc70][gui thread] polishAndSync: start, elapsed since last call: 16 ms
Aug 28 18:45:17 hearth quickshell[181612]:  DEBUG qt.scenegraph.time.renderloop: [window 0x7fa09af9dc70][render thread 0x7fa09c607420] syncAndRender: start, elapsed since last call: 16 ms
Aug 28 18:45:17 hearth quickshell[181612]:  DEBUG qt.scenegraph.time.renderer: time in renderer: total=0ms, preprocess=0, updates=0, rendering=0
Aug 28 18:45:17 hearth quickshell[181612]:  DEBUG qt.scenegraph.time.renderloop: [window 0x7fa09e00ec60][render thread 0x7fa09c606e00] syncAndRender: frame rendered in 0ms, sync=0, render=0, swap=0
Aug 28 18:45:17 hearth quickshell[181612]:  DEBUG qt.scenegraph.time.renderloop: [window 0x7fa09af9dc70][gui thread] Frame prepared, polish=0 ms, lock=0 ms, blockedForSync=0 ms, animations=0 ms
Aug 28 18:45:17 hearth quickshell[181612]:  DEBUG qt.scenegraph.time.renderer: time in renderer: total=0ms, preprocess=0, updates=0, rendering=0
Aug 28 18:45:17 hearth quickshell[181612]:  DEBUG qt.scenegraph.time.renderloop: [window 0x7fa09e00ec60][gui thread] polishAndSync: start, elapsed since last call: 16 ms
Aug 28 18:45:17 hearth quickshell[181612]:  DEBUG qt.scenegraph.time.renderloop: [window 0x7fa09af9dc70][render thread 0x7fa09c607420] syncAndRender: frame rendered in 16ms, sync=0, render=0, swap=16
Aug 28 18:45:17 hearth quickshell[181612]:  DEBUG qt.scenegraph.time.renderloop: [window 0x7fa09e00ec60][render thread 0x7fa09c606e00] syncAndRender: start, elapsed since last call: 16 ms
Aug 28 18:45:17 hearth quickshell[181612]:  DEBUG qt.scenegraph.time.renderloop: [window 0x7fa09e00ec60][gui thread] Frame prepared, polish=0 ms, lock=0 ms, blockedForSync=0 ms, animations=0 ms
Aug 28 18:45:17 hearth quickshell[181612]:  DEBUG qt.scenegraph.time.renderer: time in renderer: total=0ms, preprocess=0, updates=0, rendering=0
Aug 28 18:45:17 hearth quickshell[181612]:  DEBUG qt.scenegraph.time.renderloop: [window 0x7fa09af9dc70][gui thread] polishAndSync: start, elapsed since last call: 16 ms
Aug 28 18:45:17 hearth quickshell[181612]:  DEBUG qt.scenegraph.time.renderloop: [window 0x7fa09af9dc70][render thread 0x7fa09c607420] syncAndRender: start, elapsed since last call: 16 ms
Aug 28 18:45:17 hearth quickshell[181612]:  DEBUG qt.scenegraph.time.renderloop: [window 0x7fa09e00ec60][render thread 0x7fa09c606e00] syncAndRender: frame rendered in 0ms, sync=0, render=0, swap=0
Aug 28 18:45:17 hearth quickshell[181612]:  DEBUG qt.scenegraph.time.renderloop: [window 0x7fa09af9dc70][gui thread] Frame prepared, polish=0 ms, lock=0 ms, blockedForSync=0 ms, animations=0 ms
Aug 28 18:45:17 hearth quickshell[181612]:  DEBUG qt.scenegraph.time.renderer: time in renderer: total=0ms, preprocess=0, updates=0, rendering=0
Aug 28 18:45:17 hearth quickshell[181612]:  DEBUG qt.scenegraph.time.renderloop: [window 0x7fa09e00ec60][gui thread] polishAndSync: start, elapsed since last call: 16 ms
Aug 28 18:45:17 hearth quickshell[181612]:  DEBUG qt.scenegraph.time.renderloop: [window 0x7fa09af9dc70][render thread 0x7fa09c607420] syncAndRender: frame rendered in 16ms, sync=0, render=0, swap=16
Aug 28 18:45:17 hearth quickshell[181612]:  DEBUG qt.scenegraph.time.renderloop: [window 0x7fa09e00ec60][render thread 0x7fa09c606e00] syncAndRender: start, elapsed since last call: 16 ms
Aug 28 18:45:17 hearth quickshell[181612]:  DEBUG qt.scenegraph.time.renderloop: [window 0x7fa09e00ec60][gui thread] Frame prepared, polish=0 ms, lock=0 ms, blockedForSync=0 ms, animations=0 ms
Aug 28 18:45:17 hearth quickshell[181612]:  DEBUG qt.scenegraph.time.renderer: time in renderer: total=0ms, preprocess=0, updates=0, rendering=0
Aug 28 18:45:17 hearth quickshell[181612]:  DEBUG qt.scenegraph.time.renderloop: [window 0x7fa09af9dc70][gui thread] polishAndSync: start, elapsed since last call: 16 ms
Aug 28 18:45:17 hearth quickshell[181612]:  DEBUG qt.scenegraph.time.renderloop: [window 0x7fa09af9dc70][render thread 0x7fa09c607420] syncAndRender: start, elapsed since last call: 16 ms
Aug 28 18:45:17 hearth quickshell[181612]:  DEBUG qt.scenegraph.time.renderloop: [window 0x7fa09e00ec60][render thread 0x7fa09c606e00] syncAndRender: frame rendered in 0ms, sync=0, render=0, swap=0
Aug 28 18:45:17 hearth quickshell[181612]:  DEBUG qt.scenegraph.time.renderloop: [window 0x7fa09af9dc70][gui thread] Frame prepared, polish=0 ms, lock=0 ms, blockedForSync=0 ms, animations=0 ms
Aug 28 18:45:17 hearth quickshell[181612]:  DEBUG qt.scenegraph.time.renderer: time in renderer: total=0ms, preprocess=0, updates=0, rendering=0
Aug 28 18:45:17 hearth quickshell[181612]:  DEBUG qt.scenegraph.time.renderloop: [window 0x7fa09e00ec60][gui thread] polishAndSync: start, elapsed since last call: 16 ms
Aug 28 18:45:17 hearth quickshell[181612]:  DEBUG qt.scenegraph.time.renderloop: [window 0x7fa09af9dc70][render thread 0x7fa09c607420] syncAndRender: frame rendered in 16ms, sync=0, render=0, swap=16
Aug 28 18:45:17 hearth quickshell[181612]:  DEBUG qt.scenegraph.time.renderloop: [window 0x7fa09e00ec60][render thread 0x7fa09c606e00] syncAndRender: start, elapsed since last call: 16 ms
Aug 28 18:45:17 hearth quickshell[181612]:  DEBUG qt.scenegraph.time.renderloop: [window 0x7fa09e00ec60][gui thread] Frame prepared, polish=0 ms, lock=0 ms, blockedForSync=0 ms, animations=0 ms
Aug 28 18:45:17 hearth quickshell[181612]:  DEBUG qt.scenegraph.time.renderloop: [window 0x7fa09af9dc70][gui thread] polishAndSync: start, elapsed since last call: 16 ms
Aug 28 18:45:17 hearth quickshell[181612]:  DEBUG qt.scenegraph.time.renderloop: [window 0x7fa09af9dc70][render thread 0x7fa09c607420] syncAndRender: start, elapsed since last call: 16 ms
Aug 28 18:45:17 hearth quickshell[181612]:  DEBUG qt.scenegraph.time.renderer: time in renderer: total=0ms, preprocess=0, updates=0, rendering=0
Aug 28 18:45:17 hearth quickshell[181612]:  DEBUG qt.scenegraph.time.renderloop: [window 0x7fa09e00ec60][render thread 0x7fa09c606e00] syncAndRender: frame rendered in 0ms, sync=0, render=0, swap=0
Aug 28 18:45:17 hearth quickshell[181612]:  DEBUG qt.scenegraph.time.renderloop: [window 0x7fa09af9dc70][gui thread] Frame prepared, polish=0 ms, lock=0 ms, blockedForSync=0 ms, animations=0 ms
Aug 28 18:45:17 hearth quickshell[181612]:  DEBUG qt.scenegraph.time.renderer: time in renderer: total=0ms, preprocess=0, updates=0, rendering=0
Aug 28 18:45:17 hearth quickshell[181612]:  DEBUG qt.scenegraph.time.renderloop: [window 0x7fa09e00ec60][gui thread] polishAndSync: start, elapsed since last call: 16 ms
Aug 28 18:45:17 hearth quickshell[181612]:  DEBUG qt.scenegraph.time.renderloop: [window 0x7fa09af9dc70][render thread 0x7fa09c607420] syncAndRender: frame rendered in 16ms, sync=0, render=0, swap=16
Aug 28 18:45:17 hearth quickshell[181612]:  DEBUG qt.scenegraph.time.renderloop: [window 0x7fa09e00ec60][render thread 0x7fa09c606e00] syncAndRender: start, elapsed since last call: 16 ms
Aug 28 18:45:17 hearth quickshell[181612]:  DEBUG qt.scenegraph.time.renderloop: [window 0x7fa09e00ec60][gui thread] Frame prepared, polish=0 ms, lock=0 ms, blockedForSync=0 ms, animations=0 ms
Aug 28 18:45:17 hearth quickshell[181612]:  DEBUG qt.scenegraph.time.renderer: time in renderer: total=0ms, preprocess=0, updates=0, rendering=0
Aug 28 18:45:17 hearth quickshell[181612]:  DEBUG qt.scenegraph.time.renderloop: [window 0x7fa09af9dc70][gui thread] polishAndSync: start, elapsed since last call: 16 ms
Aug 28 18:45:17 hearth quickshell[181612]:  DEBUG qt.scenegraph.time.renderloop: [window 0x7fa09af9dc70][render thread 0x7fa09c607420] syncAndRender: start, elapsed since last call: 16 ms
Aug 28 18:45:17 hearth quickshell[181612]:  DEBUG qt.scenegraph.time.renderloop: [window 0x7fa09e00ec60][render thread 0x7fa09c606e00] syncAndRender: frame rendered in 0ms, sync=0, render=0, swap=0
Aug 28 18:45:17 hearth quickshell[181612]:  DEBUG qt.scenegraph.time.renderloop: [window 0x7fa09af9dc70][gui thread] Frame prepared, polish=0 ms, lock=0 ms, blockedForSync=0 ms, animations=0 ms
Aug 28 18:45:17 hearth quickshell[181612]:  DEBUG qt.scenegraph.time.renderer: time in renderer: total=0ms, preprocess=0, updates=0, rendering=0
Aug 28 18:45:17 hearth quickshell[181612]:  DEBUG qt.scenegraph.time.renderloop: [window 0x7fa09e00ec60][gui thread] polishAndSync: start, elapsed since last call: 16 ms
Aug 28 18:45:17 hearth quickshell[181612]:  DEBUG qt.scenegraph.time.renderloop: [window 0x7fa09af9dc70][render thread 0x7fa09c607420] syncAndRender: frame rendered in 16ms, sync=0, render=0, swap=16
Aug 28 18:45:17 hearth quickshell[181612]:  DEBUG qt.scenegraph.time.renderloop: [window 0x7fa09e00ec60][render thread 0x7fa09c606e00] syncAndRender: start, elapsed since last call: 16 ms
Aug 28 18:45:17 hearth quickshell[181612]:  DEBUG qt.scenegraph.time.renderer: time in renderer: total=0ms, preprocess=0, updates=0, rendering=0
Aug 28 18:45:17 hearth quickshell[181612]:  DEBUG qt.scenegraph.time.renderloop: [window 0x7fa09e00ec60][gui thread] Frame prepared, polish=0 ms, lock=0 ms, blockedForSync=0 ms, animations=0 ms
Aug 28 18:45:17 hearth quickshell[181612]:  DEBUG qt.scenegraph.time.renderloop: [window 0x7fa09af9dc70][gui thread] polishAndSync: start, elapsed since last call: 16 ms
Aug 28 18:45:17 hearth quickshell[181612]:  DEBUG qt.scenegraph.time.renderloop: [window 0x7fa09e00ec60][render thread 0x7fa09c606e00] syncAndRender: frame rendered in 0ms, sync=0, render=0, swap=0
Aug 28 18:45:17 hearth quickshell[181612]:  DEBUG qt.scenegraph.time.renderloop: [window 0x7fa09af9dc70][render thread 0x7fa09c607420] syncAndRender: start, elapsed since last call: 16 ms
Aug 28 18:45:17 hearth quickshell[181612]:  DEBUG qt.scenegraph.time.renderloop: [window 0x7fa09af9dc70][gui thread] Frame prepared, polish=0 ms, lock=0 ms, blockedForSync=0 ms, animations=0 ms
Aug 28 18:45:17 hearth quickshell[181612]:  DEBUG qt.scenegraph.time.renderer: time in renderer: total=0ms, preprocess=0, updates=0, rendering=0
Aug 28 18:45:17 hearth quickshell[181612]:  DEBUG qt.scenegraph.time.renderloop: [window 0x7fa09e00ec60][gui thread] polishAndSync: start, elapsed since last call: 16 ms
Aug 28 18:45:17 hearth quickshell[181612]:  DEBUG qt.scenegraph.time.renderloop: [window 0x7fa09af9dc70][render thread 0x7fa09c607420] syncAndRender: frame rendered in 16ms, sync=0, render=0, swap=16
Aug 28 18:45:17 hearth quickshell[181612]:  DEBUG qt.scenegraph.time.renderloop: [window 0x7fa09e00ec60][render thread 0x7fa09c606e00] syncAndRender: start, elapsed since last call: 16 ms
Aug 28 18:45:17 hearth quickshell[181612]:  DEBUG qt.scenegraph.time.renderer: time in renderer: total=0ms, preprocess=0, updates=0, rendering=0
Aug 28 18:45:17 hearth quickshell[181612]:  DEBUG qt.scenegraph.time.renderloop: [window 0x7fa09e00ec60][gui thread] Frame prepared, polish=0 ms, lock=0 ms, blockedForSync=0 ms, animations=0 ms
Aug 28 18:45:17 hearth quickshell[181612]:  DEBUG qt.scenegraph.time.renderloop: [window 0x7fa09af9dc70][gui thread] polishAndSync: start, elapsed since last call: 16 ms
Aug 28 18:45:17 hearth quickshell[181612]:  DEBUG qt.scenegraph.time.renderloop: [window 0x7fa09af9dc70][render thread 0x7fa09c607420] syncAndRender: start, elapsed since last call: 16 ms
Aug 28 18:45:17 hearth quickshell[181612]:  DEBUG qt.scenegraph.time.renderloop: [window 0x7fa09e00ec60][render thread 0x7fa09c606e00] syncAndRender: frame rendered in 0ms, sync=0, render=0, swap=0
Aug 28 18:45:17 hearth quickshell[181612]:  DEBUG qt.scenegraph.time.renderloop: [window 0x7fa09af9dc70][gui thread] Frame prepared, polish=0 ms, lock=0 ms, blockedForSync=0 ms, animations=0 ms
Aug 28 18:45:17 hearth quickshell[181612]:  DEBUG qt.scenegraph.time.renderer: time in renderer: total=0ms, preprocess=0, updates=0, rendering=0
Aug 28 18:45:17 hearth quickshell[181612]:  DEBUG qt.scenegraph.time.renderloop: [window 0x7fa09e00ec60][gui thread] polishAndSync: start, elapsed since last call: 16 ms
Aug 28 18:45:17 hearth quickshell[181612]:  DEBUG qt.scenegraph.time.renderloop: [window 0x7fa09af9dc70][render thread 0x7fa09c607420] syncAndRender: frame rendered in 16ms, sync=0, render=0, swap=16
Aug 28 18:45:17 hearth quickshell[181612]:  DEBUG qt.scenegraph.time.renderloop: [window 0x7fa09e00ec60][render thread 0x7fa09c606e00] syncAndRender: start, elapsed since last call: 16 ms
Aug 28 18:45:17 hearth quickshell[181612]:  DEBUG qt.scenegraph.time.renderloop: [window 0x7fa09e00ec60][gui thread] Frame prepared, polish=0 ms, lock=0 ms, blockedForSync=0 ms, animations=0 ms
Aug 28 18:45:17 hearth quickshell[181612]:  DEBUG qt.scenegraph.time.renderer: time in renderer: total=0ms, preprocess=0, updates=0, rendering=0
Aug 28 18:45:17 hearth quickshell[181612]:  DEBUG qt.scenegraph.time.renderloop: [window 0x7fa09af9dc70][gui thread] polishAndSync: start, elapsed since last call: 16 ms
Aug 28 18:45:17 hearth quickshell[181612]:  DEBUG qt.scenegraph.time.renderloop: [window 0x7fa09e00ec60][render thread 0x7fa09c606e00] syncAndRender: frame rendered in 0ms, sync=0, render=0, swap=0
Aug 28 18:45:17 hearth quickshell[181612]:  DEBUG qt.scenegraph.time.renderloop: [window 0x7fa09af9dc70][render thread 0x7fa09c607420] syncAndRender: start, elapsed since last call: 17 ms
Aug 28 18:45:17 hearth quickshell[181612]:  DEBUG qt.scenegraph.time.renderloop: [window 0x7fa09af9dc70][gui thread] Frame prepared, polish=0 ms, lock=0 ms, blockedForSync=0 ms, animations=0 ms
Aug 28 18:45:17 hearth quickshell[181612]:  DEBUG qt.scenegraph.time.renderer: time in renderer: total=0ms, preprocess=0, updates=0, rendering=0
Aug 28 18:45:17 hearth quickshell[181612]:  DEBUG qt.scenegraph.time.renderloop: [window 0x7fa09e00ec60][gui thread] polishAndSync: start, elapsed since last call: 16 ms
Aug 28 18:45:17 hearth quickshell[181612]:  DEBUG qt.scenegraph.time.renderloop: [window 0x7fa09af9dc70][render thread 0x7fa09c607420] syncAndRender: frame rendered in 15ms, sync=0, render=0, swap=15
Aug 28 18:45:17 hearth quickshell[181612]:  DEBUG qt.scenegraph.time.renderloop: [window 0x7fa09e00ec60][render thread 0x7fa09c606e00] syncAndRender: start, elapsed since last call: 16 ms
Aug 28 18:45:17 hearth quickshell[181612]:  DEBUG qt.scenegraph.time.renderloop: [window 0x7fa09e00ec60][gui thread] Frame prepared, polish=0 ms, lock=0 ms, blockedForSync=0 ms, animations=0 ms
Aug 28 18:45:17 hearth quickshell[181612]:  DEBUG qt.scenegraph.time.renderloop: [window 0x7fa09af9dc70][gui thread] polishAndSync: start, elapsed since last call: 16 ms
Aug 28 18:45:17 hearth quickshell[181612]:  DEBUG qt.scenegraph.time.renderer: time in renderer: total=0ms, preprocess=0, updates=0, rendering=0
Aug 28 18:45:17 hearth quickshell[181612]:  DEBUG qt.scenegraph.time.renderloop: [window 0x7fa09af9dc70][render thread 0x7fa09c607420] syncAndRender: start, elapsed since last call: 16 ms
Aug 28 18:45:17 hearth quickshell[181612]:  DEBUG qt.scenegraph.time.renderloop: [window 0x7fa09af9dc70][gui thread] Frame prepared, polish=0 ms, lock=0 ms, blockedForSync=0 ms, animations=0 ms
Aug 28 18:45:17 hearth quickshell[181612]:  DEBUG qt.scenegraph.time.renderloop: [window 0x7fa09e00ec60][render thread 0x7fa09c606e00] syncAndRender: frame rendered in 0ms, sync=0, render=0, swap=0
Aug 28 18:45:17 hearth quickshell[181612]:  DEBUG qt.scenegraph.time.renderer: time in renderer: total=0ms, preprocess=0, updates=0, rendering=0
Aug 28 18:45:18 hearth quickshell[181612]:  DEBUG qt.scenegraph.time.renderloop: [window 0x7fa09e00ec60][gui thread] polishAndSync: start, elapsed since last call: 16 ms
Aug 28 18:45:18 hearth quickshell[181612]:  DEBUG qt.scenegraph.time.renderloop: [window 0x7fa09af9dc70][render thread 0x7fa09c607420] syncAndRender: frame rendered in 16ms, sync=0, render=0, swap=16
Aug 28 18:45:18 hearth quickshell[181612]:  DEBUG qt.scenegraph.time.renderloop: [window 0x7fa09e00ec60][render thread 0x7fa09c606e00] syncAndRender: start, elapsed since last call: 16 ms
Aug 28 18:45:18 hearth quickshell[181612]:  DEBUG qt.scenegraph.time.renderer: time in renderer: total=0ms, preprocess=0, updates=0, rendering=0
Aug 28 18:45:18 hearth quickshell[181612]:  DEBUG qt.scenegraph.time.renderloop: [window 0x7fa09e00ec60][gui thread] Frame prepared, polish=0 ms, lock=0 ms, blockedForSync=0 ms, animations=0 ms
Aug 28 18:45:18 hearth quickshell[181612]:  DEBUG qt.scenegraph.time.renderloop: [window 0x7fa09af9dc70][gui thread] polishAndSync: start, elapsed since last call: 16 ms
Aug 28 18:45:18 hearth quickshell[181612]:  DEBUG qt.scenegraph.time.renderloop: [window 0x7fa09e00ec60][render thread 0x7fa09c606e00] syncAndRender: frame rendered in 0ms, sync=0, render=0, swap=0
Aug 28 18:45:18 hearth quickshell[181612]:  DEBUG qt.scenegraph.time.renderloop: [window 0x7fa09af9dc70][render thread 0x7fa09c607420] syncAndRender: start, elapsed since last call: 16 ms
Aug 28 18:45:18 hearth quickshell[181612]:  DEBUG qt.scenegraph.time.renderloop: [window 0x7fa09af9dc70][gui thread] Frame prepared, polish=0 ms, lock=0 ms, blockedForSync=0 ms, animations=0 ms
Aug 28 18:45:18 hearth quickshell[181612]:  DEBUG qt.scenegraph.time.renderer: time in renderer: total=0ms, preprocess=0, updates=0, rendering=0
Aug 28 18:45:18 hearth quickshell[181612]:  DEBUG qt.scenegraph.time.renderloop: [window 0x7fa09e00ec60][gui thread] polishAndSync: start, elapsed since last call: 16 ms
Aug 28 18:45:18 hearth quickshell[181612]:  DEBUG qt.scenegraph.time.renderloop: [window 0x7fa09af9dc70][render thread 0x7fa09c607420] syncAndRender: frame rendered in 16ms, sync=0, render=0, swap=15
Aug 28 18:45:18 hearth quickshell[181612]:  DEBUG qt.scenegraph.time.renderloop: [window 0x7fa09e00ec60][render thread 0x7fa09c606e00] syncAndRender: start, elapsed since last call: 16 ms
Aug 28 18:45:18 hearth quickshell[181612]:  DEBUG qt.scenegraph.time.renderer: time in renderer: total=0ms, preprocess=0, updates=0, rendering=0
Aug 28 18:45:18 hearth quickshell[181612]:  DEBUG qt.scenegraph.time.renderloop: [window 0x7fa09e00ec60][gui thread] Frame prepared, polish=0 ms, lock=0 ms, blockedForSync=0 ms, animations=0 ms
Aug 28 18:45:18 hearth quickshell[181612]:  DEBUG qt.scenegraph.time.renderloop: [window 0x7fa09af9dc70][gui thread] polishAndSync: start, elapsed since last call: 16 ms
Aug 28 18:45:18 hearth quickshell[181612]:  DEBUG qt.scenegraph.time.renderloop: [window 0x7fa09e00ec60][render thread 0x7fa09c606e00] syncAndRender: frame rendered in 0ms, sync=0, render=0, swap=0
Aug 28 18:45:18 hearth quickshell[181612]:  DEBUG qt.scenegraph.time.renderloop: [window 0x7fa09af9dc70][render thread 0x7fa09c607420] syncAndRender: start, elapsed since last call: 16 ms
Aug 28 18:45:18 hearth quickshell[181612]:  DEBUG qt.scenegraph.time.renderloop: [window 0x7fa09af9dc70][gui thread] Frame prepared, polish=0 ms, lock=0 ms, blockedForSync=0 ms, animations=0 ms
Aug 28 18:45:18 hearth quickshell[181612]:  DEBUG qt.scenegraph.time.renderer: time in renderer: total=0ms, preprocess=0, updates=0, rendering=0
Aug 28 18:45:18 hearth quickshell[181612]:  DEBUG qt.scenegraph.time.renderloop: [window 0x7fa09e00ec60][gui thread] polishAndSync: start, elapsed since last call: 16 ms
Aug 28 18:45:18 hearth quickshell[181612]:  DEBUG qt.scenegraph.time.renderloop: [window 0x7fa09af9dc70][render thread 0x7fa09c607420] syncAndRender: frame rendered in 16ms, sync=0, render=0, swap=16
Aug 28 18:45:18 hearth quickshell[181612]:  DEBUG qt.scenegraph.time.renderloop: [window 0x7fa09e00ec60][render thread 0x7fa09c606e00] syncAndRender: start, elapsed since last call: 16 ms
Aug 28 18:45:18 hearth quickshell[181612]:  DEBUG qt.scenegraph.time.renderer: time in renderer: total=0ms, preprocess=0, updates=0, rendering=0
Aug 28 18:45:18 hearth quickshell[181612]:  DEBUG qt.scenegraph.time.renderloop: [window 0x7fa09e00ec60][gui thread] Frame prepared, polish=0 ms, lock=0 ms, blockedForSync=0 ms, animations=0 ms
Aug 28 18:45:18 hearth quickshell[181612]:  DEBUG qt.scenegraph.time.renderloop: [window 0x7fa09af9dc70][gui thread] polishAndSync: start, elapsed since last call: 16 ms
Aug 28 18:45:18 hearth quickshell[181612]:  DEBUG qt.scenegraph.time.renderloop: [window 0x7fa09af9dc70][render thread 0x7fa09c607420] syncAndRender: start, elapsed since last call: 16 ms
Aug 28 18:45:18 hearth quickshell[181612]:  DEBUG qt.scenegraph.time.renderloop: [window 0x7fa09e00ec60][render thread 0x7fa09c606e00] syncAndRender: frame rendered in 0ms, sync=0, render=0, swap=0
Aug 28 18:45:18 hearth quickshell[181612]:  DEBUG qt.scenegraph.time.renderloop: [window 0x7fa09af9dc70][gui thread] Frame prepared, polish=0 ms, lock=0 ms, blockedForSync=0 ms, animations=0 ms
Aug 28 18:45:18 hearth quickshell[181612]:  DEBUG qt.scenegraph.time.renderer: time in renderer: total=0ms, preprocess=0, updates=0, rendering=0
Aug 28 18:45:18 hearth quickshell[181612]:  DEBUG qt.scenegraph.time.renderloop: [window 0x7fa09e00ec60][gui thread] polishAndSync: start, elapsed since last call: 16 ms
Aug 28 18:45:18 hearth quickshell[181612]:  DEBUG qt.scenegraph.time.renderloop: [window 0x7fa09af9dc70][render thread 0x7fa09c607420] syncAndRender: frame rendered in 16ms, sync=0, render=0, swap=15
Aug 28 18:45:18 hearth quickshell[181612]:  DEBUG qt.scenegraph.time.renderloop: [window 0x7fa09e00ec60][render thread 0x7fa09c606e00] syncAndRender: start, elapsed since last call: 16 ms
Aug 28 18:45:18 hearth quickshell[181612]:  DEBUG qt.scenegraph.time.renderer: time in renderer: total=0ms, preprocess=0, updates=0, rendering=0
Aug 28 18:45:18 hearth quickshell[181612]:  DEBUG qt.scenegraph.time.renderloop: [window 0x7fa09e00ec60][gui thread] Frame prepared, polish=0 ms, lock=0 ms, blockedForSync=0 ms, animations=0 ms
Aug 28 18:45:18 hearth quickshell[181612]:  DEBUG qt.scenegraph.time.renderloop: [window 0x7fa09af9dc70][gui thread] polishAndSync: start, elapsed since last call: 16 ms
Aug 28 18:45:18 hearth quickshell[181612]:  DEBUG qt.scenegraph.time.renderloop: [window 0x7fa09e00ec60][render thread 0x7fa09c606e00] syncAndRender: frame rendered in 0ms, sync=0, render=0, swap=0
Aug 28 18:45:18 hearth quickshell[181612]:  DEBUG qt.scenegraph.time.renderloop: [window 0x7fa09af9dc70][render thread 0x7fa09c607420] syncAndRender: start, elapsed since last call: 16 ms
Aug 28 18:45:18 hearth quickshell[181612]:  DEBUG qt.scenegraph.time.renderloop: [window 0x7fa09af9dc70][gui thread] Frame prepared, polish=0 ms, lock=0 ms, blockedForSync=0 ms, animations=0 ms
Aug 28 18:45:18 hearth quickshell[181612]:  DEBUG qt.scenegraph.time.renderer: time in renderer: total=0ms, preprocess=0, updates=0, rendering=0
Aug 28 18:45:18 hearth quickshell[181612]:  DEBUG qt.scenegraph.time.renderloop: [window 0x7fa09e00ec60][gui thread] polishAndSync: start, elapsed since last call: 16 ms
Aug 28 18:45:18 hearth quickshell[181612]:  DEBUG qt.scenegraph.time.renderloop: [window 0x7fa09af9dc70][render thread 0x7fa09c607420] syncAndRender: frame rendered in 16ms, sync=0, render=0, swap=15
Aug 28 18:45:18 hearth quickshell[181612]:  DEBUG qt.scenegraph.time.renderloop: [window 0x7fa09e00ec60][render thread 0x7fa09c606e00] syncAndRender: start, elapsed since last call: 16 ms
Aug 28 18:45:18 hearth quickshell[181612]:  DEBUG qt.scenegraph.time.renderloop: [window 0x7fa09e00ec60][gui thread] Frame prepared, polish=0 ms, lock=0 ms, blockedForSync=0 ms, animations=0 ms
Aug 28 18:45:18 hearth quickshell[181612]:  DEBUG qt.scenegraph.time.renderloop: [window 0x7fa09af9dc70][gui thread] polishAndSync: start, elapsed since last call: 16 ms
Aug 28 18:45:18 hearth quickshell[181612]:  DEBUG qt.scenegraph.time.renderer: time in renderer: total=0ms, preprocess=0, updates=0, rendering=0
Aug 28 18:45:18 hearth quickshell[181612]:  DEBUG qt.scenegraph.time.renderloop: [window 0x7fa09af9dc70][render thread 0x7fa09c607420] syncAndRender: start, elapsed since last call: 16 ms
Aug 28 18:45:18 hearth quickshell[181612]:  DEBUG qt.scenegraph.time.renderloop: [window 0x7fa09e00ec60][render thread 0x7fa09c606e00] syncAndRender: frame rendered in 0ms, sync=0, render=0, swap=0
Aug 28 18:45:18 hearth quickshell[181612]:  DEBUG qt.scenegraph.time.renderloop: [window 0x7fa09af9dc70][gui thread] Frame prepared, polish=0 ms, lock=0 ms, blockedForSync=0 ms, animations=0 ms
Aug 28 18:45:18 hearth quickshell[181612]:  DEBUG qt.scenegraph.time.renderer: time in renderer: total=0ms, preprocess=0, updates=0, rendering=0
Aug 28 18:45:18 hearth quickshell[181612]:  DEBUG qt.scenegraph.time.renderloop: [window 0x7fa09e00ec60][gui thread] polishAndSync: start, elapsed since last call: 16 ms
Aug 28 18:45:18 hearth quickshell[181612]:  DEBUG qt.scenegraph.time.renderloop: [window 0x7fa09af9dc70][render thread 0x7fa09c607420] syncAndRender: frame rendered in 16ms, sync=0, render=0, swap=16
Aug 28 18:45:18 hearth quickshell[181612]:  DEBUG qt.scenegraph.time.renderloop: [window 0x7fa09e00ec60][render thread 0x7fa09c606e00] syncAndRender: start, elapsed since last call: 16 ms
Aug 28 18:45:18 hearth quickshell[181612]:  DEBUG qt.scenegraph.time.renderer: time in renderer: total=0ms, preprocess=0, updates=0, rendering=0
Aug 28 18:45:18 hearth quickshell[181612]:  DEBUG qt.scenegraph.time.renderloop: [window 0x7fa09e00ec60][gui thread] Frame prepared, polish=0 ms, lock=0 ms, blockedForSync=0 ms, animations=0 ms
Aug 28 18:45:18 hearth quickshell[181612]:  DEBUG qt.scenegraph.time.renderloop: [window 0x7fa09af9dc70][gui thread] polishAndSync: start, elapsed since last call: 16 ms
Aug 28 18:45:18 hearth quickshell[181612]:  DEBUG qt.scenegraph.time.renderloop: [window 0x7fa09e00ec60][render thread 0x7fa09c606e00] syncAndRender: frame rendered in 0ms, sync=0, render=0, swap=0
Aug 28 18:45:18 hearth quickshell[181612]:  DEBUG qt.scenegraph.time.renderloop: [window 0x7fa09af9dc70][render thread 0x7fa09c607420] syncAndRender: start, elapsed since last call: 16 ms
Aug 28 18:45:18 hearth quickshell[181612]:  DEBUG qt.scenegraph.time.renderloop: [window 0x7fa09af9dc70][gui thread] Frame prepared, polish=0 ms, lock=0 ms, blockedForSync=0 ms, animations=0 ms
Aug 28 18:45:18 hearth quickshell[181612]:  DEBUG qt.scenegraph.time.renderer: time in renderer: total=0ms, preprocess=0, updates=0, rendering=0
Aug 28 18:45:18 hearth quickshell[181612]:  DEBUG qt.scenegraph.time.renderloop: [window 0x7fa09e00ec60][gui thread] polishAndSync: start, elapsed since last call: 16 ms
Aug 28 18:45:18 hearth quickshell[181612]:  DEBUG qt.scenegraph.time.renderloop: [window 0x7fa09af9dc70][render thread 0x7fa09c607420] syncAndRender: frame rendered in 16ms, sync=0, render=0, swap=16
Aug 28 18:45:18 hearth quickshell[181612]:  DEBUG qt.scenegraph.time.renderloop: [window 0x7fa09e00ec60][render thread 0x7fa09c606e00] syncAndRender: start, elapsed since last call: 16 ms
Aug 28 18:45:18 hearth quickshell[181612]:  DEBUG qt.scenegraph.time.renderer: time in renderer: total=0ms, preprocess=0, updates=0, rendering=0
Aug 28 18:45:18 hearth quickshell[181612]:  DEBUG qt.scenegraph.time.renderloop: [window 0x7fa09e00ec60][gui thread] Frame prepared, polish=0 ms, lock=0 ms, blockedForSync=0 ms, animations=0 ms
Aug 28 18:45:18 hearth quickshell[181612]:  DEBUG qt.scenegraph.time.renderloop: [window 0x7fa09af9dc70][gui thread] polishAndSync: start, elapsed since last call: 16 ms
Aug 28 18:45:18 hearth quickshell[181612]:  DEBUG qt.scenegraph.time.renderloop: [window 0x7fa09e00ec60][render thread 0x7fa09c606e00] syncAndRender: frame rendered in 0ms, sync=0, render=0, swap=0
Aug 28 18:45:18 hearth quickshell[181612]:  DEBUG qt.scenegraph.time.renderloop: [window 0x7fa09af9dc70][render thread 0x7fa09c607420] syncAndRender: start, elapsed since last call: 16 ms
Aug 28 18:45:18 hearth quickshell[181612]:  DEBUG qt.scenegraph.time.renderloop: [window 0x7fa09af9dc70][gui thread] Frame prepared, polish=0 ms, lock=0 ms, blockedForSync=0 ms, animations=0 ms
Aug 28 18:45:18 hearth quickshell[181612]:  DEBUG qt.scenegraph.time.renderer: time in renderer: total=0ms, preprocess=0, updates=0, rendering=0
Aug 28 18:45:18 hearth quickshell[181612]:  DEBUG qt.scenegraph.time.renderloop: [window 0x7fa09e00ec60][gui thread] polishAndSync: start, elapsed since last call: 16 ms
Aug 28 18:45:18 hearth quickshell[181612]:  DEBUG qt.scenegraph.time.renderloop: [window 0x7fa09af9dc70][render thread 0x7fa09c607420] syncAndRender: frame rendered in 16ms, sync=0, render=0, swap=16
Aug 28 18:45:18 hearth quickshell[181612]:  DEBUG qt.scenegraph.time.renderloop: [window 0x7fa09e00ec60][render thread 0x7fa09c606e00] syncAndRender: start, elapsed since last call: 16 ms
Aug 28 18:45:18 hearth quickshell[181612]:  DEBUG qt.scenegraph.time.renderer: time in renderer: total=0ms, preprocess=0, updates=0, rendering=0
Aug 28 18:45:18 hearth quickshell[181612]:  DEBUG qt.scenegraph.time.renderloop: [window 0x7fa09e00ec60][gui thread] Frame prepared, polish=0 ms, lock=0 ms, blockedForSync=0 ms, animations=0 ms
Aug 28 18:45:18 hearth quickshell[181612]:  DEBUG qt.scenegraph.time.renderloop: [window 0x7fa09af9dc70][gui thread] polishAndSync: start, elapsed since last call: 16 ms
Aug 28 18:45:18 hearth quickshell[181612]:  DEBUG qt.scenegraph.time.renderloop: [window 0x7fa09e00ec60][render thread 0x7fa09c606e00] syncAndRender: frame rendered in 0ms, sync=0, render=0, swap=0
Aug 28 18:45:18 hearth quickshell[181612]:  DEBUG qt.scenegraph.time.renderloop: [window 0x7fa09af9dc70][render thread 0x7fa09c607420] syncAndRender: start, elapsed since last call: 16 ms
Aug 28 18:45:18 hearth quickshell[181612]:  DEBUG qt.scenegraph.time.renderloop: [window 0x7fa09af9dc70][gui thread] Frame prepared, polish=0 ms, lock=0 ms, blockedForSync=0 ms, animations=0 ms
Aug 28 18:45:18 hearth quickshell[181612]:  DEBUG qt.scenegraph.time.renderer: time in renderer: total=0ms, preprocess=0, updates=0, rendering=0
Aug 28 18:45:18 hearth quickshell[181612]:  DEBUG qt.scenegraph.time.renderloop: [window 0x7fa09e00ec60][gui thread] polishAndSync: start, elapsed since last call: 16 ms
Aug 28 18:45:18 hearth quickshell[181612]:  DEBUG qt.scenegraph.time.renderloop: [window 0x7fa09af9dc70][render thread 0x7fa09c607420] syncAndRender: frame rendered in 16ms, sync=0, render=0, swap=16
Aug 28 18:45:18 hearth quickshell[181612]:  DEBUG qt.scenegraph.time.renderloop: [window 0x7fa09e00ec60][render thread 0x7fa09c606e00] syncAndRender: start, elapsed since last call: 16 ms
Aug 28 18:45:18 hearth quickshell[181612]:  DEBUG qt.scenegraph.time.renderloop: [window 0x7fa09e00ec60][gui thread] Frame prepared, polish=0 ms, lock=0 ms, blockedForSync=0 ms, animations=0 ms
Aug 28 18:45:18 hearth quickshell[181612]:  DEBUG qt.scenegraph.time.renderer: time in renderer: total=0ms, preprocess=0, updates=0, rendering=0
Aug 28 18:45:18 hearth quickshell[181612]:  DEBUG qt.scenegraph.time.renderloop: [window 0x7fa09af9dc70][gui thread] polishAndSync: start, elapsed since last call: 16 ms
Aug 28 18:45:18 hearth quickshell[181612]:  DEBUG qt.scenegraph.time.renderloop: [window 0x7fa09e00ec60][render thread 0x7fa09c606e00] syncAndRender: frame rendered in 0ms, sync=0, render=0, swap=0
Aug 28 18:45:18 hearth quickshell[181612]:  DEBUG qt.scenegraph.time.renderloop: [window 0x7fa09af9dc70][render thread 0x7fa09c607420] syncAndRender: start, elapsed since last call: 17 ms
Aug 28 18:45:18 hearth quickshell[181612]:  DEBUG qt.scenegraph.time.renderloop: [window 0x7fa09af9dc70][gui thread] Frame prepared, polish=0 ms, lock=0 ms, blockedForSync=0 ms, animations=0 ms
Aug 28 18:45:18 hearth quickshell[181612]:  DEBUG qt.scenegraph.time.renderer: time in renderer: total=0ms, preprocess=0, updates=0, rendering=0
Aug 28 18:45:18 hearth quickshell[181612]:  DEBUG qt.scenegraph.time.renderloop: [window 0x7fa09e00ec60][gui thread] polishAndSync: start, elapsed since last call: 16 ms
Aug 28 18:45:18 hearth quickshell[181612]:  DEBUG qt.scenegraph.time.renderloop: [window 0x7fa09af9dc70][render thread 0x7fa09c607420] syncAndRender: frame rendered in 16ms, sync=0, render=0, swap=15
Aug 28 18:45:18 hearth quickshell[181612]:  DEBUG qt.scenegraph.time.renderloop: [window 0x7fa09e00ec60][render thread 0x7fa09c606e00] syncAndRender: start, elapsed since last call: 16 ms
Aug 28 18:45:18 hearth quickshell[181612]:  DEBUG qt.scenegraph.time.renderer: time in renderer: total=0ms, preprocess=0, updates=0, rendering=0
Aug 28 18:45:18 hearth quickshell[181612]:  DEBUG qt.scenegraph.time.renderloop: [window 0x7fa09e00ec60][gui thread] Frame prepared, polish=0 ms, lock=0 ms, blockedForSync=0 ms, animations=0 ms
Aug 28 18:45:18 hearth quickshell[181612]:  DEBUG qt.scenegraph.time.renderloop: [window 0x7fa09af9dc70][gui thread] polishAndSync: start, elapsed since last call: 16 ms
Aug 28 18:45:18 hearth quickshell[181612]:  DEBUG qt.scenegraph.time.renderloop: [window 0x7fa09af9dc70][render thread 0x7fa09c607420] syncAndRender: start, elapsed since last call: 16 ms
Aug 28 18:45:18 hearth quickshell[181612]:  DEBUG qt.scenegraph.time.renderloop: [window 0x7fa09e00ec60][render thread 0x7fa09c606e00] syncAndRender: frame rendered in 0ms, sync=0, render=0, swap=0
Aug 28 18:45:18 hearth quickshell[181612]:  DEBUG qt.scenegraph.time.renderloop: [window 0x7fa09af9dc70][gui thread] Frame prepared, polish=0 ms, lock=0 ms, blockedForSync=0 ms, animations=0 ms
Aug 28 18:45:18 hearth quickshell[181612]:  DEBUG qt.scenegraph.time.renderer: time in renderer: total=0ms, preprocess=0, updates=0, rendering=0
Aug 28 18:45:18 hearth quickshell[181612]:  DEBUG qt.scenegraph.time.renderloop: [window 0x7fa09e00ec60][gui thread] polishAndSync: start, elapsed since last call: 16 ms
Aug 28 18:45:18 hearth quickshell[181612]:  DEBUG qt.scenegraph.time.renderloop: [window 0x7fa09af9dc70][render thread 0x7fa09c607420] syncAndRender: frame rendered in 16ms, sync=0, render=0, swap=16
Aug 28 18:45:18 hearth quickshell[181612]:  DEBUG qt.scenegraph.time.renderloop: [window 0x7fa09e00ec60][render thread 0x7fa09c606e00] syncAndRender: start, elapsed since last call: 16 ms
Aug 28 18:45:18 hearth quickshell[181612]:  DEBUG qt.scenegraph.time.renderer: time in renderer: total=0ms, preprocess=0, updates=0, rendering=0
Aug 28 18:45:18 hearth quickshell[181612]:  DEBUG qt.scenegraph.time.renderloop: [window 0x7fa09e00ec60][gui thread] Frame prepared, polish=0 ms, lock=0 ms, blockedForSync=0 ms, animations=0 ms
Aug 28 18:45:18 hearth quickshell[181612]:  DEBUG qt.scenegraph.time.renderloop: [window 0x7fa09af9dc70][gui thread] polishAndSync: start, elapsed since last call: 16 ms
Aug 28 18:45:18 hearth quickshell[181612]:  DEBUG qt.scenegraph.time.renderloop: [window 0x7fa09af9dc70][render thread 0x7fa09c607420] syncAndRender: start, elapsed since last call: 16 ms
Aug 28 18:45:18 hearth quickshell[181612]:  DEBUG qt.scenegraph.time.renderloop: [window 0x7fa09e00ec60][render thread 0x7fa09c606e00] syncAndRender: frame rendered in 0ms, sync=0, render=0, swap=0
Aug 28 18:45:18 hearth quickshell[181612]:  DEBUG qt.scenegraph.time.renderloop: [window 0x7fa09af9dc70][gui thread] Frame prepared, polish=0 ms, lock=0 ms, blockedForSync=0 ms, animations=0 ms
Aug 28 18:45:18 hearth quickshell[181612]:  DEBUG qt.scenegraph.time.renderer: time in renderer: total=0ms, preprocess=0, updates=0, rendering=0
Aug 28 18:45:18 hearth quickshell[181612]:  DEBUG qt.scenegraph.time.renderloop: [window 0x7fa09e00ec60][gui thread] polishAndSync: start, elapsed since last call: 16 ms
Aug 28 18:45:18 hearth quickshell[181612]:  DEBUG qt.scenegraph.time.renderloop: [window 0x7fa09af9dc70][render thread 0x7fa09c607420] syncAndRender: frame rendered in 16ms, sync=0, render=0, swap=15
Aug 28 18:45:18 hearth quickshell[181612]:  DEBUG qt.scenegraph.time.renderloop: [window 0x7fa09e00ec60][render thread 0x7fa09c606e00] syncAndRender: start, elapsed since last call: 16 ms
Aug 28 18:45:18 hearth quickshell[181612]:  DEBUG qt.scenegraph.time.renderer: time in renderer: total=0ms, preprocess=0, updates=0, rendering=0
Aug 28 18:45:18 hearth quickshell[181612]:  DEBUG qt.scenegraph.time.renderloop: [window 0x7fa09e00ec60][gui thread] Frame prepared, polish=0 ms, lock=0 ms, blockedForSync=0 ms, animations=0 ms
Aug 28 18:45:18 hearth quickshell[181612]:  DEBUG qt.scenegraph.time.renderloop: [window 0x7fa09af9dc70][gui thread] polishAndSync: start, elapsed since last call: 16 ms
Aug 28 18:45:18 hearth quickshell[181612]:  DEBUG qt.scenegraph.time.renderloop: [window 0x7fa09af9dc70][render thread 0x7fa09c607420] syncAndRender: start, elapsed since last call: 16 ms
Aug 28 18:45:18 hearth quickshell[181612]:  DEBUG qt.scenegraph.time.renderloop: [window 0x7fa09e00ec60][render thread 0x7fa09c606e00] syncAndRender: frame rendered in 0ms, sync=0, render=0, swap=0
Aug 28 18:45:18 hearth quickshell[181612]:  DEBUG qt.scenegraph.time.renderloop: [window 0x7fa09af9dc70][gui thread] Frame prepared, polish=0 ms, lock=0 ms, blockedForSync=0 ms, animations=0 ms
Aug 28 18:45:18 hearth quickshell[181612]:  DEBUG qt.scenegraph.time.renderer: time in renderer: total=0ms, preprocess=0, updates=0, rendering=0
Aug 28 18:45:18 hearth quickshell[181612]:  DEBUG qt.scenegraph.time.renderloop: [window 0x7fa09e00ec60][gui thread] polishAndSync: start, elapsed since last call: 16 ms
Aug 28 18:45:18 hearth quickshell[181612]:  DEBUG qt.scenegraph.time.renderloop: [window 0x7fa09af9dc70][render thread 0x7fa09c607420] syncAndRender: frame rendered in 16ms, sync=0, render=0, swap=16
Aug 28 18:45:18 hearth quickshell[181612]:  DEBUG qt.scenegraph.time.renderloop: [window 0x7fa09e00ec60][render thread 0x7fa09c606e00] syncAndRender: start, elapsed since last call: 16 ms
Aug 28 18:45:18 hearth quickshell[181612]:  DEBUG qt.scenegraph.time.renderloop: [window 0x7fa09e00ec60][gui thread] Frame prepared, polish=0 ms, lock=0 ms, blockedForSync=0 ms, animations=0 ms
Aug 28 18:45:18 hearth quickshell[181612]:  DEBUG qt.scenegraph.time.renderloop: [window 0x7fa09af9dc70][gui thread] polishAndSync: start, elapsed since last call: 16 ms
Aug 28 18:45:18 hearth quickshell[181612]:  DEBUG qt.scenegraph.time.renderer: time in renderer: total=0ms, preprocess=0, updates=0, rendering=0
Aug 28 18:45:18 hearth quickshell[181612]:  DEBUG qt.scenegraph.time.renderloop: [window 0x7fa09af9dc70][render thread 0x7fa09c607420] syncAndRender: start, elapsed since last call: 16 ms
Aug 28 18:45:18 hearth quickshell[181612]:  DEBUG qt.scenegraph.time.renderloop: [window 0x7fa09e00ec60][render thread 0x7fa09c606e00] syncAndRender: frame rendered in 0ms, sync=0, render=0, swap=0
Aug 28 18:45:18 hearth quickshell[181612]:  DEBUG qt.scenegraph.time.renderloop: [window 0x7fa09af9dc70][gui thread] Frame prepared, polish=0 ms, lock=0 ms, blockedForSync=0 ms, animations=0 ms
Aug 28 18:45:18 hearth quickshell[181612]:  DEBUG qt.scenegraph.time.renderer: time in renderer: total=0ms, preprocess=0, updates=0, rendering=0
Aug 28 18:45:18 hearth quickshell[181612]:  DEBUG qt.scenegraph.time.renderloop: [window 0x7fa09e00ec60][gui thread] polishAndSync: start, elapsed since last call: 16 ms
Aug 28 18:45:18 hearth quickshell[181612]:  DEBUG qt.scenegraph.time.renderloop: [window 0x7fa09af9dc70][render thread 0x7fa09c607420] syncAndRender: frame rendered in 16ms, sync=0, render=0, swap=16
Aug 28 18:45:18 hearth quickshell[181612]:  DEBUG qt.scenegraph.time.renderloop: [window 0x7fa09e00ec60][render thread 0x7fa09c606e00] syncAndRender: start, elapsed since last call: 16 ms
Aug 28 18:45:18 hearth quickshell[181612]:  DEBUG qt.scenegraph.time.renderloop: [window 0x7fa09e00ec60][gui thread] Frame prepared, polish=0 ms, lock=0 ms, blockedForSync=0 ms, animations=0 ms
Aug 28 18:45:18 hearth quickshell[181612]:  DEBUG qt.scenegraph.time.renderer: time in renderer: total=0ms, preprocess=0, updates=0, rendering=0
Aug 28 18:45:18 hearth quickshell[181612]:  DEBUG qt.scenegraph.time.renderloop: [window 0x7fa09af9dc70][gui thread] polishAndSync: start, elapsed since last call: 16 ms
Aug 28 18:45:18 hearth quickshell[181612]:  DEBUG qt.scenegraph.time.renderloop: [window 0x7fa09af9dc70][render thread 0x7fa09c607420] syncAndRender: start, elapsed since last call: 16 ms
Aug 28 18:45:18 hearth quickshell[181612]:  DEBUG qt.scenegraph.time.renderloop: [window 0x7fa09e00ec60][render thread 0x7fa09c606e00] syncAndRender: frame rendered in 0ms, sync=0, render=0, swap=0
Aug 28 18:45:18 hearth quickshell[181612]:  DEBUG qt.scenegraph.time.renderloop: [window 0x7fa09af9dc70][gui thread] Frame prepared, polish=0 ms, lock=0 ms, blockedForSync=0 ms, animations=0 ms
Aug 28 18:45:18 hearth quickshell[181612]:  DEBUG qt.scenegraph.time.renderer: time in renderer: total=0ms, preprocess=0, updates=0, rendering=0
Aug 28 18:45:18 hearth quickshell[181612]:  DEBUG qt.scenegraph.time.renderloop: [window 0x7fa09e00ec60][gui thread] polishAndSync: start, elapsed since last call: 16 ms
Aug 28 18:45:18 hearth quickshell[181612]:  DEBUG qt.scenegraph.time.renderloop: [window 0x7fa09af9dc70][render thread 0x7fa09c607420] syncAndRender: frame rendered in 16ms, sync=0, render=0, swap=16
Aug 28 18:45:18 hearth quickshell[181612]:  DEBUG qt.scenegraph.time.renderloop: [window 0x7fa09e00ec60][render thread 0x7fa09c606e00] syncAndRender: start, elapsed since last call: 16 ms
Aug 28 18:45:18 hearth quickshell[181612]:  DEBUG qt.scenegraph.time.renderer: time in renderer: total=0ms, preprocess=0, updates=0, rendering=0
Aug 28 18:45:18 hearth quickshell[181612]:  DEBUG qt.scenegraph.time.renderloop: [window 0x7fa09e00ec60][gui thread] Frame prepared, polish=0 ms, lock=0 ms, blockedForSync=0 ms, animations=0 ms
Aug 28 18:45:18 hearth quickshell[181612]:  DEBUG qt.scenegraph.time.renderloop: [window 0x7fa09af9dc70][gui thread] polishAndSync: start, elapsed since last call: 16 ms
Aug 28 18:45:18 hearth quickshell[181612]:  DEBUG qt.scenegraph.time.renderloop: [window 0x7fa09e00ec60][render thread 0x7fa09c606e00] syncAndRender: frame rendered in 0ms, sync=0, render=0, swap=0
Aug 28 18:45:18 hearth quickshell[181612]:  DEBUG qt.scenegraph.time.renderloop: [window 0x7fa09af9dc70][render thread 0x7fa09c607420] syncAndRender: start, elapsed since last call: 16 ms
Aug 28 18:45:18 hearth quickshell[181612]:  DEBUG qt.scenegraph.time.renderloop: [window 0x7fa09af9dc70][gui thread] Frame prepared, polish=0 ms, lock=0 ms, blockedForSync=0 ms, animations=0 ms
Aug 28 18:45:18 hearth quickshell[181612]:  DEBUG qt.scenegraph.time.renderer: time in renderer: total=0ms, preprocess=0, updates=0, rendering=0
Aug 28 18:45:18 hearth quickshell[181612]:  DEBUG qt.scenegraph.time.renderloop: [window 0x7fa09e00ec60][gui thread] polishAndSync: start, elapsed since last call: 16 ms
Aug 28 18:45:18 hearth quickshell[181612]:  DEBUG qt.scenegraph.time.renderloop: [window 0x7fa09af9dc70][render thread 0x7fa09c607420] syncAndRender: frame rendered in 16ms, sync=0, render=0, swap=16
Aug 28 18:45:18 hearth quickshell[181612]:  DEBUG qt.scenegraph.time.renderloop: [window 0x7fa09e00ec60][render thread 0x7fa09c606e00] syncAndRender: start, elapsed since last call: 16 ms
Aug 28 18:45:18 hearth quickshell[181612]:  DEBUG qt.scenegraph.time.renderloop: [window 0x7fa09e00ec60][gui thread] Frame prepared, polish=0 ms, lock=0 ms, blockedForSync=0 ms, animations=0 ms
Aug 28 18:45:18 hearth quickshell[181612]:  DEBUG qt.scenegraph.time.renderloop: [window 0x7fa09af9dc70][gui thread] polishAndSync: start, elapsed since last call: 16 ms
Aug 28 18:45:18 hearth quickshell[181612]:  DEBUG qt.scenegraph.time.renderer: time in renderer: total=0ms, preprocess=0, updates=0, rendering=0
Aug 28 18:45:18 hearth quickshell[181612]:  DEBUG qt.scenegraph.time.renderloop: [window 0x7fa09af9dc70][render thread 0x7fa09c607420] syncAndRender: start, elapsed since last call: 16 ms
Aug 28 18:45:18 hearth quickshell[181612]:  DEBUG qt.scenegraph.time.renderloop: [window 0x7fa09e00ec60][render thread 0x7fa09c606e00] syncAndRender: frame rendered in 0ms, sync=0, render=0, swap=0
Aug 28 18:45:18 hearth quickshell[181612]:  DEBUG qt.scenegraph.time.renderloop: [window 0x7fa09af9dc70][gui thread] Frame prepared, polish=0 ms, lock=0 ms, blockedForSync=0 ms, animations=0 ms
Aug 28 18:45:18 hearth quickshell[181612]:  DEBUG qt.scenegraph.time.renderer: time in renderer: total=0ms, preprocess=0, updates=0, rendering=0
Aug 28 18:45:18 hearth quickshell[181612]:  DEBUG qt.scenegraph.time.renderloop: [window 0x7fa09e00ec60][gui thread] polishAndSync: start, elapsed since last call: 16 ms
Aug 28 18:45:18 hearth quickshell[181612]:  DEBUG qt.scenegraph.time.renderloop: [window 0x7fa09af9dc70][render thread 0x7fa09c607420] syncAndRender: frame rendered in 16ms, sync=0, render=0, swap=16
Aug 28 18:45:18 hearth quickshell[181612]:  DEBUG qt.scenegraph.time.renderloop: [window 0x7fa09e00ec60][render thread 0x7fa09c606e00] syncAndRender: start, elapsed since last call: 16 ms
Aug 28 18:45:18 hearth quickshell[181612]:  DEBUG qt.scenegraph.time.renderloop: [window 0x7fa09e00ec60][gui thread] Frame prepared, polish=0 ms, lock=0 ms, blockedForSync=0 ms, animations=0 ms
Aug 28 18:45:18 hearth quickshell[181612]:  DEBUG qt.scenegraph.time.renderer: time in renderer: total=0ms, preprocess=0, updates=0, rendering=0
Aug 28 18:45:18 hearth quickshell[181612]:  DEBUG qt.scenegraph.time.renderloop: [window 0x7fa09af9dc70][gui thread] polishAndSync: start, elapsed since last call: 16 ms
Aug 28 18:45:18 hearth quickshell[181612]:  DEBUG qt.scenegraph.time.renderloop: [window 0x7fa09af9dc70][render thread 0x7fa09c607420] syncAndRender: start, elapsed since last call: 16 ms
Aug 28 18:45:18 hearth quickshell[181612]:  DEBUG qt.scenegraph.time.renderloop: [window 0x7fa09e00ec60][render thread 0x7fa09c606e00] syncAndRender: frame rendered in 0ms, sync=0, render=0, swap=0
Aug 28 18:45:18 hearth quickshell[181612]:  DEBUG qt.scenegraph.time.renderloop: [window 0x7fa09af9dc70][gui thread] Frame prepared, polish=0 ms, lock=0 ms, blockedForSync=0 ms, animations=0 ms
Aug 28 18:45:18 hearth quickshell[181612]:  DEBUG qt.scenegraph.time.renderer: time in renderer: total=0ms, preprocess=0, updates=0, rendering=0
Aug 28 18:45:18 hearth quickshell[181612]:  DEBUG qt.scenegraph.time.renderloop: [window 0x7fa09e00ec60][gui thread] polishAndSync: start, elapsed since last call: 16 ms
Aug 28 18:45:18 hearth quickshell[181612]:  DEBUG qt.scenegraph.time.renderloop: [window 0x7fa09af9dc70][render thread 0x7fa09c607420] syncAndRender: frame rendered in 16ms, sync=0, render=0, swap=16
Aug 28 18:45:18 hearth quickshell[181612]:  DEBUG qt.scenegraph.time.renderloop: [window 0x7fa09e00ec60][render thread 0x7fa09c606e00] syncAndRender: start, elapsed since last call: 16 ms
Aug 28 18:45:18 hearth quickshell[181612]:  DEBUG qt.scenegraph.time.renderloop: [window 0x7fa09e00ec60][gui thread] Frame prepared, polish=0 ms, lock=0 ms, blockedForSync=0 ms, animations=0 ms
Aug 28 18:45:18 hearth quickshell[181612]:  DEBUG qt.scenegraph.time.renderer: time in renderer: total=0ms, preprocess=0, updates=0, rendering=0
Aug 28 18:45:18 hearth quickshell[181612]:  DEBUG qt.scenegraph.time.renderloop: [window 0x7fa09af9dc70][gui thread] polishAndSync: start, elapsed since last call: 16 ms
Aug 28 18:45:18 hearth quickshell[181612]:  DEBUG qt.scenegraph.time.renderloop: [window 0x7fa09af9dc70][render thread 0x7fa09c607420] syncAndRender: start, elapsed since last call: 16 ms
Aug 28 18:45:18 hearth quickshell[181612]:  DEBUG qt.scenegraph.time.renderloop: [window 0x7fa09e00ec60][render thread 0x7fa09c606e00] syncAndRender: frame rendered in 0ms, sync=0, render=0, swap=0
Aug 28 18:45:18 hearth quickshell[181612]:  DEBUG qt.scenegraph.time.renderloop: [window 0x7fa09af9dc70][gui thread] Frame prepared, polish=0 ms, lock=0 ms, blockedForSync=0 ms, animations=0 ms
Aug 28 18:45:18 hearth quickshell[181612]:  DEBUG qt.scenegraph.time.renderer: time in renderer: total=0ms, preprocess=0, updates=0, rendering=0
Aug 28 18:45:18 hearth quickshell[181612]:  DEBUG qt.scenegraph.time.renderloop: [window 0x7fa09e00ec60][gui thread] polishAndSync: start, elapsed since last call: 16 ms
Aug 28 18:45:18 hearth quickshell[181612]:  DEBUG qt.scenegraph.time.renderloop: [window 0x7fa09af9dc70][render thread 0x7fa09c607420] syncAndRender: frame rendered in 16ms, sync=0, render=0, swap=16
Aug 28 18:45:18 hearth quickshell[181612]:  DEBUG qt.scenegraph.time.renderloop: [window 0x7fa09e00ec60][render thread 0x7fa09c606e00] syncAndRender: start, elapsed since last call: 16 ms
Aug 28 18:45:18 hearth quickshell[181612]:  DEBUG qt.scenegraph.time.renderloop: [window 0x7fa09e00ec60][gui thread] Frame prepared, polish=0 ms, lock=0 ms, blockedForSync=0 ms, animations=0 ms
Aug 28 18:45:18 hearth quickshell[181612]:  DEBUG qt.scenegraph.time.renderer: time in renderer: total=0ms, preprocess=0, updates=0, rendering=0
Aug 28 18:45:18 hearth quickshell[181612]:  DEBUG qt.scenegraph.time.renderloop: [window 0x7fa09af9dc70][gui thread] polishAndSync: start, elapsed since last call: 16 ms
Aug 28 18:45:18 hearth quickshell[181612]:  DEBUG qt.scenegraph.time.renderloop: [window 0x7fa09af9dc70][render thread 0x7fa09c607420] syncAndRender: start, elapsed since last call: 16 ms
Aug 28 18:45:18 hearth quickshell[181612]:  DEBUG qt.scenegraph.time.renderloop: [window 0x7fa09e00ec60][render thread 0x7fa09c606e00] syncAndRender: frame rendered in 0ms, sync=0, render=0, swap=0
Aug 28 18:45:18 hearth quickshell[181612]:  DEBUG qt.scenegraph.time.renderloop: [window 0x7fa09af9dc70][gui thread] Frame prepared, polish=0 ms, lock=0 ms, blockedForSync=0 ms, animations=0 ms
Aug 28 18:45:18 hearth quickshell[181612]:  DEBUG qt.scenegraph.time.renderer: time in renderer: total=0ms, preprocess=0, updates=0, rendering=0
Aug 28 18:45:18 hearth quickshell[181612]:  DEBUG qt.scenegraph.time.renderloop: [window 0x7fa09e00ec60][gui thread] polishAndSync: start, elapsed since last call: 16 ms
Aug 28 18:45:18 hearth quickshell[181612]:  DEBUG qt.scenegraph.time.renderloop: [window 0x7fa09af9dc70][render thread 0x7fa09c607420] syncAndRender: frame rendered in 16ms, sync=0, render=0, swap=16
Aug 28 18:45:18 hearth quickshell[181612]:  DEBUG qt.scenegraph.time.renderloop: [window 0x7fa09e00ec60][render thread 0x7fa09c606e00] syncAndRender: start, elapsed since last call: 16 ms
Aug 28 18:45:18 hearth quickshell[181612]:  DEBUG qt.scenegraph.time.renderloop: [window 0x7fa09e00ec60][gui thread] Frame prepared, polish=0 ms, lock=0 ms, blockedForSync=0 ms, animations=0 ms
Aug 28 18:45:18 hearth quickshell[181612]:  DEBUG qt.scenegraph.time.renderer: time in renderer: total=0ms, preprocess=0, updates=0, rendering=0
Aug 28 18:45:18 hearth quickshell[181612]:  DEBUG qt.scenegraph.time.renderloop: [window 0x7fa09af9dc70][gui thread] polishAndSync: start, elapsed since last call: 16 ms
Aug 28 18:45:18 hearth quickshell[181612]:  DEBUG qt.scenegraph.time.renderloop: [window 0x7fa09e00ec60][render thread 0x7fa09c606e00] syncAndRender: frame rendered in 0ms, sync=0, render=0, swap=0
Aug 28 18:45:18 hearth quickshell[181612]:  DEBUG qt.scenegraph.time.renderloop: [window 0x7fa09af9dc70][render thread 0x7fa09c607420] syncAndRender: start, elapsed since last call: 16 ms
Aug 28 18:45:18 hearth quickshell[181612]:  DEBUG qt.scenegraph.time.renderloop: [window 0x7fa09af9dc70][gui thread] Frame prepared, polish=0 ms, lock=0 ms, blockedForSync=0 ms, animations=0 ms
Aug 28 18:45:18 hearth quickshell[181612]:  DEBUG qt.scenegraph.time.renderer: time in renderer: total=0ms, preprocess=0, updates=0, rendering=0
Aug 28 18:45:18 hearth quickshell[181612]:  DEBUG qt.scenegraph.time.renderloop: [window 0x7fa09e00ec60][gui thread] polishAndSync: start, elapsed since last call: 16 ms
Aug 28 18:45:18 hearth quickshell[181612]:  DEBUG qt.scenegraph.time.renderloop: [window 0x7fa09af9dc70][render thread 0x7fa09c607420] syncAndRender: frame rendered in 16ms, sync=0, render=0, swap=15
Aug 28 18:45:18 hearth quickshell[181612]:  DEBUG qt.scenegraph.time.renderloop: [window 0x7fa09e00ec60][render thread 0x7fa09c606e00] syncAndRender: start, elapsed since last call: 16 ms
Aug 28 18:45:18 hearth quickshell[181612]:  DEBUG qt.scenegraph.time.renderer: time in renderer: total=0ms, preprocess=0, updates=0, rendering=0
Aug 28 18:45:18 hearth quickshell[181612]:  DEBUG qt.scenegraph.time.renderloop: [window 0x7fa09e00ec60][gui thread] Frame prepared, polish=0 ms, lock=0 ms, blockedForSync=0 ms, animations=0 ms
Aug 28 18:45:18 hearth quickshell[181612]:  DEBUG qt.scenegraph.time.renderloop: [window 0x7fa09af9dc70][gui thread] polishAndSync: start, elapsed since last call: 16 ms
Aug 28 18:45:18 hearth quickshell[181612]:  DEBUG qt.scenegraph.time.renderloop: [window 0x7fa09af9dc70][render thread 0x7fa09c607420] syncAndRender: start, elapsed since last call: 16 ms
Aug 28 18:45:18 hearth quickshell[181612]:  DEBUG qt.scenegraph.time.renderloop: [window 0x7fa09e00ec60][render thread 0x7fa09c606e00] syncAndRender: frame rendered in 0ms, sync=0, render=0, swap=0
Aug 28 18:45:18 hearth quickshell[181612]:  DEBUG qt.scenegraph.time.renderloop: [window 0x7fa09af9dc70][gui thread] Frame prepared, polish=0 ms, lock=0 ms, blockedForSync=0 ms, animations=0 ms
Aug 28 18:45:18 hearth quickshell[181612]:  DEBUG qt.scenegraph.time.renderer: time in renderer: total=0ms, preprocess=0, updates=0, rendering=0
Aug 28 18:45:18 hearth quickshell[181612]:  DEBUG qt.scenegraph.time.renderloop: [window 0x7fa09e00ec60][gui thread] polishAndSync: start, elapsed since last call: 16 ms
Aug 28 18:45:18 hearth quickshell[181612]:  DEBUG qt.scenegraph.time.renderloop: [window 0x7fa09af9dc70][render thread 0x7fa09c607420] syncAndRender: frame rendered in 16ms, sync=0, render=0, swap=16
Aug 28 18:45:18 hearth quickshell[181612]:  DEBUG qt.scenegraph.time.renderloop: [window 0x7fa09e00ec60][render thread 0x7fa09c606e00] syncAndRender: start, elapsed since last call: 16 ms
Aug 28 18:45:18 hearth quickshell[181612]:  DEBUG qt.scenegraph.time.renderer: time in renderer: total=0ms, preprocess=0, updates=0, rendering=0
Aug 28 18:45:18 hearth quickshell[181612]:  DEBUG qt.scenegraph.time.renderloop: [window 0x7fa09e00ec60][gui thread] Frame prepared, polish=0 ms, lock=0 ms, blockedForSync=0 ms, animations=0 ms
Aug 28 18:45:18 hearth quickshell[181612]:  DEBUG qt.scenegraph.time.renderloop: [window 0x7fa09af9dc70][gui thread] polishAndSync: start, elapsed since last call: 16 ms
Aug 28 18:45:18 hearth quickshell[181612]:  DEBUG qt.scenegraph.time.renderloop: [window 0x7fa09af9dc70][render thread 0x7fa09c607420] syncAndRender: start, elapsed since last call: 16 ms
Aug 28 18:45:18 hearth quickshell[181612]:  DEBUG qt.scenegraph.time.renderloop: [window 0x7fa09e00ec60][render thread 0x7fa09c606e00] syncAndRender: frame rendered in 0ms, sync=0, render=0, swap=0
Aug 28 18:45:18 hearth quickshell[181612]:  DEBUG qt.scenegraph.time.renderloop: [window 0x7fa09af9dc70][gui thread] Frame prepared, polish=0 ms, lock=0 ms, blockedForSync=0 ms, animations=0 ms
Aug 28 18:45:18 hearth quickshell[181612]:  DEBUG qt.scenegraph.time.renderer: time in renderer: total=0ms, preprocess=0, updates=0, rendering=0
Aug 28 18:45:18 hearth quickshell[181612]:  DEBUG qt.scenegraph.time.renderloop: [window 0x7fa09e00ec60][gui thread] polishAndSync: start, elapsed since last call: 15 ms
Aug 28 18:45:18 hearth quickshell[181612]:  DEBUG qt.scenegraph.time.renderloop: [window 0x7fa09af9dc70][render thread 0x7fa09c607420] syncAndRender: frame rendered in 15ms, sync=0, render=0, swap=15
Aug 28 18:45:18 hearth quickshell[181612]:  DEBUG qt.scenegraph.time.renderloop: [window 0x7fa09e00ec60][render thread 0x7fa09c606e00] syncAndRender: start, elapsed since last call: 15 ms
Aug 28 18:45:18 hearth quickshell[181612]:  DEBUG qt.scenegraph.time.renderer: time in renderer: total=0ms, preprocess=0, updates=0, rendering=0
Aug 28 18:45:18 hearth quickshell[181612]:  DEBUG qt.scenegraph.time.renderloop: [window 0x7fa09e00ec60][gui thread] Frame prepared, polish=0 ms, lock=0 ms, blockedForSync=0 ms, animations=0 ms
Aug 28 18:45:18 hearth quickshell[181612]:  DEBUG qt.scenegraph.time.renderloop: [window 0x7fa09af9dc70][gui thread] polishAndSync: start, elapsed since last call: 15 ms
Aug 28 18:45:18 hearth quickshell[181612]:  DEBUG qt.scenegraph.time.renderloop: [window 0x7fa09e00ec60][render thread 0x7fa09c606e00] syncAndRender: frame rendered in 0ms, sync=0, render=0, swap=0
Aug 28 18:45:18 hearth quickshell[181612]:  DEBUG qt.scenegraph.time.renderloop: [window 0x7fa09af9dc70][render thread 0x7fa09c607420] syncAndRender: start, elapsed since last call: 15 ms
Aug 28 18:45:18 hearth quickshell[181612]:  DEBUG qt.scenegraph.time.renderloop: [window 0x7fa09af9dc70][gui thread] Frame prepared, polish=0 ms, lock=0 ms, blockedForSync=0 ms, animations=0 ms
Aug 28 18:45:18 hearth quickshell[181612]:  DEBUG qt.scenegraph.time.renderer: time in renderer: total=0ms, preprocess=0, updates=0, rendering=0
Aug 28 18:45:18 hearth quickshell[181612]:  DEBUG qt.scenegraph.time.renderloop: [window 0x7fa09af9dc70][render thread 0x7fa09c607420] syncAndRender: frame rendered in 0ms, sync=0, render=0, swap=0
Aug 28 18:45:18 hearth quickshell[181612]:  DEBUG qt.scenegraph.time.renderloop: [window 0x7fa09e00ec60][gui thread] polishAndSync: start, elapsed since last call: 17 ms
Aug 28 18:45:18 hearth quickshell[181612]:  DEBUG qt.scenegraph.time.renderloop: [window 0x7fa09e00ec60][render thread 0x7fa09c606e00] syncAndRender: start, elapsed since last call: 17 ms
Aug 28 18:45:18 hearth quickshell[181612]:  DEBUG qt.scenegraph.time.renderloop: [window 0x7fa09e00ec60][gui thread] Frame prepared, polish=0 ms, lock=0 ms, blockedForSync=0 ms, animations=0 ms
Aug 28 18:45:18 hearth quickshell[181612]:  DEBUG qt.scenegraph.time.renderloop: [window 0x7fa09af9dc70][gui thread] polishAndSync: start, elapsed since last call: 17 ms
Aug 28 18:45:18 hearth quickshell[181612]:  DEBUG qt.scenegraph.time.renderer: time in renderer: total=0ms, preprocess=0, updates=0, rendering=0
Aug 28 18:45:18 hearth quickshell[181612]:  DEBUG qt.scenegraph.time.renderloop: [window 0x7fa09af9dc70][render thread 0x7fa09c607420] syncAndRender: start, elapsed since last call: 17 ms
Aug 28 18:45:18 hearth quickshell[181612]:  DEBUG qt.scenegraph.time.renderloop: [window 0x7fa09e00ec60][render thread 0x7fa09c606e00] syncAndRender: frame rendered in 0ms, sync=0, render=0, swap=0
Aug 28 18:45:18 hearth quickshell[181612]:  DEBUG qt.scenegraph.time.renderloop: [window 0x7fa09af9dc70][gui thread] Frame prepared, polish=0 ms, lock=0 ms, blockedForSync=0 ms, animations=0 ms
Aug 28 18:45:18 hearth quickshell[181612]:  DEBUG qt.scenegraph.time.renderer: time in renderer: total=0ms, preprocess=0, updates=0, rendering=0
Aug 28 18:45:18 hearth quickshell[181612]:  DEBUG qt.scenegraph.time.renderloop: [window 0x7fa09af9dc70][render thread 0x7fa09c607420] syncAndRender: frame rendered in 0ms, sync=0, render=0, swap=0
Aug 28 18:45:18 hearth quickshell[181612]:  DEBUG qt.scenegraph.time.renderloop: [window 0x7fa09e00ec60][gui thread] polishAndSync: start, elapsed since last call: 16 ms
Aug 28 18:45:18 hearth quickshell[181612]:  DEBUG qt.scenegraph.time.renderloop: [window 0x7fa09e00ec60][render thread 0x7fa09c606e00] syncAndRender: start, elapsed since last call: 16 ms
Aug 28 18:45:18 hearth quickshell[181612]:  DEBUG qt.scenegraph.time.renderloop: [window 0x7fa09e00ec60][gui thread] Frame prepared, polish=0 ms, lock=0 ms, blockedForSync=0 ms, animations=0 ms
Aug 28 18:45:18 hearth quickshell[181612]:  DEBUG qt.scenegraph.time.renderer: time in renderer: total=0ms, preprocess=0, updates=0, rendering=0
Aug 28 18:45:18 hearth quickshell[181612]:  DEBUG qt.scenegraph.time.renderloop: [window 0x7fa09af9dc70][gui thread] polishAndSync: start, elapsed since last call: 16 ms
Aug 28 18:45:18 hearth quickshell[181612]:  DEBUG qt.scenegraph.time.renderloop: [window 0x7fa09af9dc70][render thread 0x7fa09c607420] syncAndRender: start, elapsed since last call: 16 ms
Aug 28 18:45:18 hearth quickshell[181612]:  DEBUG qt.scenegraph.time.renderloop: [window 0x7fa09e00ec60][render thread 0x7fa09c606e00] syncAndRender: frame rendered in 0ms, sync=0, render=0, swap=0
Aug 28 18:45:18 hearth quickshell[181612]:  DEBUG qt.scenegraph.time.renderloop: [window 0x7fa09af9dc70][gui thread] Frame prepared, polish=0 ms, lock=0 ms, blockedForSync=0 ms, animations=0 ms
Aug 28 18:45:18 hearth quickshell[181612]:  DEBUG qt.scenegraph.time.renderer: time in renderer: total=0ms, preprocess=0, updates=0, rendering=0
Aug 28 18:45:18 hearth quickshell[181612]:  DEBUG qt.scenegraph.time.renderloop: [window 0x7fa09af9dc70][render thread 0x7fa09c607420] syncAndRender: frame rendered in 0ms, sync=0, render=0, swap=0
Aug 28 18:45:18 hearth quickshell[181612]:  DEBUG qt.scenegraph.time.renderloop: [window 0x7fa09e00ec60][gui thread] polishAndSync: start, elapsed since last call: 16 ms
Aug 28 18:45:18 hearth quickshell[181612]:  DEBUG qt.scenegraph.time.renderloop: [window 0x7fa09e00ec60][render thread 0x7fa09c606e00] syncAndRender: start, elapsed since last call: 16 ms
Aug 28 18:45:18 hearth quickshell[181612]:  DEBUG qt.scenegraph.time.renderloop: [window 0x7fa09e00ec60][gui thread] Frame prepared, polish=0 ms, lock=0 ms, blockedForSync=0 ms, animations=0 ms
Aug 28 18:45:18 hearth quickshell[181612]:  DEBUG qt.scenegraph.time.renderloop: [window 0x7fa09af9dc70][gui thread] polishAndSync: start, elapsed since last call: 16 ms
Aug 28 18:45:18 hearth quickshell[181612]:  DEBUG qt.scenegraph.time.renderloop: [window 0x7fa09af9dc70][render thread 0x7fa09c607420] syncAndRender: start, elapsed since last call: 16 ms
Aug 28 18:45:18 hearth quickshell[181612]:  DEBUG qt.scenegraph.time.renderer: time in renderer: total=0ms, preprocess=0, updates=0, rendering=0
Aug 28 18:45:18 hearth quickshell[181612]:  DEBUG qt.scenegraph.time.renderloop: [window 0x7fa09e00ec60][render thread 0x7fa09c606e00] syncAndRender: frame rendered in 0ms, sync=0, render=0, swap=0
Aug 28 18:45:18 hearth quickshell[181612]:  DEBUG qt.scenegraph.time.renderloop: [window 0x7fa09af9dc70][gui thread] Frame prepared, polish=0 ms, lock=0 ms, blockedForSync=0 ms, animations=0 ms
Aug 28 18:45:18 hearth quickshell[181612]:  DEBUG qt.scenegraph.time.renderer: time in renderer: total=0ms, preprocess=0, updates=0, rendering=0
Aug 28 18:45:18 hearth quickshell[181612]:  DEBUG qt.scenegraph.time.renderloop: [window 0x7fa09af9dc70][render thread 0x7fa09c607420] syncAndRender: frame rendered in 0ms, sync=0, render=0, swap=0
Aug 28 18:45:18 hearth quickshell[181612]:  DEBUG qt.scenegraph.time.renderloop: [window 0x7fa09e00ec60][gui thread] polishAndSync: start, elapsed since last call: 16 ms
Aug 28 18:45:18 hearth quickshell[181612]:  DEBUG qt.scenegraph.time.renderloop: [window 0x7fa09e00ec60][render thread 0x7fa09c606e00] syncAndRender: start, elapsed since last call: 16 ms
Aug 28 18:45:18 hearth quickshell[181612]:  DEBUG qt.scenegraph.time.renderer: time in renderer: total=0ms, preprocess=0, updates=0, rendering=0
Aug 28 18:45:18 hearth quickshell[181612]:  DEBUG qt.scenegraph.time.renderloop: [window 0x7fa09e00ec60][gui thread] Frame prepared, polish=0 ms, lock=0 ms, blockedForSync=0 ms, animations=0 ms
Aug 28 18:45:18 hearth quickshell[181612]:  DEBUG qt.scenegraph.time.renderloop: [window 0x7fa09af9dc70][gui thread] polishAndSync: start, elapsed since last call: 16 ms
Aug 28 18:45:18 hearth quickshell[181612]:  DEBUG qt.scenegraph.time.renderloop: [window 0x7fa09af9dc70][render thread 0x7fa09c607420] syncAndRender: start, elapsed since last call: 16 ms
Aug 28 18:45:18 hearth quickshell[181612]:  DEBUG qt.scenegraph.time.renderloop: [window 0x7fa09e00ec60][render thread 0x7fa09c606e00] syncAndRender: frame rendered in 0ms, sync=0, render=0, swap=0
Aug 28 18:45:18 hearth quickshell[181612]:  DEBUG qt.scenegraph.time.renderloop: [window 0x7fa09af9dc70][gui thread] Frame prepared, polish=0 ms, lock=0 ms, blockedForSync=0 ms, animations=0 ms
Aug 28 18:45:18 hearth quickshell[181612]:  DEBUG qt.scenegraph.time.renderer: time in renderer: total=0ms, preprocess=0, updates=0, rendering=0
Aug 28 18:45:18 hearth quickshell[181612]:  DEBUG qt.scenegraph.time.renderloop: [window 0x7fa09af9dc70][render thread 0x7fa09c607420] syncAndRender: frame rendered in 0ms, sync=0, render=0, swap=0
Aug 28 18:45:18 hearth quickshell[181612]:  DEBUG qt.scenegraph.time.renderloop: [window 0x7fa09e00ec60][gui thread] polishAndSync: start, elapsed since last call: 16 ms
Aug 28 18:45:18 hearth quickshell[181612]:  DEBUG qt.scenegraph.time.renderloop: [window 0x7fa09e00ec60][render thread 0x7fa09c606e00] syncAndRender: start, elapsed since last call: 16 ms
Aug 28 18:45:18 hearth quickshell[181612]:  DEBUG qt.scenegraph.time.renderer: time in renderer: total=0ms, preprocess=0, updates=0, rendering=0
Aug 28 18:45:18 hearth quickshell[181612]:  DEBUG qt.scenegraph.time.renderloop: [window 0x7fa09e00ec60][gui thread] Frame prepared, polish=0 ms, lock=0 ms, blockedForSync=0 ms, animations=0 ms
Aug 28 18:45:18 hearth quickshell[181612]:  DEBUG qt.scenegraph.time.renderloop: [window 0x7fa09af9dc70][gui thread] polishAndSync: start, elapsed since last call: 16 ms
Aug 28 18:45:18 hearth quickshell[181612]:  DEBUG qt.scenegraph.time.renderloop: [window 0x7fa09af9dc70][render thread 0x7fa09c607420] syncAndRender: start, elapsed since last call: 16 ms
Aug 28 18:45:18 hearth quickshell[181612]:  DEBUG qt.scenegraph.time.renderloop: [window 0x7fa09e00ec60][render thread 0x7fa09c606e00] syncAndRender: frame rendered in 0ms, sync=0, render=0, swap=0
Aug 28 18:45:18 hearth quickshell[181612]:  DEBUG qt.scenegraph.time.renderloop: [window 0x7fa09af9dc70][gui thread] Frame prepared, polish=0 ms, lock=0 ms, blockedForSync=0 ms, animations=0 ms
Aug 28 18:45:18 hearth quickshell[181612]:  DEBUG qt.scenegraph.time.renderer: time in renderer: total=0ms, preprocess=0, updates=0, rendering=0
Aug 28 18:45:18 hearth quickshell[181612]:  DEBUG qt.scenegraph.time.renderloop: [window 0x7fa09af9dc70][render thread 0x7fa09c607420] syncAndRender: frame rendered in 0ms, sync=0, render=0, swap=0
Aug 28 18:45:18 hearth quickshell[181612]:  DEBUG qt.scenegraph.time.renderloop: [window 0x7fa09e00ec60][gui thread] polishAndSync: start, elapsed since last call: 16 ms
Aug 28 18:45:18 hearth quickshell[181612]:  DEBUG qt.scenegraph.time.renderloop: [window 0x7fa09e00ec60][render thread 0x7fa09c606e00] syncAndRender: start, elapsed since last call: 16 ms
Aug 28 18:45:18 hearth quickshell[181612]:  DEBUG qt.scenegraph.time.renderer: time in renderer: total=0ms, preprocess=0, updates=0, rendering=0
Aug 28 18:45:18 hearth quickshell[181612]:  DEBUG qt.scenegraph.time.renderloop: [window 0x7fa09e00ec60][gui thread] Frame prepared, polish=0 ms, lock=0 ms, blockedForSync=0 ms, animations=0 ms
Aug 28 18:45:18 hearth quickshell[181612]:  DEBUG qt.scenegraph.time.renderloop: [window 0x7fa09af9dc70][gui thread] polishAndSync: start, elapsed since last call: 16 ms
Aug 28 18:45:18 hearth quickshell[181612]:  DEBUG qt.scenegraph.time.renderloop: [window 0x7fa09af9dc70][render thread 0x7fa09c607420] syncAndRender: start, elapsed since last call: 16 ms
Aug 28 18:45:18 hearth quickshell[181612]:  DEBUG qt.scenegraph.time.renderloop: [window 0x7fa09e00ec60][render thread 0x7fa09c606e00] syncAndRender: frame rendered in 0ms, sync=0, render=0, swap=0
Aug 28 18:45:18 hearth quickshell[181612]:  DEBUG qt.scenegraph.time.renderloop: [window 0x7fa09af9dc70][gui thread] Frame prepared, polish=0 ms, lock=0 ms, blockedForSync=0 ms, animations=0 ms
Aug 28 18:45:18 hearth quickshell[181612]:  DEBUG qt.scenegraph.time.renderer: time in renderer: total=0ms, preprocess=0, updates=0, rendering=0
Aug 28 18:45:18 hearth quickshell[181612]:  DEBUG qt.scenegraph.time.renderloop: [window 0x7fa09af9dc70][render thread 0x7fa09c607420] syncAndRender: frame rendered in 0ms, sync=0, render=0, swap=0
Aug 28 18:45:18 hearth quickshell[181612]:  DEBUG qt.scenegraph.time.renderloop: [window 0x7fa09e00ec60][gui thread] polishAndSync: start, elapsed since last call: 16 ms
Aug 28 18:45:18 hearth quickshell[181612]:  DEBUG qt.scenegraph.time.renderloop: [window 0x7fa09e00ec60][render thread 0x7fa09c606e00] syncAndRender: start, elapsed since last call: 16 ms
Aug 28 18:45:18 hearth quickshell[181612]:  DEBUG qt.scenegraph.time.renderer: time in renderer: total=0ms, preprocess=0, updates=0, rendering=0
Aug 28 18:45:18 hearth quickshell[181612]:  DEBUG qt.scenegraph.time.renderloop: [window 0x7fa09e00ec60][gui thread] Frame prepared, polish=0 ms, lock=0 ms, blockedForSync=0 ms, animations=0 ms
Aug 28 18:45:18 hearth quickshell[181612]:  DEBUG qt.scenegraph.time.renderloop: [window 0x7fa09af9dc70][gui thread] polishAndSync: start, elapsed since last call: 16 ms
Aug 28 18:45:18 hearth quickshell[181612]:  DEBUG qt.scenegraph.time.renderloop: [window 0x7fa09e00ec60][render thread 0x7fa09c606e00] syncAndRender: frame rendered in 0ms, sync=0, render=0, swap=0
Aug 28 18:45:18 hearth quickshell[181612]:  DEBUG qt.scenegraph.time.renderloop: [window 0x7fa09af9dc70][render thread 0x7fa09c607420] syncAndRender: start, elapsed since last call: 17 ms
Aug 28 18:45:18 hearth quickshell[181612]:  DEBUG qt.scenegraph.time.renderloop: [window 0x7fa09af9dc70][gui thread] Frame prepared, polish=0 ms, lock=0 ms, blockedForSync=0 ms, animations=0 ms
Aug 28 18:45:18 hearth quickshell[181612]:  DEBUG qt.scenegraph.time.renderloop: [window 0x7fa09af9dc70][gui thread] polishAndSync: start, elapsed since last call: 0 ms
Aug 28 18:45:18 hearth quickshell[181612]:  DEBUG qt.scenegraph.time.renderer: time in renderer: total=0ms, preprocess=0, updates=0, rendering=0
Aug 28 18:45:18 hearth quickshell[181612]:  DEBUG qt.scenegraph.time.renderloop: [window 0x7fa09af9dc70][render thread 0x7fa09c607420] syncAndRender: frame rendered in 0ms, sync=0, render=0, swap=0
Aug 28 18:45:18 hearth quickshell[181612]:  DEBUG qt.scenegraph.time.renderloop: [window 0x7fa09af9dc70][render thread 0x7fa09c607420] syncAndRender: start, elapsed since last call: 0 ms
Aug 28 18:45:18 hearth quickshell[181612]:  DEBUG qt.scenegraph.time.renderloop: [window 0x7fa09af9dc70][gui thread] Frame prepared, polish=0 ms, lock=0 ms, blockedForSync=0 ms, animations=0 ms
Aug 28 18:45:18 hearth quickshell[181612]:  DEBUG qt.scenegraph.time.renderer: time in renderer: total=0ms, preprocess=0, updates=0, rendering=0
Aug 28 18:45:18 hearth quickshell[181612]:  DEBUG qt.scenegraph.time.renderloop: [window 0x7fa09e00ec60][gui thread] polishAndSync: start, elapsed since last call: 16 ms
Aug 28 18:45:18 hearth quickshell[181612]:  DEBUG qt.scenegraph.time.renderloop: [window 0x7fa09af9dc70][render thread 0x7fa09c607420] syncAndRender: frame rendered in 15ms, sync=0, render=0, swap=14
Aug 28 18:45:18 hearth quickshell[181612]:  DEBUG qt.scenegraph.time.renderloop: [window 0x7fa09e00ec60][render thread 0x7fa09c606e00] syncAndRender: start, elapsed since last call: 16 ms
Aug 28 18:45:18 hearth quickshell[181612]:  DEBUG qt.scenegraph.time.renderloop: [window 0x7fa09e00ec60][gui thread] Frame prepared, polish=0 ms, lock=0 ms, blockedForSync=0 ms, animations=0 ms
Aug 28 18:45:18 hearth quickshell[181612]:  DEBUG qt.scenegraph.time.renderer: time in renderer: total=0ms, preprocess=0, updates=0, rendering=0
Aug 28 18:45:18 hearth quickshell[181612]:  DEBUG qt.scenegraph.time.renderloop: [window 0x7fa09e00ec60][render thread 0x7fa09c606e00] syncAndRender: frame rendered in 0ms, sync=0, render=0, swap=0
Aug 28 18:45:18 hearth quickshell[181612]:  DEBUG qt.scenegraph.time.renderloop: [window 0x7fa09e00ec60][gui thread] polishAndSync: start, elapsed since last call: 16 ms
Aug 28 18:45:18 hearth quickshell[181612]:  DEBUG qt.scenegraph.time.renderloop: [window 0x7fa09e00ec60][render thread 0x7fa09c606e00] syncAndRender: start, elapsed since last call: 16 ms
Aug 28 18:45:18 hearth quickshell[181612]:  DEBUG qt.scenegraph.time.renderer: time in renderer: total=0ms, preprocess=0, updates=0, rendering=0
Aug 28 18:45:18 hearth quickshell[181612]:  DEBUG qt.scenegraph.time.renderloop: [window 0x7fa09e00ec60][gui thread] Frame prepared, polish=0 ms, lock=0 ms, blockedForSync=0 ms, animations=0 ms
Aug 28 18:45:18 hearth quickshell[181612]:  DEBUG qt.scenegraph.time.renderloop: [window 0x7fa09af9dc70][gui thread] polishAndSync: start, elapsed since last call: 32 ms
Aug 28 18:45:18 hearth quickshell[181612]:  DEBUG qt.scenegraph.time.renderloop: [window 0x7fa09af9dc70][render thread 0x7fa09c607420] syncAndRender: start, elapsed since last call: 32 ms
Aug 28 18:45:18 hearth quickshell[181612]:  DEBUG qt.scenegraph.time.renderloop: [window 0x7fa09e00ec60][render thread 0x7fa09c606e00] syncAndRender: frame rendered in 0ms, sync=0, render=0, swap=0
Aug 28 18:45:18 hearth quickshell[181612]:  DEBUG qt.scenegraph.time.renderloop: [window 0x7fa09af9dc70][gui thread] Frame prepared, polish=0 ms, lock=0 ms, blockedForSync=0 ms, animations=0 ms
Aug 28 18:45:18 hearth quickshell[181612]:  DEBUG qt.scenegraph.time.renderer: time in renderer: total=0ms, preprocess=0, updates=0, rendering=0
Aug 28 18:45:18 hearth quickshell[181612]:  DEBUG qt.scenegraph.time.renderloop: [window 0x7fa09af9dc70][render thread 0x7fa09c607420] syncAndRender: frame rendered in 0ms, sync=0, render=0, swap=0
Aug 28 18:45:18 hearth quickshell[181612]:  DEBUG qt.scenegraph.time.renderloop: [window 0x7fa09e00ec60][gui thread] polishAndSync: start, elapsed since last call: 16 ms
Aug 28 18:45:18 hearth quickshell[181612]:  DEBUG qt.scenegraph.time.renderloop: [window 0x7fa09e00ec60][render thread 0x7fa09c606e00] syncAndRender: start, elapsed since last call: 16 ms
Aug 28 18:45:18 hearth quickshell[181612]:  DEBUG qt.scenegraph.time.renderloop: [window 0x7fa09e00ec60][gui thread] Frame prepared, polish=0 ms, lock=0 ms, blockedForSync=0 ms, animations=0 ms
Aug 28 18:45:18 hearth quickshell[181612]:  DEBUG qt.scenegraph.time.renderloop: [window 0x7fa09af9dc70][gui thread] polishAndSync: start, elapsed since last call: 16 ms
Aug 28 18:45:18 hearth quickshell[181612]:  DEBUG qt.scenegraph.time.renderloop: [window 0x7fa09af9dc70][render thread 0x7fa09c607420] syncAndRender: start, elapsed since last call: 16 ms
Aug 28 18:45:18 hearth quickshell[181612]:  DEBUG qt.scenegraph.time.renderer: time in renderer: total=0ms, preprocess=0, updates=0, rendering=0
Aug 28 18:45:18 hearth quickshell[181612]:  DEBUG qt.scenegraph.time.renderloop: [window 0x7fa09e00ec60][render thread 0x7fa09c606e00] syncAndRender: frame rendered in 0ms, sync=0, render=0, swap=0
Aug 28 18:45:18 hearth quickshell[181612]:  DEBUG qt.scenegraph.time.renderloop: [window 0x7fa09af9dc70][gui thread] Frame prepared, polish=0 ms, lock=0 ms, blockedForSync=0 ms, animations=0 ms
Aug 28 18:45:18 hearth quickshell[181612]:  DEBUG qt.scenegraph.time.renderer: time in renderer: total=0ms, preprocess=0, updates=0, rendering=0
Aug 28 18:45:18 hearth quickshell[181612]:  DEBUG qt.scenegraph.time.renderloop: [window 0x7fa09af9dc70][render thread 0x7fa09c607420] syncAndRender: frame rendered in 0ms, sync=0, render=0, swap=0
Aug 28 18:45:18 hearth quickshell[181612]:  DEBUG qt.scenegraph.time.renderloop: [window 0x7fa09e00ec60][gui thread] polishAndSync: start, elapsed since last call: 16 ms
Aug 28 18:45:18 hearth quickshell[181612]:  DEBUG qt.scenegraph.time.renderloop: [window 0x7fa09e00ec60][render thread 0x7fa09c606e00] syncAndRender: start, elapsed since last call: 16 ms
Aug 28 18:45:18 hearth quickshell[181612]:  DEBUG qt.scenegraph.time.renderloop: [window 0x7fa09e00ec60][gui thread] Frame prepared, polish=0 ms, lock=0 ms, blockedForSync=0 ms, animations=0 ms
Aug 28 18:45:18 hearth quickshell[181612]:  DEBUG qt.scenegraph.time.renderer: time in renderer: total=0ms, preprocess=0, updates=0, rendering=0
Aug 28 18:45:18 hearth quickshell[181612]:  DEBUG qt.scenegraph.time.renderloop: [window 0x7fa09af9dc70][gui thread] polishAndSync: start, elapsed since last call: 16 ms
Aug 28 18:45:18 hearth quickshell[181612]:  DEBUG qt.scenegraph.time.renderloop: [window 0x7fa09af9dc70][render thread 0x7fa09c607420] syncAndRender: start, elapsed since last call: 16 ms
Aug 28 18:45:18 hearth quickshell[181612]:  DEBUG qt.scenegraph.time.renderloop: [window 0x7fa09e00ec60][render thread 0x7fa09c606e00] syncAndRender: frame rendered in 0ms, sync=0, render=0, swap=0
Aug 28 18:45:18 hearth quickshell[181612]:  DEBUG qt.scenegraph.time.renderloop: [window 0x7fa09af9dc70][gui thread] Frame prepared, polish=0 ms, lock=0 ms, blockedForSync=0 ms, animations=0 ms
Aug 28 18:45:18 hearth quickshell[181612]:  DEBUG qt.scenegraph.time.renderer: time in renderer: total=0ms, preprocess=0, updates=0, rendering=0
Aug 28 18:45:18 hearth quickshell[181612]:  DEBUG qt.scenegraph.time.renderloop: [window 0x7fa09af9dc70][render thread 0x7fa09c607420] syncAndRender: frame rendered in 0ms, sync=0, render=0, swap=0
Aug 28 18:45:18 hearth quickshell[181612]:  DEBUG qt.scenegraph.time.renderloop: [window 0x7fa09e00ec60][gui thread] polishAndSync: start, elapsed since last call: 16 ms
Aug 28 18:45:18 hearth quickshell[181612]:  DEBUG qt.scenegraph.time.renderloop: [window 0x7fa09e00ec60][render thread 0x7fa09c606e00] syncAndRender: start, elapsed since last call: 16 ms
Aug 28 18:45:18 hearth quickshell[181612]:  DEBUG qt.scenegraph.time.renderer: time in renderer: total=0ms, preprocess=0, updates=0, rendering=0
Aug 28 18:45:18 hearth quickshell[181612]:  DEBUG qt.scenegraph.time.renderloop: [window 0x7fa09e00ec60][gui thread] Frame prepared, polish=0 ms, lock=0 ms, blockedForSync=0 ms, animations=0 ms
Aug 28 18:45:18 hearth quickshell[181612]:  DEBUG qt.scenegraph.time.renderloop: [window 0x7fa09af9dc70][gui thread] polishAndSync: start, elapsed since last call: 16 ms
Aug 28 18:45:18 hearth quickshell[181612]:  DEBUG qt.scenegraph.time.renderloop: [window 0x7fa09af9dc70][render thread 0x7fa09c607420] syncAndRender: start, elapsed since last call: 16 ms
Aug 28 18:45:18 hearth quickshell[181612]:  DEBUG qt.scenegraph.time.renderloop: [window 0x7fa09e00ec60][render thread 0x7fa09c606e00] syncAndRender: frame rendered in 0ms, sync=0, render=0, swap=0
Aug 28 18:45:18 hearth quickshell[181612]:  DEBUG qt.scenegraph.time.renderloop: [window 0x7fa09af9dc70][gui thread] Frame prepared, polish=0 ms, lock=0 ms, blockedForSync=0 ms, animations=0 ms
Aug 28 18:45:18 hearth quickshell[181612]:  DEBUG qt.scenegraph.time.renderer: time in renderer: total=0ms, preprocess=0, updates=0, rendering=0
Aug 28 18:45:18 hearth quickshell[181612]:  DEBUG qt.scenegraph.time.renderloop: [window 0x7fa09af9dc70][render thread 0x7fa09c607420] syncAndRender: frame rendered in 0ms, sync=0, render=0, swap=0
Aug 28 18:45:18 hearth quickshell[181612]:  DEBUG qt.scenegraph.time.renderloop: [window 0x7fa09e00ec60][gui thread] polishAndSync: start, elapsed since last call: 16 ms
Aug 28 18:45:18 hearth quickshell[181612]:  DEBUG qt.scenegraph.time.renderloop: [window 0x7fa09e00ec60][render thread 0x7fa09c606e00] syncAndRender: start, elapsed since last call: 16 ms
Aug 28 18:45:18 hearth quickshell[181612]:  DEBUG qt.scenegraph.time.renderloop: [window 0x7fa09e00ec60][gui thread] Frame prepared, polish=0 ms, lock=0 ms, blockedForSync=0 ms, animations=0 ms
Aug 28 18:45:18 hearth quickshell[181612]:  DEBUG qt.scenegraph.time.renderer: time in renderer: total=0ms, preprocess=0, updates=0, rendering=0
Aug 28 18:45:18 hearth quickshell[181612]:  DEBUG qt.scenegraph.time.renderloop: [window 0x7fa09af9dc70][gui thread] polishAndSync: start, elapsed since last call: 16 ms
Aug 28 18:45:18 hearth quickshell[181612]:  DEBUG qt.scenegraph.time.renderloop: [window 0x7fa09af9dc70][render thread 0x7fa09c607420] syncAndRender: start, elapsed since last call: 16 ms
Aug 28 18:45:18 hearth quickshell[181612]:  DEBUG qt.scenegraph.time.renderloop: [window 0x7fa09e00ec60][render thread 0x7fa09c606e00] syncAndRender: frame rendered in 0ms, sync=0, render=0, swap=0
Aug 28 18:45:18 hearth quickshell[181612]:  DEBUG qt.scenegraph.time.renderloop: [window 0x7fa09af9dc70][gui thread] Frame prepared, polish=0 ms, lock=0 ms, blockedForSync=0 ms, animations=0 ms
Aug 28 18:45:18 hearth quickshell[181612]:  DEBUG qt.scenegraph.time.renderer: time in renderer: total=0ms, preprocess=0, updates=0, rendering=0
Aug 28 18:45:18 hearth quickshell[181612]:  DEBUG qt.scenegraph.time.renderloop: [window 0x7fa09af9dc70][render thread 0x7fa09c607420] syncAndRender: frame rendered in 0ms, sync=0, render=0, swap=0
Aug 28 18:45:18 hearth quickshell[181612]:  DEBUG qt.scenegraph.time.renderloop: [window 0x7fa09e00ec60][gui thread] polishAndSync: start, elapsed since last call: 16 ms
Aug 28 18:45:18 hearth quickshell[181612]:  DEBUG qt.scenegraph.time.renderloop: [window 0x7fa09e00ec60][render thread 0x7fa09c606e00] syncAndRender: start, elapsed since last call: 16 ms
Aug 28 18:45:18 hearth quickshell[181612]:  DEBUG qt.scenegraph.time.renderer: time in renderer: total=0ms, preprocess=0, updates=0, rendering=0
Aug 28 18:45:18 hearth quickshell[181612]:  DEBUG qt.scenegraph.time.renderloop: [window 0x7fa09e00ec60][gui thread] Frame prepared, polish=0 ms, lock=0 ms, blockedForSync=0 ms, animations=0 ms
Aug 28 18:45:18 hearth quickshell[181612]:  DEBUG qt.scenegraph.time.renderloop: [window 0x7fa09af9dc70][gui thread] polishAndSync: start, elapsed since last call: 16 ms
Aug 28 18:45:18 hearth quickshell[181612]:  DEBUG qt.scenegraph.time.renderloop: [window 0x7fa09e00ec60][render thread 0x7fa09c606e00] syncAndRender: frame rendered in 0ms, sync=0, render=0, swap=0
Aug 28 18:45:18 hearth quickshell[181612]:  DEBUG qt.scenegraph.time.renderloop: [window 0x7fa09af9dc70][render thread 0x7fa09c607420] syncAndRender: start, elapsed since last call: 16 ms
Aug 28 18:45:18 hearth quickshell[181612]:  DEBUG qt.scenegraph.time.renderloop: [window 0x7fa09af9dc70][gui thread] Frame prepared, polish=0 ms, lock=0 ms, blockedForSync=0 ms, animations=0 ms
Aug 28 18:45:18 hearth quickshell[181612]:  DEBUG qt.scenegraph.time.renderer: time in renderer: total=0ms, preprocess=0, updates=0, rendering=0
Aug 28 18:45:18 hearth quickshell[181612]:  DEBUG qt.scenegraph.time.renderloop: [window 0x7fa09af9dc70][render thread 0x7fa09c607420] syncAndRender: frame rendered in 0ms, sync=0, render=0, swap=0
Aug 28 18:45:18 hearth quickshell[181612]:  DEBUG qt.scenegraph.time.renderloop: [window 0x7fa09e00ec60][gui thread] polishAndSync: start, elapsed since last call: 16 ms
Aug 28 18:45:18 hearth quickshell[181612]:  DEBUG qt.scenegraph.time.renderloop: [window 0x7fa09e00ec60][render thread 0x7fa09c606e00] syncAndRender: start, elapsed since last call: 16 ms
Aug 28 18:45:18 hearth quickshell[181612]:  DEBUG qt.scenegraph.time.renderer: time in renderer: total=0ms, preprocess=0, updates=0, rendering=0
Aug 28 18:45:18 hearth quickshell[181612]:  DEBUG qt.scenegraph.time.renderloop: [window 0x7fa09e00ec60][gui thread] Frame prepared, polish=0 ms, lock=0 ms, blockedForSync=0 ms, animations=0 ms
Aug 28 18:45:18 hearth quickshell[181612]:  DEBUG qt.scenegraph.time.renderloop: [window 0x7fa09af9dc70][gui thread] polishAndSync: start, elapsed since last call: 16 ms
Aug 28 18:45:18 hearth quickshell[181612]:  DEBUG qt.scenegraph.time.renderloop: [window 0x7fa09af9dc70][render thread 0x7fa09c607420] syncAndRender: start, elapsed since last call: 16 ms
Aug 28 18:45:18 hearth quickshell[181612]:  DEBUG qt.scenegraph.time.renderloop: [window 0x7fa09e00ec60][render thread 0x7fa09c606e00] syncAndRender: frame rendered in 0ms, sync=0, render=0, swap=0
Aug 28 18:45:18 hearth quickshell[181612]:  DEBUG qt.scenegraph.time.renderloop: [window 0x7fa09af9dc70][gui thread] Frame prepared, polish=0 ms, lock=0 ms, blockedForSync=0 ms, animations=0 ms
Aug 28 18:45:18 hearth quickshell[181612]:  DEBUG qt.scenegraph.time.renderer: time in renderer: total=0ms, preprocess=0, updates=0, rendering=0
Aug 28 18:45:18 hearth quickshell[181612]:  DEBUG qt.scenegraph.time.renderloop: [window 0x7fa09af9dc70][render thread 0x7fa09c607420] syncAndRender: frame rendered in 0ms, sync=0, render=0, swap=0
Aug 28 18:45:18 hearth quickshell[181612]:  DEBUG qt.scenegraph.time.renderloop: [window 0x7fa09e00ec60][gui thread] polishAndSync: start, elapsed since last call: 16 ms
Aug 28 18:45:18 hearth quickshell[181612]:  DEBUG qt.scenegraph.time.renderloop: [window 0x7fa09e00ec60][render thread 0x7fa09c606e00] syncAndRender: start, elapsed since last call: 16 ms
Aug 28 18:45:18 hearth quickshell[181612]:  DEBUG qt.scenegraph.time.renderer: time in renderer: total=0ms, preprocess=0, updates=0, rendering=0
Aug 28 18:45:18 hearth quickshell[181612]:  DEBUG qt.scenegraph.time.renderloop: [window 0x7fa09e00ec60][gui thread] Frame prepared, polish=0 ms, lock=0 ms, blockedForSync=0 ms, animations=0 ms
Aug 28 18:45:18 hearth quickshell[181612]:  DEBUG qt.scenegraph.time.renderloop: [window 0x7fa09af9dc70][gui thread] polishAndSync: start, elapsed since last call: 16 ms
Aug 28 18:45:18 hearth quickshell[181612]:  DEBUG qt.scenegraph.time.renderloop: [window 0x7fa09e00ec60][render thread 0x7fa09c606e00] syncAndRender: frame rendered in 0ms, sync=0, render=0, swap=0
Aug 28 18:45:18 hearth quickshell[181612]:  DEBUG qt.scenegraph.time.renderloop: [window 0x7fa09af9dc70][render thread 0x7fa09c607420] syncAndRender: start, elapsed since last call: 16 ms
Aug 28 18:45:18 hearth quickshell[181612]:  DEBUG qt.scenegraph.time.renderloop: [window 0x7fa09af9dc70][gui thread] Frame prepared, polish=0 ms, lock=0 ms, blockedForSync=0 ms, animations=0 ms
Aug 28 18:45:18 hearth quickshell[181612]:  DEBUG qt.scenegraph.time.renderer: time in renderer: total=0ms, preprocess=0, updates=0, rendering=0
Aug 28 18:45:18 hearth quickshell[181612]:  DEBUG qt.scenegraph.time.renderloop: [window 0x7fa09af9dc70][render thread 0x7fa09c607420] syncAndRender: frame rendered in 0ms, sync=0, render=0, swap=0
Aug 28 18:45:18 hearth quickshell[181612]:  DEBUG qt.scenegraph.time.renderloop: [window 0x7fa09e00ec60][gui thread] polishAndSync: start, elapsed since last call: 16 ms
Aug 28 18:45:18 hearth quickshell[181612]:  DEBUG qt.scenegraph.time.renderloop: [window 0x7fa09e00ec60][render thread 0x7fa09c606e00] syncAndRender: start, elapsed since last call: 16 ms
Aug 28 18:45:18 hearth quickshell[181612]:  DEBUG qt.scenegraph.time.renderloop: [window 0x7fa09e00ec60][gui thread] Frame prepared, polish=0 ms, lock=0 ms, blockedForSync=0 ms, animations=0 ms
Aug 28 18:45:18 hearth quickshell[181612]:  DEBUG qt.scenegraph.time.renderer: time in renderer: total=0ms, preprocess=0, updates=0, rendering=0
Aug 28 18:45:18 hearth quickshell[181612]:  DEBUG qt.scenegraph.time.renderloop: [window 0x7fa09af9dc70][gui thread] polishAndSync: start, elapsed since last call: 16 ms
Aug 28 18:45:18 hearth quickshell[181612]:  DEBUG qt.scenegraph.time.renderloop: [window 0x7fa09e00ec60][render thread 0x7fa09c606e00] syncAndRender: frame rendered in 0ms, sync=0, render=0, swap=0
Aug 28 18:45:18 hearth quickshell[181612]:  DEBUG qt.scenegraph.time.renderloop: [window 0x7fa09af9dc70][render thread 0x7fa09c607420] syncAndRender: start, elapsed since last call: 17 ms
Aug 28 18:45:18 hearth quickshell[181612]:  DEBUG qt.scenegraph.time.renderloop: [window 0x7fa09af9dc70][gui thread] Frame prepared, polish=0 ms, lock=0 ms, blockedForSync=0 ms, animations=0 ms
Aug 28 18:45:18 hearth quickshell[181612]:  DEBUG qt.scenegraph.time.renderer: time in renderer: total=0ms, preprocess=0, updates=0, rendering=0
Aug 28 18:45:18 hearth quickshell[181612]:  DEBUG qt.scenegraph.time.renderloop: [window 0x7fa09af9dc70][gui thread] polishAndSync: start, elapsed since last call: 0 ms
Aug 28 18:45:18 hearth quickshell[181612]:  DEBUG qt.scenegraph.time.renderloop: [window 0x7fa09af9dc70][render thread 0x7fa09c607420] syncAndRender: frame rendered in 0ms, sync=0, render=0, swap=0
Aug 28 18:45:18 hearth quickshell[181612]:  DEBUG qt.scenegraph.time.renderloop: [window 0x7fa09af9dc70][render thread 0x7fa09c607420] syncAndRender: start, elapsed since last call: 0 ms
Aug 28 18:45:18 hearth quickshell[181612]:  DEBUG qt.scenegraph.time.renderloop: [window 0x7fa09af9dc70][gui thread] Frame prepared, polish=0 ms, lock=0 ms, blockedForSync=0 ms, animations=0 ms
Aug 28 18:45:18 hearth quickshell[181612]:  DEBUG qt.scenegraph.time.renderer: time in renderer: total=0ms, preprocess=0, updates=0, rendering=0
Aug 28 18:45:18 hearth quickshell[181612]:  DEBUG qt.scenegraph.time.renderloop: [window 0x7fa09e00ec60][gui thread] polishAndSync: start, elapsed since last call: 16 ms
Aug 28 18:45:18 hearth quickshell[181612]:  DEBUG qt.scenegraph.time.renderloop: [window 0x7fa09af9dc70][render thread 0x7fa09c607420] syncAndRender: frame rendered in 15ms, sync=0, render=0, swap=15
Aug 28 18:45:18 hearth quickshell[181612]:  DEBUG qt.scenegraph.time.renderloop: [window 0x7fa09e00ec60][render thread 0x7fa09c606e00] syncAndRender: start, elapsed since last call: 16 ms
Aug 28 18:45:18 hearth quickshell[181612]:  DEBUG qt.scenegraph.time.renderer: time in renderer: total=0ms, preprocess=0, updates=0, rendering=0
Aug 28 18:45:18 hearth quickshell[181612]:  DEBUG qt.scenegraph.time.renderloop: [window 0x7fa09e00ec60][gui thread] Frame prepared, polish=0 ms, lock=0 ms, blockedForSync=0 ms, animations=0 ms
Aug 28 18:45:18 hearth quickshell[181612]:  DEBUG qt.scenegraph.time.renderloop: [window 0x7fa09af9dc70][gui thread] polishAndSync: start, elapsed since last call: 15 ms
Aug 28 18:45:18 hearth quickshell[181612]:  DEBUG qt.scenegraph.time.renderloop: [window 0x7fa09e00ec60][render thread 0x7fa09c606e00] syncAndRender: frame rendered in 0ms, sync=0, render=0, swap=0
Aug 28 18:45:18 hearth quickshell[181612]:  DEBUG qt.scenegraph.time.renderloop: [window 0x7fa09af9dc70][render thread 0x7fa09c607420] syncAndRender: start, elapsed since last call: 15 ms
Aug 28 18:45:18 hearth quickshell[181612]:  DEBUG qt.scenegraph.time.renderloop: [window 0x7fa09af9dc70][gui thread] Frame prepared, polish=0 ms, lock=0 ms, blockedForSync=0 ms, animations=0 ms
Aug 28 18:45:18 hearth quickshell[181612]:  DEBUG qt.scenegraph.time.renderer: time in renderer: total=0ms, preprocess=0, updates=0, rendering=0
Aug 28 18:45:18 hearth quickshell[181612]:  DEBUG qt.scenegraph.time.renderloop: [window 0x7fa09e00ec60][gui thread] polishAndSync: start, elapsed since last call: 16 ms
Aug 28 18:45:18 hearth quickshell[181612]:  DEBUG qt.scenegraph.time.renderloop: [window 0x7fa09af9dc70][render thread 0x7fa09c607420] syncAndRender: frame rendered in 16ms, sync=0, render=0, swap=16
Aug 28 18:45:18 hearth quickshell[181612]:  DEBUG qt.scenegraph.time.renderloop: [window 0x7fa09e00ec60][render thread 0x7fa09c606e00] syncAndRender: start, elapsed since last call: 16 ms
Aug 28 18:45:18 hearth quickshell[181612]:  DEBUG qt.scenegraph.time.renderer: time in renderer: total=0ms, preprocess=0, updates=0, rendering=0
Aug 28 18:45:18 hearth quickshell[181612]:  DEBUG qt.scenegraph.time.renderloop: [window 0x7fa09e00ec60][gui thread] Frame prepared, polish=0 ms, lock=0 ms, blockedForSync=0 ms, animations=0 ms
Aug 28 18:45:18 hearth quickshell[181612]:  DEBUG qt.scenegraph.time.renderloop: [window 0x7fa09e00ec60][render thread 0x7fa09c606e00] syncAndRender: frame rendered in 0ms, sync=0, render=0, swap=0
Aug 28 18:45:18 hearth quickshell[181612]:  DEBUG qt.scenegraph.time.renderloop: [window 0x7fa09af9dc70][gui thread] polishAndSync: start, elapsed since last call: 16 ms
Aug 28 18:45:18 hearth quickshell[181612]:  DEBUG qt.scenegraph.time.renderloop: [window 0x7fa09af9dc70][render thread 0x7fa09c607420] syncAndRender: start, elapsed since last call: 16 ms
Aug 28 18:45:18 hearth quickshell[181612]:  DEBUG qt.scenegraph.time.renderloop: [window 0x7fa09af9dc70][gui thread] Frame prepared, polish=0 ms, lock=0 ms, blockedForSync=0 ms, animations=0 ms
Aug 28 18:45:18 hearth quickshell[181612]:  DEBUG qt.scenegraph.time.renderer: time in renderer: total=0ms, preprocess=0, updates=0, rendering=0
Aug 28 18:45:18 hearth quickshell[181612]:  DEBUG qt.scenegraph.time.renderloop: [window 0x7fa09e00ec60][gui thread] polishAndSync: start, elapsed since last call: 16 ms
Aug 28 18:45:18 hearth quickshell[181612]:  DEBUG qt.scenegraph.time.renderloop: [window 0x7fa09af9dc70][render thread 0x7fa09c607420] syncAndRender: frame rendered in 16ms, sync=0, render=0, swap=15
Aug 28 18:45:18 hearth quickshell[181612]:  DEBUG qt.scenegraph.time.renderloop: [window 0x7fa09e00ec60][render thread 0x7fa09c606e00] syncAndRender: start, elapsed since last call: 16 ms
Aug 28 18:45:18 hearth quickshell[181612]:  DEBUG qt.scenegraph.time.renderloop: [window 0x7fa09e00ec60][gui thread] Frame prepared, polish=0 ms, lock=0 ms, blockedForSync=0 ms, animations=0 ms
Aug 28 18:45:18 hearth quickshell[181612]:  DEBUG qt.scenegraph.time.renderloop: [window 0x7fa09af9dc70][gui thread] polishAndSync: start, elapsed since last call: 16 ms
Aug 28 18:45:18 hearth quickshell[181612]:  DEBUG qt.scenegraph.time.renderloop: [window 0x7fa09af9dc70][render thread 0x7fa09c607420] syncAndRender: start, elapsed since last call: 16 ms
Aug 28 18:45:18 hearth quickshell[181612]:  DEBUG qt.scenegraph.time.renderer: time in renderer: total=0ms, preprocess=0, updates=0, rendering=0
Aug 28 18:45:18 hearth quickshell[181612]:  DEBUG qt.scenegraph.time.renderloop: [window 0x7fa09af9dc70][gui thread] Frame prepared, polish=0 ms, lock=0 ms, blockedForSync=0 ms, animations=0 ms
Aug 28 18:45:18 hearth quickshell[181612]:  DEBUG qt.scenegraph.time.renderloop: [window 0x7fa09e00ec60][render thread 0x7fa09c606e00] syncAndRender: frame rendered in 0ms, sync=0, render=0, swap=0
Aug 28 18:45:18 hearth quickshell[181612]:  DEBUG qt.scenegraph.time.renderer: time in renderer: total=0ms, preprocess=0, updates=0, rendering=0
Aug 28 18:45:18 hearth quickshell[181612]:  DEBUG qt.scenegraph.time.renderloop: [window 0x7fa09e00ec60][gui thread] polishAndSync: start, elapsed since last call: 16 ms
Aug 28 18:45:18 hearth quickshell[181612]:  DEBUG qt.scenegraph.time.renderloop: [window 0x7fa09af9dc70][render thread 0x7fa09c607420] syncAndRender: frame rendered in 16ms, sync=0, render=0, swap=16
Aug 28 18:45:18 hearth quickshell[181612]:  DEBUG qt.scenegraph.time.renderloop: [window 0x7fa09e00ec60][render thread 0x7fa09c606e00] syncAndRender: start, elapsed since last call: 16 ms
Aug 28 18:45:18 hearth quickshell[181612]:  DEBUG qt.scenegraph.time.renderloop: [window 0x7fa09e00ec60][gui thread] Frame prepared, polish=0 ms, lock=0 ms, blockedForSync=0 ms, animations=0 ms
Aug 28 18:45:18 hearth quickshell[181612]:  DEBUG qt.scenegraph.time.renderer: time in renderer: total=0ms, preprocess=0, updates=0, rendering=0
Aug 28 18:45:18 hearth quickshell[181612]:  DEBUG qt.scenegraph.time.renderloop: [window 0x7fa09af9dc70][gui thread] polishAndSync: start, elapsed since last call: 16 ms
Aug 28 18:45:18 hearth quickshell[181612]:  DEBUG qt.scenegraph.time.renderloop: [window 0x7fa09af9dc70][render thread 0x7fa09c607420] syncAndRender: start, elapsed since last call: 16 ms
Aug 28 18:45:18 hearth quickshell[181612]:  DEBUG qt.scenegraph.time.renderloop: [window 0x7fa09e00ec60][render thread 0x7fa09c606e00] syncAndRender: frame rendered in 0ms, sync=0, render=0, swap=0
Aug 28 18:45:18 hearth quickshell[181612]:  DEBUG qt.scenegraph.time.renderloop: [window 0x7fa09af9dc70][gui thread] Frame prepared, polish=0 ms, lock=0 ms, blockedForSync=0 ms, animations=0 ms
Aug 28 18:45:18 hearth quickshell[181612]:  DEBUG qt.scenegraph.time.renderer: time in renderer: total=0ms, preprocess=0, updates=0, rendering=0
Aug 28 18:45:18 hearth quickshell[181612]:  DEBUG qt.scenegraph.time.renderloop: [window 0x7fa09e00ec60][gui thread] polishAndSync: start, elapsed since last call: 16 ms
Aug 28 18:45:18 hearth quickshell[181612]:  DEBUG qt.scenegraph.time.renderloop: [window 0x7fa09af9dc70][render thread 0x7fa09c607420] syncAndRender: frame rendered in 16ms, sync=0, render=0, swap=16
Aug 28 18:45:18 hearth quickshell[181612]:  DEBUG qt.scenegraph.time.renderloop: [window 0x7fa09e00ec60][render thread 0x7fa09c606e00] syncAndRender: start, elapsed since last call: 16 ms
Aug 28 18:45:18 hearth quickshell[181612]:  DEBUG qt.scenegraph.time.renderloop: [window 0x7fa09e00ec60][gui thread] Frame prepared, polish=0 ms, lock=0 ms, blockedForSync=0 ms, animations=0 ms
Aug 28 18:45:18 hearth quickshell[181612]:  DEBUG qt.scenegraph.time.renderer: time in renderer: total=0ms, preprocess=0, updates=0, rendering=0
Aug 28 18:45:18 hearth quickshell[181612]:  DEBUG qt.scenegraph.time.renderloop: [window 0x7fa09af9dc70][gui thread] polishAndSync: start, elapsed since last call: 16 ms
Aug 28 18:45:18 hearth quickshell[181612]:  DEBUG qt.scenegraph.time.renderloop: [window 0x7fa09af9dc70][render thread 0x7fa09c607420] syncAndRender: start, elapsed since last call: 16 ms
Aug 28 18:45:18 hearth quickshell[181612]:  DEBUG qt.scenegraph.time.renderloop: [window 0x7fa09e00ec60][render thread 0x7fa09c606e00] syncAndRender: frame rendered in 0ms, sync=0, render=0, swap=0
Aug 28 18:45:18 hearth quickshell[181612]:  DEBUG qt.scenegraph.time.renderloop: [window 0x7fa09af9dc70][gui thread] Frame prepared, polish=0 ms, lock=0 ms, blockedForSync=0 ms, animations=0 ms
Aug 28 18:45:18 hearth quickshell[181612]:  DEBUG qt.scenegraph.time.renderer: time in renderer: total=0ms, preprocess=0, updates=0, rendering=0
Aug 28 18:45:18 hearth quickshell[181612]:  DEBUG qt.scenegraph.time.renderloop: [window 0x7fa09e00ec60][gui thread] polishAndSync: start, elapsed since last call: 16 ms
Aug 28 18:45:18 hearth quickshell[181612]:  DEBUG qt.scenegraph.time.renderloop: [window 0x7fa09af9dc70][render thread 0x7fa09c607420] syncAndRender: frame rendered in 16ms, sync=0, render=0, swap=15
Aug 28 18:45:18 hearth quickshell[181612]:  DEBUG qt.scenegraph.time.renderloop: [window 0x7fa09e00ec60][render thread 0x7fa09c606e00] syncAndRender: start, elapsed since last call: 16 ms
Aug 28 18:45:18 hearth quickshell[181612]:  DEBUG qt.scenegraph.time.renderloop: [window 0x7fa09e00ec60][gui thread] Frame prepared, polish=0 ms, lock=0 ms, blockedForSync=0 ms, animations=0 ms
Aug 28 18:45:18 hearth quickshell[181612]:  DEBUG qt.scenegraph.time.renderer: time in renderer: total=0ms, preprocess=0, updates=0, rendering=0
Aug 28 18:45:18 hearth quickshell[181612]:  DEBUG qt.scenegraph.time.renderloop: [window 0x7fa09af9dc70][gui thread] polishAndSync: start, elapsed since last call: 16 ms
Aug 28 18:45:18 hearth quickshell[181612]:  DEBUG qt.scenegraph.time.renderloop: [window 0x7fa09af9dc70][render thread 0x7fa09c607420] syncAndRender: start, elapsed since last call: 16 ms
Aug 28 18:45:18 hearth quickshell[181612]:  DEBUG qt.scenegraph.time.renderloop: [window 0x7fa09e00ec60][render thread 0x7fa09c606e00] syncAndRender: frame rendered in 0ms, sync=0, render=0, swap=0
Aug 28 18:45:18 hearth quickshell[181612]:  DEBUG qt.scenegraph.time.renderloop: [window 0x7fa09af9dc70][gui thread] Frame prepared, polish=0 ms, lock=0 ms, blockedForSync=0 ms, animations=0 ms
Aug 28 18:45:18 hearth quickshell[181612]:  DEBUG qt.scenegraph.time.renderer: time in renderer: total=0ms, preprocess=0, updates=0, rendering=0
Aug 28 18:45:18 hearth quickshell[181612]:  DEBUG qt.scenegraph.time.renderloop: [window 0x7fa09e00ec60][gui thread] polishAndSync: start, elapsed since last call: 16 ms
Aug 28 18:45:18 hearth quickshell[181612]:  DEBUG qt.scenegraph.time.renderloop: [window 0x7fa09af9dc70][render thread 0x7fa09c607420] syncAndRender: frame rendered in 16ms, sync=0, render=0, swap=16
Aug 28 18:45:18 hearth quickshell[181612]:  DEBUG qt.scenegraph.time.renderloop: [window 0x7fa09e00ec60][render thread 0x7fa09c606e00] syncAndRender: start, elapsed since last call: 16 ms
Aug 28 18:45:18 hearth quickshell[181612]:  DEBUG qt.scenegraph.time.renderloop: [window 0x7fa09e00ec60][gui thread] Frame prepared, polish=0 ms, lock=0 ms, blockedForSync=0 ms, animations=0 ms
Aug 28 18:45:18 hearth quickshell[181612]:  DEBUG qt.scenegraph.time.renderloop: [window 0x7fa09af9dc70][gui thread] polishAndSync: start, elapsed since last call: 16 ms
Aug 28 18:45:18 hearth quickshell[181612]:  DEBUG qt.scenegraph.time.renderloop: [window 0x7fa09af9dc70][render thread 0x7fa09c607420] syncAndRender: start, elapsed since last call: 16 ms
Aug 28 18:45:18 hearth quickshell[181612]:  DEBUG qt.scenegraph.time.renderer: time in renderer: total=0ms, preprocess=0, updates=0, rendering=0
Aug 28 18:45:18 hearth quickshell[181612]:  DEBUG qt.scenegraph.time.renderloop: [window 0x7fa09af9dc70][gui thread] Frame prepared, polish=0 ms, lock=0 ms, blockedForSync=0 ms, animations=0 ms
Aug 28 18:45:18 hearth quickshell[181612]:  DEBUG qt.scenegraph.time.renderloop: [window 0x7fa09e00ec60][render thread 0x7fa09c606e00] syncAndRender: frame rendered in 0ms, sync=0, render=0, swap=0
Aug 28 18:45:18 hearth quickshell[181612]:  DEBUG qt.scenegraph.time.renderer: time in renderer: total=0ms, preprocess=0, updates=0, rendering=0
Aug 28 18:45:18 hearth quickshell[181612]:  DEBUG qt.scenegraph.time.renderloop: [window 0x7fa09e00ec60][gui thread] polishAndSync: start, elapsed since last call: 16 ms
Aug 28 18:45:18 hearth quickshell[181612]:  DEBUG qt.scenegraph.time.renderloop: [window 0x7fa09af9dc70][render thread 0x7fa09c607420] syncAndRender: frame rendered in 16ms, sync=0, render=0, swap=16
Aug 28 18:45:18 hearth quickshell[181612]:  DEBUG qt.scenegraph.time.renderloop: [window 0x7fa09e00ec60][render thread 0x7fa09c606e00] syncAndRender: start, elapsed since last call: 16 ms
Aug 28 18:45:18 hearth quickshell[181612]:  DEBUG qt.scenegraph.time.renderer: time in renderer: total=0ms, preprocess=0, updates=0, rendering=0
Aug 28 18:45:18 hearth quickshell[181612]:  DEBUG qt.scenegraph.time.renderloop: [window 0x7fa09e00ec60][gui thread] Frame prepared, polish=0 ms, lock=0 ms, blockedForSync=0 ms, animations=0 ms
Aug 28 18:45:18 hearth quickshell[181612]:  DEBUG qt.scenegraph.time.renderloop: [window 0x7fa09af9dc70][gui thread] polishAndSync: start, elapsed since last call: 16 ms
Aug 28 18:45:18 hearth quickshell[181612]:  DEBUG qt.scenegraph.time.renderloop: [window 0x7fa09af9dc70][render thread 0x7fa09c607420] syncAndRender: start, elapsed since last call: 16 ms
Aug 28 18:45:18 hearth quickshell[181612]:  DEBUG qt.scenegraph.time.renderloop: [window 0x7fa09e00ec60][render thread 0x7fa09c606e00] syncAndRender: frame rendered in 0ms, sync=0, render=0, swap=0
Aug 28 18:45:18 hearth quickshell[181612]:  DEBUG qt.scenegraph.time.renderloop: [window 0x7fa09af9dc70][gui thread] Frame prepared, polish=0 ms, lock=0 ms, blockedForSync=0 ms, animations=0 ms
Aug 28 18:45:18 hearth quickshell[181612]:  DEBUG qt.scenegraph.time.renderer: time in renderer: total=0ms, preprocess=0, updates=0, rendering=0
Aug 28 18:45:18 hearth quickshell[181612]:  DEBUG qt.scenegraph.time.renderloop: [window 0x7fa09e00ec60][gui thread] polishAndSync: start, elapsed since last call: 16 ms
Aug 28 18:45:18 hearth quickshell[181612]:  DEBUG qt.scenegraph.time.renderloop: [window 0x7fa09af9dc70][render thread 0x7fa09c607420] syncAndRender: frame rendered in 16ms, sync=0, render=0, swap=16
Aug 28 18:45:18 hearth quickshell[181612]:  DEBUG qt.scenegraph.time.renderloop: [window 0x7fa09e00ec60][render thread 0x7fa09c606e00] syncAndRender: start, elapsed since last call: 16 ms
Aug 28 18:45:18 hearth quickshell[181612]:  DEBUG qt.scenegraph.time.renderloop: [window 0x7fa09e00ec60][gui thread] Frame prepared, polish=0 ms, lock=0 ms, blockedForSync=0 ms, animations=0 ms
Aug 28 18:45:18 hearth quickshell[181612]:  DEBUG qt.scenegraph.time.renderloop: [window 0x7fa09af9dc70][gui thread] polishAndSync: start, elapsed since last call: 16 ms
Aug 28 18:45:18 hearth quickshell[181612]:  DEBUG qt.scenegraph.time.renderer: time in renderer: total=0ms, preprocess=0, updates=0, rendering=0
Aug 28 18:45:18 hearth quickshell[181612]:  DEBUG qt.scenegraph.time.renderloop: [window 0x7fa09af9dc70][render thread 0x7fa09c607420] syncAndRender: start, elapsed since last call: 16 ms
Aug 28 18:45:18 hearth quickshell[181612]:  DEBUG qt.scenegraph.time.renderloop: [window 0x7fa09af9dc70][gui thread] Frame prepared, polish=0 ms, lock=0 ms, blockedForSync=0 ms, animations=0 ms
Aug 28 18:45:18 hearth quickshell[181612]:  DEBUG qt.scenegraph.time.renderloop: [window 0x7fa09e00ec60][render thread 0x7fa09c606e00] syncAndRender: frame rendered in 0ms, sync=0, render=0, swap=0
Aug 28 18:45:18 hearth quickshell[181612]:  DEBUG qt.scenegraph.time.renderer: time in renderer: total=0ms, preprocess=0, updates=0, rendering=0
Aug 28 18:45:18 hearth quickshell[181612]:  DEBUG qt.scenegraph.time.renderloop: [window 0x7fa09e00ec60][gui thread] polishAndSync: start, elapsed since last call: 16 ms
Aug 28 18:45:18 hearth quickshell[181612]:  DEBUG qt.scenegraph.time.renderloop: [window 0x7fa09af9dc70][render thread 0x7fa09c607420] syncAndRender: frame rendered in 16ms, sync=0, render=0, swap=16
Aug 28 18:45:18 hearth quickshell[181612]:  DEBUG qt.scenegraph.time.renderloop: [window 0x7fa09e00ec60][render thread 0x7fa09c606e00] syncAndRender: start, elapsed since last call: 16 ms
Aug 28 18:45:18 hearth quickshell[181612]:  DEBUG qt.scenegraph.time.renderer: time in renderer: total=0ms, preprocess=0, updates=0, rendering=0
Aug 28 18:45:18 hearth quickshell[181612]:  DEBUG qt.scenegraph.time.renderloop: [window 0x7fa09e00ec60][gui thread] Frame prepared, polish=0 ms, lock=0 ms, blockedForSync=0 ms, animations=0 ms
Aug 28 18:45:18 hearth quickshell[181612]:  DEBUG qt.scenegraph.time.renderloop: [window 0x7fa09af9dc70][gui thread] polishAndSync: start, elapsed since last call: 16 ms
Aug 28 18:45:18 hearth quickshell[181612]:  DEBUG qt.scenegraph.time.renderloop: [window 0x7fa09e00ec60][render thread 0x7fa09c606e00] syncAndRender: frame rendered in 0ms, sync=0, render=0, swap=0
Aug 28 18:45:18 hearth quickshell[181612]:  DEBUG qt.scenegraph.time.renderloop: [window 0x7fa09af9dc70][render thread 0x7fa09c607420] syncAndRender: start, elapsed since last call: 17 ms
Aug 28 18:45:18 hearth quickshell[181612]:  DEBUG qt.scenegraph.time.renderloop: [window 0x7fa09af9dc70][gui thread] Frame prepared, polish=0 ms, lock=0 ms, blockedForSync=0 ms, animations=0 ms
Aug 28 18:45:18 hearth quickshell[181612]:  DEBUG qt.scenegraph.time.renderer: time in renderer: total=0ms, preprocess=0, updates=0, rendering=0
Aug 28 18:45:18 hearth quickshell[181612]:  DEBUG qt.scenegraph.time.renderloop: [window 0x7fa09e00ec60][gui thread] polishAndSync: start, elapsed since last call: 16 ms
Aug 28 18:45:18 hearth quickshell[181612]:  DEBUG qt.scenegraph.time.renderloop: [window 0x7fa09af9dc70][render thread 0x7fa09c607420] syncAndRender: frame rendered in 16ms, sync=0, render=0, swap=15
Aug 28 18:45:18 hearth quickshell[181612]:  DEBUG qt.scenegraph.time.renderloop: [window 0x7fa09e00ec60][render thread 0x7fa09c606e00] syncAndRender: start, elapsed since last call: 16 ms
Aug 28 18:45:18 hearth quickshell[181612]:  DEBUG qt.scenegraph.time.renderloop: [window 0x7fa09e00ec60][gui thread] Frame prepared, polish=0 ms, lock=0 ms, blockedForSync=0 ms, animations=0 ms
Aug 28 18:45:18 hearth quickshell[181612]:  DEBUG qt.scenegraph.time.renderer: time in renderer: total=0ms, preprocess=0, updates=0, rendering=0
Aug 28 18:45:18 hearth quickshell[181612]:  DEBUG qt.scenegraph.time.renderloop: [window 0x7fa09af9dc70][gui thread] polishAndSync: start, elapsed since last call: 16 ms
Aug 28 18:45:18 hearth quickshell[181612]:  DEBUG qt.scenegraph.time.renderloop: [window 0x7fa09e00ec60][render thread 0x7fa09c606e00] syncAndRender: frame rendered in 0ms, sync=0, render=0, swap=0
Aug 28 18:45:18 hearth quickshell[181612]:  DEBUG qt.scenegraph.time.renderloop: [window 0x7fa09af9dc70][render thread 0x7fa09c607420] syncAndRender: start, elapsed since last call: 16 ms
Aug 28 18:45:18 hearth quickshell[181612]:  DEBUG qt.scenegraph.time.renderloop: [window 0x7fa09af9dc70][gui thread] Frame prepared, polish=0 ms, lock=0 ms, blockedForSync=0 ms, animations=0 ms
Aug 28 18:45:18 hearth quickshell[181612]:  DEBUG qt.scenegraph.time.renderer: time in renderer: total=0ms, preprocess=0, updates=0, rendering=0
Aug 28 18:45:18 hearth quickshell[181612]:  DEBUG qt.scenegraph.time.renderloop: [window 0x7fa09e00ec60][gui thread] polishAndSync: start, elapsed since last call: 16 ms
Aug 28 18:45:18 hearth quickshell[181612]:  DEBUG qt.scenegraph.time.renderloop: [window 0x7fa09af9dc70][render thread 0x7fa09c607420] syncAndRender: frame rendered in 16ms, sync=0, render=0, swap=15
Aug 28 18:45:18 hearth quickshell[181612]:  DEBUG qt.scenegraph.time.renderloop: [window 0x7fa09e00ec60][render thread 0x7fa09c606e00] syncAndRender: start, elapsed since last call: 16 ms
Aug 28 18:45:18 hearth quickshell[181612]:  DEBUG qt.scenegraph.time.renderloop: [window 0x7fa09e00ec60][gui thread] Frame prepared, polish=0 ms, lock=0 ms, blockedForSync=0 ms, animations=0 ms
Aug 28 18:45:18 hearth quickshell[181612]:  DEBUG qt.scenegraph.time.renderer: time in renderer: total=0ms, preprocess=0, updates=0, rendering=0
Aug 28 18:45:18 hearth quickshell[181612]:  DEBUG qt.scenegraph.time.renderloop: [window 0x7fa09af9dc70][gui thread] polishAndSync: start, elapsed since last call: 16 ms
Aug 28 18:45:18 hearth quickshell[181612]:  DEBUG qt.scenegraph.time.renderloop: [window 0x7fa09af9dc70][render thread 0x7fa09c607420] syncAndRender: start, elapsed since last call: 16 ms
Aug 28 18:45:18 hearth quickshell[181612]:  DEBUG qt.scenegraph.time.renderloop: [window 0x7fa09e00ec60][render thread 0x7fa09c606e00] syncAndRender: frame rendered in 0ms, sync=0, render=0, swap=0
Aug 28 18:45:18 hearth quickshell[181612]:  DEBUG qt.scenegraph.time.renderloop: [window 0x7fa09af9dc70][gui thread] Frame prepared, polish=0 ms, lock=0 ms, blockedForSync=0 ms, animations=0 ms
Aug 28 18:45:18 hearth quickshell[181612]:  DEBUG qt.scenegraph.time.renderer: time in renderer: total=0ms, preprocess=0, updates=0, rendering=0
Aug 28 18:45:18 hearth quickshell[181612]:  DEBUG qt.scenegraph.time.renderloop: [window 0x7fa09e00ec60][gui thread] polishAndSync: start, elapsed since last call: 16 ms
Aug 28 18:45:18 hearth quickshell[181612]:  DEBUG qt.scenegraph.time.renderloop: [window 0x7fa09af9dc70][render thread 0x7fa09c607420] syncAndRender: frame rendered in 16ms, sync=0, render=0, swap=15
Aug 28 18:45:18 hearth quickshell[181612]:  DEBUG qt.scenegraph.time.renderloop: [window 0x7fa09e00ec60][render thread 0x7fa09c606e00] syncAndRender: start, elapsed since last call: 16 ms
Aug 28 18:45:18 hearth quickshell[181612]:  DEBUG qt.scenegraph.time.renderloop: [window 0x7fa09e00ec60][gui thread] Frame prepared, polish=0 ms, lock=0 ms, blockedForSync=0 ms, animations=0 ms
Aug 28 18:45:18 hearth quickshell[181612]:  DEBUG qt.scenegraph.time.renderer: time in renderer: total=0ms, preprocess=0, updates=0, rendering=0
Aug 28 18:45:18 hearth quickshell[181612]:  DEBUG qt.scenegraph.time.renderloop: [window 0x7fa09af9dc70][gui thread] polishAndSync: start, elapsed since last call: 16 ms
Aug 28 18:45:18 hearth quickshell[181612]:  DEBUG qt.scenegraph.time.renderloop: [window 0x7fa09af9dc70][render thread 0x7fa09c607420] syncAndRender: start, elapsed since last call: 16 ms
Aug 28 18:45:18 hearth quickshell[181612]:  DEBUG qt.scenegraph.time.renderloop: [window 0x7fa09e00ec60][render thread 0x7fa09c606e00] syncAndRender: frame rendered in 0ms, sync=0, render=0, swap=0
Aug 28 18:45:18 hearth quickshell[181612]:  DEBUG qt.scenegraph.time.renderloop: [window 0x7fa09af9dc70][gui thread] Frame prepared, polish=0 ms, lock=0 ms, blockedForSync=0 ms, animations=0 ms
Aug 28 18:45:18 hearth quickshell[181612]:  DEBUG qt.scenegraph.time.renderer: time in renderer: total=0ms, preprocess=0, updates=0, rendering=0
Aug 28 18:45:18 hearth quickshell[181612]:  DEBUG qt.scenegraph.time.renderloop: [window 0x7fa09e00ec60][gui thread] polishAndSync: start, elapsed since last call: 16 ms
Aug 28 18:45:18 hearth quickshell[181612]:  DEBUG qt.scenegraph.time.renderloop: [window 0x7fa09af9dc70][render thread 0x7fa09c607420] syncAndRender: frame rendered in 16ms, sync=0, render=0, swap=16
Aug 28 18:45:18 hearth quickshell[181612]:  DEBUG qt.scenegraph.time.renderloop: [window 0x7fa09e00ec60][render thread 0x7fa09c606e00] syncAndRender: start, elapsed since last call: 16 ms
Aug 28 18:45:18 hearth quickshell[181612]:  DEBUG qt.scenegraph.time.renderloop: [window 0x7fa09e00ec60][gui thread] Frame prepared, polish=0 ms, lock=0 ms, blockedForSync=0 ms, animations=0 ms
Aug 28 18:45:18 hearth quickshell[181612]:  DEBUG qt.scenegraph.time.renderloop: [window 0x7fa09af9dc70][gui thread] polishAndSync: start, elapsed since last call: 16 ms
Aug 28 18:45:18 hearth quickshell[181612]:  DEBUG qt.scenegraph.time.renderer: time in renderer: total=0ms, preprocess=0, updates=0, rendering=0
Aug 28 18:45:18 hearth quickshell[181612]:  DEBUG qt.scenegraph.time.renderloop: [window 0x7fa09af9dc70][render thread 0x7fa09c607420] syncAndRender: start, elapsed since last call: 16 ms
Aug 28 18:45:18 hearth quickshell[181612]:  DEBUG qt.scenegraph.time.renderloop: [window 0x7fa09e00ec60][render thread 0x7fa09c606e00] syncAndRender: frame rendered in 0ms, sync=0, render=0, swap=0
Aug 28 18:45:18 hearth quickshell[181612]:  DEBUG qt.scenegraph.time.renderloop: [window 0x7fa09af9dc70][gui thread] Frame prepared, polish=0 ms, lock=0 ms, blockedForSync=0 ms, animations=0 ms
Aug 28 18:45:18 hearth quickshell[181612]:  DEBUG qt.scenegraph.time.renderer: time in renderer: total=0ms, preprocess=0, updates=0, rendering=0
Aug 28 18:45:18 hearth quickshell[181612]:  DEBUG qt.scenegraph.time.renderloop: [window 0x7fa09e00ec60][gui thread] polishAndSync: start, elapsed since last call: 16 ms
Aug 28 18:45:18 hearth quickshell[181612]:  DEBUG qt.scenegraph.time.renderloop: [window 0x7fa09af9dc70][render thread 0x7fa09c607420] syncAndRender: frame rendered in 16ms, sync=0, render=0, swap=16
Aug 28 18:45:18 hearth quickshell[181612]:  DEBUG qt.scenegraph.time.renderloop: [window 0x7fa09e00ec60][render thread 0x7fa09c606e00] syncAndRender: start, elapsed since last call: 16 ms
Aug 28 18:45:18 hearth quickshell[181612]:  DEBUG qt.scenegraph.time.renderer: time in renderer: total=0ms, preprocess=0, updates=0, rendering=0
Aug 28 18:45:18 hearth quickshell[181612]:  DEBUG qt.scenegraph.time.renderloop: [window 0x7fa09e00ec60][gui thread] Frame prepared, polish=0 ms, lock=0 ms, blockedForSync=0 ms, animations=0 ms
Aug 28 18:45:18 hearth quickshell[181612]:  DEBUG qt.scenegraph.time.renderloop: [window 0x7fa09af9dc70][gui thread] polishAndSync: start, elapsed since last call: 16 ms
Aug 28 18:45:18 hearth quickshell[181612]:  DEBUG qt.scenegraph.time.renderloop: [window 0x7fa09e00ec60][render thread 0x7fa09c606e00] syncAndRender: frame rendered in 0ms, sync=0, render=0, swap=0
Aug 28 18:45:18 hearth quickshell[181612]:  DEBUG qt.scenegraph.time.renderloop: [window 0x7fa09af9dc70][render thread 0x7fa09c607420] syncAndRender: start, elapsed since last call: 16 ms
Aug 28 18:45:18 hearth quickshell[181612]:  DEBUG qt.scenegraph.time.renderloop: [window 0x7fa09af9dc70][gui thread] Frame prepared, polish=0 ms, lock=0 ms, blockedForSync=0 ms, animations=0 ms
Aug 28 18:45:18 hearth quickshell[181612]:  DEBUG qt.scenegraph.time.renderer: time in renderer: total=0ms, preprocess=0, updates=0, rendering=0
Aug 28 18:45:18 hearth quickshell[181612]:  DEBUG qt.scenegraph.time.renderloop: [window 0x7fa09e00ec60][gui thread] polishAndSync: start, elapsed since last call: 16 ms
Aug 28 18:45:18 hearth quickshell[181612]:  DEBUG qt.scenegraph.time.renderloop: [window 0x7fa09af9dc70][render thread 0x7fa09c607420] syncAndRender: frame rendered in 16ms, sync=0, render=0, swap=16
Aug 28 18:45:18 hearth quickshell[181612]:  DEBUG qt.scenegraph.time.renderloop: [window 0x7fa09e00ec60][render thread 0x7fa09c606e00] syncAndRender: start, elapsed since last call: 16 ms
Aug 28 18:45:18 hearth quickshell[181612]:  DEBUG qt.scenegraph.time.renderer: time in renderer: total=0ms, preprocess=0, updates=0, rendering=0
Aug 28 18:45:18 hearth quickshell[181612]:  DEBUG qt.scenegraph.time.renderloop: [window 0x7fa09e00ec60][gui thread] Frame prepared, polish=0 ms, lock=0 ms, blockedForSync=0 ms, animations=0 ms
Aug 28 18:45:18 hearth quickshell[181612]:  DEBUG qt.scenegraph.time.renderloop: [window 0x7fa09af9dc70][gui thread] polishAndSync: start, elapsed since last call: 16 ms
Aug 28 18:45:18 hearth quickshell[181612]:  DEBUG qt.scenegraph.time.renderloop: [window 0x7fa09af9dc70][render thread 0x7fa09c607420] syncAndRender: start, elapsed since last call: 16 ms
Aug 28 18:45:18 hearth quickshell[181612]:  DEBUG qt.scenegraph.time.renderloop: [window 0x7fa09e00ec60][render thread 0x7fa09c606e00] syncAndRender: frame rendered in 0ms, sync=0, render=0, swap=0
Aug 28 18:45:18 hearth quickshell[181612]:  DEBUG qt.scenegraph.time.renderloop: [window 0x7fa09af9dc70][gui thread] Frame prepared, polish=0 ms, lock=0 ms, blockedForSync=0 ms, animations=0 ms
Aug 28 18:45:18 hearth quickshell[181612]:  DEBUG qt.scenegraph.time.renderer: time in renderer: total=0ms, preprocess=0, updates=0, rendering=0
Aug 28 18:45:18 hearth quickshell[181612]:  DEBUG qt.scenegraph.time.renderloop: [window 0x7fa09e00ec60][gui thread] polishAndSync: start, elapsed since last call: 16 ms
Aug 28 18:45:18 hearth quickshell[181612]:  DEBUG qt.scenegraph.time.renderloop: [window 0x7fa09af9dc70][render thread 0x7fa09c607420] syncAndRender: frame rendered in 16ms, sync=0, render=0, swap=15
Aug 28 18:45:18 hearth quickshell[181612]:  DEBUG qt.scenegraph.time.renderloop: [window 0x7fa09e00ec60][render thread 0x7fa09c606e00] syncAndRender: start, elapsed since last call: 16 ms
Aug 28 18:45:18 hearth quickshell[181612]:  DEBUG qt.scenegraph.time.renderloop: [window 0x7fa09e00ec60][gui thread] Frame prepared, polish=0 ms, lock=0 ms, blockedForSync=0 ms, animations=0 ms
Aug 28 18:45:18 hearth quickshell[181612]:  DEBUG qt.scenegraph.time.renderloop: [window 0x7fa09af9dc70][gui thread] polishAndSync: start, elapsed since last call: 16 ms
Aug 28 18:45:18 hearth quickshell[181612]:  DEBUG qt.scenegraph.time.renderer: time in renderer: total=0ms, preprocess=0, updates=0, rendering=0
Aug 28 18:45:18 hearth quickshell[181612]:  DEBUG qt.scenegraph.time.renderloop: [window 0x7fa09af9dc70][render thread 0x7fa09c607420] syncAndRender: start, elapsed since last call: 16 ms
Aug 28 18:45:18 hearth quickshell[181612]:  DEBUG qt.scenegraph.time.renderloop: [window 0x7fa09e00ec60][render thread 0x7fa09c606e00] syncAndRender: frame rendered in 0ms, sync=0, render=0, swap=0
Aug 28 18:45:18 hearth quickshell[181612]:  DEBUG qt.scenegraph.time.renderloop: [window 0x7fa09af9dc70][gui thread] Frame prepared, polish=0 ms, lock=0 ms, blockedForSync=0 ms, animations=0 ms
Aug 28 18:45:18 hearth quickshell[181612]:  DEBUG qt.scenegraph.time.renderer: time in renderer: total=0ms, preprocess=0, updates=0, rendering=0
Aug 28 18:45:18 hearth quickshell[181612]:  DEBUG qt.scenegraph.time.renderloop: [window 0x7fa09e00ec60][gui thread] polishAndSync: start, elapsed since last call: 16 ms
Aug 28 18:45:18 hearth quickshell[181612]:  DEBUG qt.scenegraph.time.renderloop: [window 0x7fa09af9dc70][render thread 0x7fa09c607420] syncAndRender: frame rendered in 16ms, sync=0, render=0, swap=16
Aug 28 18:45:18 hearth quickshell[181612]:  DEBUG qt.scenegraph.time.renderloop: [window 0x7fa09e00ec60][render thread 0x7fa09c606e00] syncAndRender: start, elapsed since last call: 16 ms
Aug 28 18:45:18 hearth quickshell[181612]:  DEBUG qt.scenegraph.time.renderer: time in renderer: total=0ms, preprocess=0, updates=0, rendering=0
Aug 28 18:45:18 hearth quickshell[181612]:  DEBUG qt.scenegraph.time.renderloop: [window 0x7fa09e00ec60][gui thread] Frame prepared, polish=0 ms, lock=0 ms, blockedForSync=0 ms, animations=0 ms
Aug 28 18:45:18 hearth quickshell[181612]:  DEBUG qt.scenegraph.time.renderloop: [window 0x7fa09af9dc70][gui thread] polishAndSync: start, elapsed since last call: 16 ms
Aug 28 18:45:18 hearth quickshell[181612]:  DEBUG qt.scenegraph.time.renderloop: [window 0x7fa09e00ec60][render thread 0x7fa09c606e00] syncAndRender: frame rendered in 0ms, sync=0, render=0, swap=0
Aug 28 18:45:18 hearth quickshell[181612]:  DEBUG qt.scenegraph.time.renderloop: [window 0x7fa09af9dc70][render thread 0x7fa09c607420] syncAndRender: start, elapsed since last call: 16 ms
Aug 28 18:45:18 hearth quickshell[181612]:  DEBUG qt.scenegraph.time.renderloop: [window 0x7fa09af9dc70][gui thread] Frame prepared, polish=0 ms, lock=0 ms, blockedForSync=0 ms, animations=0 ms
Aug 28 18:45:18 hearth quickshell[181612]:  DEBUG qt.scenegraph.time.renderer: time in renderer: total=0ms, preprocess=0, updates=0, rendering=0
Aug 28 18:45:18 hearth quickshell[181612]:  DEBUG qt.scenegraph.time.renderloop: [window 0x7fa09e00ec60][gui thread] polishAndSync: start, elapsed since last call: 16 ms
Aug 28 18:45:18 hearth quickshell[181612]:  DEBUG qt.scenegraph.time.renderloop: [window 0x7fa09af9dc70][render thread 0x7fa09c607420] syncAndRender: frame rendered in 16ms, sync=0, render=0, swap=16
Aug 28 18:45:18 hearth quickshell[181612]:  DEBUG qt.scenegraph.time.renderloop: [window 0x7fa09e00ec60][render thread 0x7fa09c606e00] syncAndRender: start, elapsed since last call: 16 ms
Aug 28 18:45:18 hearth quickshell[181612]:  DEBUG qt.scenegraph.time.renderloop: [window 0x7fa09e00ec60][gui thread] Frame prepared, polish=0 ms, lock=0 ms, blockedForSync=0 ms, animations=0 ms
Aug 28 18:45:18 hearth quickshell[181612]:  DEBUG qt.scenegraph.time.renderer: time in renderer: total=0ms, preprocess=0, updates=0, rendering=0
Aug 28 18:45:18 hearth quickshell[181612]:  DEBUG qt.scenegraph.time.renderloop: [window 0x7fa09af9dc70][gui thread] polishAndSync: start, elapsed since last call: 16 ms
Aug 28 18:45:18 hearth quickshell[181612]:  DEBUG qt.scenegraph.time.renderloop: [window 0x7fa09af9dc70][render thread 0x7fa09c607420] syncAndRender: start, elapsed since last call: 16 ms
Aug 28 18:45:18 hearth quickshell[181612]:  DEBUG qt.scenegraph.time.renderloop: [window 0x7fa09e00ec60][render thread 0x7fa09c606e00] syncAndRender: frame rendered in 0ms, sync=0, render=0, swap=0
Aug 28 18:45:18 hearth quickshell[181612]:  DEBUG qt.scenegraph.time.renderloop: [window 0x7fa09af9dc70][gui thread] Frame prepared, polish=0 ms, lock=0 ms, blockedForSync=0 ms, animations=0 ms
Aug 28 18:45:18 hearth quickshell[181612]:  DEBUG qt.scenegraph.time.renderer: time in renderer: total=0ms, preprocess=0, updates=0, rendering=0
Aug 28 18:45:18 hearth quickshell[181612]:  DEBUG qt.scenegraph.time.renderloop: [window 0x7fa09e00ec60][gui thread] polishAndSync: start, elapsed since last call: 16 ms
Aug 28 18:45:18 hearth quickshell[181612]:  DEBUG qt.scenegraph.time.renderloop: [window 0x7fa09af9dc70][render thread 0x7fa09c607420] syncAndRender: frame rendered in 16ms, sync=0, render=0, swap=16
Aug 28 18:45:18 hearth quickshell[181612]:  DEBUG qt.scenegraph.time.renderloop: [window 0x7fa09e00ec60][render thread 0x7fa09c606e00] syncAndRender: start, elapsed since last call: 16 ms
Aug 28 18:45:18 hearth quickshell[181612]:  DEBUG qt.scenegraph.time.renderloop: [window 0x7fa09e00ec60][gui thread] Frame prepared, polish=0 ms, lock=0 ms, blockedForSync=0 ms, animations=0 ms
Aug 28 18:45:18 hearth quickshell[181612]:  DEBUG qt.scenegraph.time.renderer: time in renderer: total=0ms, preprocess=0, updates=0, rendering=0
Aug 28 18:45:18 hearth quickshell[181612]:  DEBUG qt.scenegraph.time.renderloop: [window 0x7fa09af9dc70][gui thread] polishAndSync: start, elapsed since last call: 16 ms
Aug 28 18:45:18 hearth quickshell[181612]:  DEBUG qt.scenegraph.time.renderloop: [window 0x7fa09af9dc70][render thread 0x7fa09c607420] syncAndRender: start, elapsed since last call: 16 ms
Aug 28 18:45:18 hearth quickshell[181612]:  DEBUG qt.scenegraph.time.renderloop: [window 0x7fa09e00ec60][render thread 0x7fa09c606e00] syncAndRender: frame rendered in 0ms, sync=0, render=0, swap=0
Aug 28 18:45:18 hearth quickshell[181612]:  DEBUG qt.scenegraph.time.renderloop: [window 0x7fa09af9dc70][gui thread] Frame prepared, polish=0 ms, lock=0 ms, blockedForSync=0 ms, animations=0 ms
Aug 28 18:45:18 hearth quickshell[181612]:  DEBUG qt.scenegraph.time.renderer: time in renderer: total=0ms, preprocess=0, updates=0, rendering=0
Aug 28 18:45:19 hearth quickshell[181612]:  DEBUG qt.scenegraph.time.renderloop: [window 0x7fa09e00ec60][gui thread] polishAndSync: start, elapsed since last call: 16 ms
Aug 28 18:45:19 hearth quickshell[181612]:  DEBUG qt.scenegraph.time.renderloop: [window 0x7fa09af9dc70][render thread 0x7fa09c607420] syncAndRender: frame rendered in 16ms, sync=0, render=0, swap=16
Aug 28 18:45:19 hearth quickshell[181612]:  DEBUG qt.scenegraph.time.renderloop: [window 0x7fa09e00ec60][render thread 0x7fa09c606e00] syncAndRender: start, elapsed since last call: 16 ms
Aug 28 18:45:19 hearth quickshell[181612]:  DEBUG qt.scenegraph.time.renderer: time in renderer: total=0ms, preprocess=0, updates=0, rendering=0
Aug 28 18:45:19 hearth quickshell[181612]:  DEBUG qt.scenegraph.time.renderloop: [window 0x7fa09e00ec60][gui thread] Frame prepared, polish=0 ms, lock=0 ms, blockedForSync=0 ms, animations=0 ms
Aug 28 18:45:19 hearth quickshell[181612]:  DEBUG qt.scenegraph.time.renderloop: [window 0x7fa09af9dc70][gui thread] polishAndSync: start, elapsed since last call: 16 ms
Aug 28 18:45:19 hearth quickshell[181612]:  DEBUG qt.scenegraph.time.renderloop: [window 0x7fa09e00ec60][render thread 0x7fa09c606e00] syncAndRender: frame rendered in 0ms, sync=0, render=0, swap=0
Aug 28 18:45:19 hearth quickshell[181612]:  DEBUG qt.scenegraph.time.renderloop: [window 0x7fa09af9dc70][render thread 0x7fa09c607420] syncAndRender: start, elapsed since last call: 17 ms
Aug 28 18:45:19 hearth quickshell[181612]:  DEBUG qt.scenegraph.time.renderloop: [window 0x7fa09af9dc70][gui thread] Frame prepared, polish=0 ms, lock=0 ms, blockedForSync=0 ms, animations=0 ms
Aug 28 18:45:19 hearth quickshell[181612]:  DEBUG qt.scenegraph.time.renderer: time in renderer: total=0ms, preprocess=0, updates=0, rendering=0
Aug 28 18:45:19 hearth quickshell[181612]:  DEBUG qt.scenegraph.time.renderloop: [window 0x7fa09e00ec60][gui thread] polishAndSync: start, elapsed since last call: 16 ms
Aug 28 18:45:19 hearth quickshell[181612]:  DEBUG qt.scenegraph.time.renderloop: [window 0x7fa09af9dc70][render thread 0x7fa09c607420] syncAndRender: frame rendered in 16ms, sync=0, render=0, swap=15
Aug 28 18:45:19 hearth quickshell[181612]:  DEBUG qt.scenegraph.time.renderloop: [window 0x7fa09e00ec60][render thread 0x7fa09c606e00] syncAndRender: start, elapsed since last call: 16 ms
Aug 28 18:45:19 hearth quickshell[181612]:  DEBUG qt.scenegraph.time.renderer: time in renderer: total=0ms, preprocess=0, updates=0, rendering=0
Aug 28 18:45:19 hearth quickshell[181612]:  DEBUG qt.scenegraph.time.renderloop: [window 0x7fa09e00ec60][gui thread] Frame prepared, polish=0 ms, lock=0 ms, blockedForSync=0 ms, animations=0 ms
Aug 28 18:45:19 hearth quickshell[181612]:  DEBUG qt.scenegraph.time.renderloop: [window 0x7fa09af9dc70][gui thread] polishAndSync: start, elapsed since last call: 16 ms
Aug 28 18:45:19 hearth quickshell[181612]:  DEBUG qt.scenegraph.time.renderloop: [window 0x7fa09e00ec60][render thread 0x7fa09c606e00] syncAndRender: frame rendered in 0ms, sync=0, render=0, swap=0
Aug 28 18:45:19 hearth quickshell[181612]:  DEBUG qt.scenegraph.time.renderloop: [window 0x7fa09af9dc70][render thread 0x7fa09c607420] syncAndRender: start, elapsed since last call: 16 ms
Aug 28 18:45:19 hearth quickshell[181612]:  DEBUG qt.scenegraph.time.renderloop: [window 0x7fa09af9dc70][gui thread] Frame prepared, polish=0 ms, lock=0 ms, blockedForSync=0 ms, animations=0 ms
Aug 28 18:45:19 hearth quickshell[181612]:  DEBUG qt.scenegraph.time.renderer: time in renderer: total=0ms, preprocess=0, updates=0, rendering=0
Aug 28 18:45:19 hearth quickshell[181612]:  DEBUG qt.scenegraph.time.renderloop: [window 0x7fa09e00ec60][gui thread] polishAndSync: start, elapsed since last call: 16 ms
Aug 28 18:45:19 hearth quickshell[181612]:  DEBUG qt.scenegraph.time.renderloop: [window 0x7fa09af9dc70][render thread 0x7fa09c607420] syncAndRender: frame rendered in 16ms, sync=0, render=0, swap=15
Aug 28 18:45:19 hearth quickshell[181612]:  DEBUG qt.scenegraph.time.renderloop: [window 0x7fa09e00ec60][render thread 0x7fa09c606e00] syncAndRender: start, elapsed since last call: 16 ms
Aug 28 18:45:19 hearth quickshell[181612]:  DEBUG qt.scenegraph.time.renderer: time in renderer: total=0ms, preprocess=0, updates=0, rendering=0
Aug 28 18:45:19 hearth quickshell[181612]:  DEBUG qt.scenegraph.time.renderloop: [window 0x7fa09e00ec60][gui thread] Frame prepared, polish=0 ms, lock=0 ms, blockedForSync=0 ms, animations=0 ms
Aug 28 18:45:19 hearth quickshell[181612]:  DEBUG qt.scenegraph.time.renderloop: [window 0x7fa09af9dc70][gui thread] polishAndSync: start, elapsed since last call: 16 ms
Aug 28 18:45:19 hearth quickshell[181612]:  DEBUG qt.scenegraph.time.renderloop: [window 0x7fa09e00ec60][render thread 0x7fa09c606e00] syncAndRender: frame rendered in 0ms, sync=0, render=0, swap=0
Aug 28 18:45:19 hearth quickshell[181612]:  DEBUG qt.scenegraph.time.renderloop: [window 0x7fa09af9dc70][render thread 0x7fa09c607420] syncAndRender: start, elapsed since last call: 16 ms
Aug 28 18:45:19 hearth quickshell[181612]:  DEBUG qt.scenegraph.time.renderloop: [window 0x7fa09af9dc70][gui thread] Frame prepared, polish=0 ms, lock=0 ms, blockedForSync=0 ms, animations=0 ms
Aug 28 18:45:19 hearth quickshell[181612]:  DEBUG qt.scenegraph.time.renderer: time in renderer: total=0ms, preprocess=0, updates=0, rendering=0
Aug 28 18:45:19 hearth quickshell[181612]:  DEBUG qt.scenegraph.time.renderloop: [window 0x7fa09e00ec60][gui thread] polishAndSync: start, elapsed since last call: 16 ms
Aug 28 18:45:19 hearth quickshell[181612]:  DEBUG qt.scenegraph.time.renderloop: [window 0x7fa09af9dc70][render thread 0x7fa09c607420] syncAndRender: frame rendered in 16ms, sync=0, render=0, swap=16
Aug 28 18:45:19 hearth quickshell[181612]:  DEBUG qt.scenegraph.time.renderloop: [window 0x7fa09e00ec60][render thread 0x7fa09c606e00] syncAndRender: start, elapsed since last call: 16 ms
Aug 28 18:45:19 hearth quickshell[181612]:  DEBUG qt.scenegraph.time.renderloop: [window 0x7fa09e00ec60][gui thread] Frame prepared, polish=0 ms, lock=0 ms, blockedForSync=0 ms, animations=0 ms
Aug 28 18:45:19 hearth quickshell[181612]:  DEBUG qt.scenegraph.time.renderer: time in renderer: total=0ms, preprocess=0, updates=0, rendering=0
Aug 28 18:45:19 hearth quickshell[181612]:  DEBUG qt.scenegraph.time.renderloop: [window 0x7fa09af9dc70][gui thread] polishAndSync: start, elapsed since last call: 16 ms
Aug 28 18:45:19 hearth quickshell[181612]:  DEBUG qt.scenegraph.time.renderloop: [window 0x7fa09af9dc70][render thread 0x7fa09c607420] syncAndRender: start, elapsed since last call: 16 ms
Aug 28 18:45:19 hearth quickshell[181612]:  DEBUG qt.scenegraph.time.renderloop: [window 0x7fa09e00ec60][render thread 0x7fa09c606e00] syncAndRender: frame rendered in 0ms, sync=0, render=0, swap=0
Aug 28 18:45:19 hearth quickshell[181612]:  DEBUG qt.scenegraph.time.renderloop: [window 0x7fa09af9dc70][gui thread] Frame prepared, polish=0 ms, lock=0 ms, blockedForSync=0 ms, animations=0 ms
Aug 28 18:45:19 hearth quickshell[181612]:  DEBUG qt.scenegraph.time.renderer: time in renderer: total=0ms, preprocess=0, updates=0, rendering=0
Aug 28 18:45:19 hearth quickshell[181612]:  DEBUG qt.scenegraph.time.renderloop: [window 0x7fa09e00ec60][gui thread] polishAndSync: start, elapsed since last call: 16 ms
Aug 28 18:45:19 hearth quickshell[181612]:  DEBUG qt.scenegraph.time.renderloop: [window 0x7fa09af9dc70][render thread 0x7fa09c607420] syncAndRender: frame rendered in 16ms, sync=0, render=0, swap=16
Aug 28 18:45:19 hearth quickshell[181612]:  DEBUG qt.scenegraph.time.renderloop: [window 0x7fa09e00ec60][render thread 0x7fa09c606e00] syncAndRender: start, elapsed since last call: 16 ms
Aug 28 18:45:19 hearth quickshell[181612]:  DEBUG qt.scenegraph.time.renderloop: [window 0x7fa09e00ec60][gui thread] Frame prepared, polish=0 ms, lock=0 ms, blockedForSync=0 ms, animations=0 ms
Aug 28 18:45:19 hearth quickshell[181612]:  DEBUG qt.scenegraph.time.renderer: time in renderer: total=0ms, preprocess=0, updates=0, rendering=0
Aug 28 18:45:19 hearth quickshell[181612]:  DEBUG qt.scenegraph.time.renderloop: [window 0x7fa09af9dc70][gui thread] polishAndSync: start, elapsed since last call: 16 ms
Aug 28 18:45:19 hearth quickshell[181612]:  DEBUG qt.scenegraph.time.renderloop: [window 0x7fa09af9dc70][render thread 0x7fa09c607420] syncAndRender: start, elapsed since last call: 16 ms
Aug 28 18:45:19 hearth quickshell[181612]:  DEBUG qt.scenegraph.time.renderloop: [window 0x7fa09e00ec60][render thread 0x7fa09c606e00] syncAndRender: frame rendered in 0ms, sync=0, render=0, swap=0
Aug 28 18:45:19 hearth quickshell[181612]:  DEBUG qt.scenegraph.time.renderloop: [window 0x7fa09af9dc70][gui thread] Frame prepared, polish=0 ms, lock=0 ms, blockedForSync=0 ms, animations=0 ms
Aug 28 18:45:19 hearth quickshell[181612]:  DEBUG qt.scenegraph.time.renderer: time in renderer: total=0ms, preprocess=0, updates=0, rendering=0
Aug 28 18:45:19 hearth quickshell[181612]:  DEBUG qt.scenegraph.time.renderloop: [window 0x7fa09e00ec60][gui thread] polishAndSync: start, elapsed since last call: 16 ms
Aug 28 18:45:19 hearth quickshell[181612]:  DEBUG qt.scenegraph.time.renderloop: [window 0x7fa09af9dc70][render thread 0x7fa09c607420] syncAndRender: frame rendered in 16ms, sync=0, render=0, swap=16
Aug 28 18:45:19 hearth quickshell[181612]:  DEBUG qt.scenegraph.time.renderloop: [window 0x7fa09e00ec60][render thread 0x7fa09c606e00] syncAndRender: start, elapsed since last call: 16 ms
Aug 28 18:45:19 hearth quickshell[181612]:  DEBUG qt.scenegraph.time.renderer: time in renderer: total=0ms, preprocess=0, updates=0, rendering=0
Aug 28 18:45:19 hearth quickshell[181612]:  DEBUG qt.scenegraph.time.renderloop: [window 0x7fa09e00ec60][gui thread] Frame prepared, polish=0 ms, lock=0 ms, blockedForSync=0 ms, animations=0 ms
Aug 28 18:45:19 hearth quickshell[181612]:  DEBUG qt.scenegraph.time.renderloop: [window 0x7fa09af9dc70][gui thread] polishAndSync: start, elapsed since last call: 16 ms
Aug 28 18:45:19 hearth quickshell[181612]:  DEBUG qt.scenegraph.time.renderloop: [window 0x7fa09af9dc70][render thread 0x7fa09c607420] syncAndRender: start, elapsed since last call: 16 ms
Aug 28 18:45:19 hearth quickshell[181612]:  DEBUG qt.scenegraph.time.renderloop: [window 0x7fa09e00ec60][render thread 0x7fa09c606e00] syncAndRender: frame rendered in 0ms, sync=0, render=0, swap=0
Aug 28 18:45:19 hearth quickshell[181612]:  DEBUG qt.scenegraph.time.renderloop: [window 0x7fa09af9dc70][gui thread] Frame prepared, polish=0 ms, lock=0 ms, blockedForSync=0 ms, animations=0 ms
Aug 28 18:45:19 hearth quickshell[181612]:  DEBUG qt.scenegraph.time.renderer: time in renderer: total=0ms, preprocess=0, updates=0, rendering=0
Aug 28 18:45:19 hearth quickshell[181612]:  DEBUG qt.scenegraph.time.renderloop: [window 0x7fa09e00ec60][gui thread] polishAndSync: start, elapsed since last call: 16 ms
Aug 28 18:45:19 hearth quickshell[181612]:  DEBUG qt.scenegraph.time.renderloop: [window 0x7fa09af9dc70][render thread 0x7fa09c607420] syncAndRender: frame rendered in 16ms, sync=0, render=0, swap=15
Aug 28 18:45:19 hearth quickshell[181612]:  DEBUG qt.scenegraph.time.renderloop: [window 0x7fa09e00ec60][render thread 0x7fa09c606e00] syncAndRender: start, elapsed since last call: 16 ms
Aug 28 18:45:19 hearth quickshell[181612]:  DEBUG qt.scenegraph.time.renderloop: [window 0x7fa09e00ec60][gui thread] Frame prepared, polish=0 ms, lock=0 ms, blockedForSync=0 ms, animations=0 ms
Aug 28 18:45:19 hearth quickshell[181612]:  DEBUG qt.scenegraph.time.renderer: time in renderer: total=0ms, preprocess=0, updates=0, rendering=0
Aug 28 18:45:19 hearth quickshell[181612]:  DEBUG qt.scenegraph.time.renderloop: [window 0x7fa09af9dc70][gui thread] polishAndSync: start, elapsed since last call: 16 ms
Aug 28 18:45:19 hearth quickshell[181612]:  DEBUG qt.scenegraph.time.renderloop: [window 0x7fa09af9dc70][render thread 0x7fa09c607420] syncAndRender: start, elapsed since last call: 16 ms
Aug 28 18:45:19 hearth quickshell[181612]:  DEBUG qt.scenegraph.time.renderloop: [window 0x7fa09e00ec60][render thread 0x7fa09c606e00] syncAndRender: frame rendered in 0ms, sync=0, render=0, swap=0
Aug 28 18:45:19 hearth quickshell[181612]:  DEBUG qt.scenegraph.time.renderloop: [window 0x7fa09af9dc70][gui thread] Frame prepared, polish=0 ms, lock=0 ms, blockedForSync=0 ms, animations=0 ms
Aug 28 18:45:19 hearth quickshell[181612]:  DEBUG qt.scenegraph.time.renderer: time in renderer: total=0ms, preprocess=0, updates=0, rendering=0
Aug 28 18:45:19 hearth quickshell[181612]:  DEBUG qt.scenegraph.time.renderloop: [window 0x7fa09e00ec60][gui thread] polishAndSync: start, elapsed since last call: 16 ms
Aug 28 18:45:19 hearth quickshell[181612]:  DEBUG qt.scenegraph.time.renderloop: [window 0x7fa09af9dc70][render thread 0x7fa09c607420] syncAndRender: frame rendered in 16ms, sync=0, render=0, swap=16
Aug 28 18:45:19 hearth quickshell[181612]:  DEBUG qt.scenegraph.time.renderloop: [window 0x7fa09e00ec60][render thread 0x7fa09c606e00] syncAndRender: start, elapsed since last call: 16 ms
Aug 28 18:45:19 hearth quickshell[181612]:  DEBUG qt.scenegraph.time.renderloop: [window 0x7fa09e00ec60][gui thread] Frame prepared, polish=0 ms, lock=0 ms, blockedForSync=0 ms, animations=0 ms
Aug 28 18:45:19 hearth quickshell[181612]:  DEBUG qt.scenegraph.time.renderer: time in renderer: total=0ms, preprocess=0, updates=0, rendering=0
Aug 28 18:45:19 hearth quickshell[181612]:  DEBUG qt.scenegraph.time.renderloop: [window 0x7fa09af9dc70][gui thread] polishAndSync: start, elapsed since last call: 16 ms
Aug 28 18:45:19 hearth quickshell[181612]:  DEBUG qt.scenegraph.time.renderloop: [window 0x7fa09af9dc70][render thread 0x7fa09c607420] syncAndRender: start, elapsed since last call: 16 ms
Aug 28 18:45:19 hearth quickshell[181612]:  DEBUG qt.scenegraph.time.renderloop: [window 0x7fa09e00ec60][render thread 0x7fa09c606e00] syncAndRender: frame rendered in 0ms, sync=0, render=0, swap=0
Aug 28 18:45:19 hearth quickshell[181612]:  DEBUG qt.scenegraph.time.renderloop: [window 0x7fa09af9dc70][gui thread] Frame prepared, polish=0 ms, lock=0 ms, blockedForSync=0 ms, animations=0 ms
Aug 28 18:45:19 hearth quickshell[181612]:  DEBUG qt.scenegraph.time.renderer: time in renderer: total=0ms, preprocess=0, updates=0, rendering=0
Aug 28 18:45:19 hearth quickshell[181612]:  DEBUG qt.scenegraph.time.renderloop: [window 0x7fa09e00ec60][gui thread] polishAndSync: start, elapsed since last call: 16 ms
Aug 28 18:45:19 hearth quickshell[181612]:  DEBUG qt.scenegraph.time.renderloop: [window 0x7fa09af9dc70][render thread 0x7fa09c607420] syncAndRender: frame rendered in 16ms, sync=0, render=0, swap=16
Aug 28 18:45:19 hearth quickshell[181612]:  DEBUG qt.scenegraph.time.renderloop: [window 0x7fa09e00ec60][render thread 0x7fa09c606e00] syncAndRender: start, elapsed since last call: 16 ms
Aug 28 18:45:19 hearth quickshell[181612]:  DEBUG qt.scenegraph.time.renderloop: [window 0x7fa09e00ec60][gui thread] Frame prepared, polish=0 ms, lock=0 ms, blockedForSync=0 ms, animations=0 ms
Aug 28 18:45:19 hearth quickshell[181612]:  DEBUG qt.scenegraph.time.renderer: time in renderer: total=0ms, preprocess=0, updates=0, rendering=0
Aug 28 18:45:19 hearth quickshell[181612]:  DEBUG qt.scenegraph.time.renderloop: [window 0x7fa09af9dc70][gui thread] polishAndSync: start, elapsed since last call: 16 ms
Aug 28 18:45:19 hearth quickshell[181612]:  DEBUG qt.scenegraph.time.renderloop: [window 0x7fa09af9dc70][render thread 0x7fa09c607420] syncAndRender: start, elapsed since last call: 16 ms
Aug 28 18:45:19 hearth quickshell[181612]:  DEBUG qt.scenegraph.time.renderloop: [window 0x7fa09e00ec60][render thread 0x7fa09c606e00] syncAndRender: frame rendered in 0ms, sync=0, render=0, swap=0
Aug 28 18:45:19 hearth quickshell[181612]:  DEBUG qt.scenegraph.time.renderloop: [window 0x7fa09af9dc70][gui thread] Frame prepared, polish=0 ms, lock=0 ms, blockedForSync=0 ms, animations=0 ms
Aug 28 18:45:19 hearth quickshell[181612]:  DEBUG qt.scenegraph.time.renderer: time in renderer: total=0ms, preprocess=0, updates=0, rendering=0
Aug 28 18:45:19 hearth quickshell[181612]:  DEBUG qt.scenegraph.time.renderloop: [window 0x7fa09e00ec60][gui thread] polishAndSync: start, elapsed since last call: 16 ms
Aug 28 18:45:19 hearth quickshell[181612]:  DEBUG qt.scenegraph.time.renderloop: [window 0x7fa09af9dc70][render thread 0x7fa09c607420] syncAndRender: frame rendered in 16ms, sync=0, render=0, swap=16
Aug 28 18:45:19 hearth quickshell[181612]:  DEBUG qt.scenegraph.time.renderloop: [window 0x7fa09e00ec60][render thread 0x7fa09c606e00] syncAndRender: start, elapsed since last call: 16 ms
Aug 28 18:45:19 hearth quickshell[181612]:  DEBUG qt.scenegraph.time.renderer: time in renderer: total=0ms, preprocess=0, updates=0, rendering=0
Aug 28 18:45:19 hearth quickshell[181612]:  DEBUG qt.scenegraph.time.renderloop: [window 0x7fa09e00ec60][gui thread] Frame prepared, polish=0 ms, lock=0 ms, blockedForSync=0 ms, animations=0 ms
Aug 28 18:45:19 hearth quickshell[181612]:  DEBUG qt.scenegraph.time.renderloop: [window 0x7fa09af9dc70][gui thread] polishAndSync: start, elapsed since last call: 16 ms
Aug 28 18:45:19 hearth quickshell[181612]:  DEBUG qt.scenegraph.time.renderloop: [window 0x7fa09af9dc70][render thread 0x7fa09c607420] syncAndRender: start, elapsed since last call: 16 ms
Aug 28 18:45:19 hearth quickshell[181612]:  DEBUG qt.scenegraph.time.renderloop: [window 0x7fa09e00ec60][render thread 0x7fa09c606e00] syncAndRender: frame rendered in 0ms, sync=0, render=0, swap=0
Aug 28 18:45:19 hearth quickshell[181612]:  DEBUG qt.scenegraph.time.renderloop: [window 0x7fa09af9dc70][gui thread] Frame prepared, polish=0 ms, lock=0 ms, blockedForSync=0 ms, animations=0 ms
Aug 28 18:45:19 hearth quickshell[181612]:  DEBUG qt.scenegraph.time.renderer: time in renderer: total=0ms, preprocess=0, updates=0, rendering=0
Aug 28 18:45:19 hearth quickshell[181612]:  DEBUG qt.scenegraph.time.renderloop: [window 0x7fa09e00ec60][gui thread] polishAndSync: start, elapsed since last call: 16 ms
Aug 28 18:45:19 hearth quickshell[181612]:  DEBUG qt.scenegraph.time.renderloop: [window 0x7fa09af9dc70][render thread 0x7fa09c607420] syncAndRender: frame rendered in 16ms, sync=0, render=0, swap=16
Aug 28 18:45:19 hearth quickshell[181612]:  DEBUG qt.scenegraph.time.renderloop: [window 0x7fa09e00ec60][render thread 0x7fa09c606e00] syncAndRender: start, elapsed since last call: 16 ms
Aug 28 18:45:19 hearth quickshell[181612]:  DEBUG qt.scenegraph.time.renderloop: [window 0x7fa09e00ec60][gui thread] Frame prepared, polish=0 ms, lock=0 ms, blockedForSync=0 ms, animations=0 ms
Aug 28 18:45:19 hearth quickshell[181612]:  DEBUG qt.scenegraph.time.renderer: time in renderer: total=0ms, preprocess=0, updates=0, rendering=0
Aug 28 18:45:19 hearth quickshell[181612]:  DEBUG qt.scenegraph.time.renderloop: [window 0x7fa09af9dc70][gui thread] polishAndSync: start, elapsed since last call: 16 ms
Aug 28 18:45:19 hearth quickshell[181612]:  DEBUG qt.scenegraph.time.renderloop: [window 0x7fa09e00ec60][render thread 0x7fa09c606e00] syncAndRender: frame rendered in 0ms, sync=0, render=0, swap=0
Aug 28 18:45:19 hearth quickshell[181612]:  DEBUG qt.scenegraph.time.renderloop: [window 0x7fa09af9dc70][render thread 0x7fa09c607420] syncAndRender: start, elapsed since last call: 17 ms
Aug 28 18:45:19 hearth quickshell[181612]:  DEBUG qt.scenegraph.time.renderloop: [window 0x7fa09af9dc70][gui thread] Frame prepared, polish=0 ms, lock=0 ms, blockedForSync=0 ms, animations=0 ms
Aug 28 18:45:19 hearth quickshell[181612]:  DEBUG qt.scenegraph.time.renderer: time in renderer: total=0ms, preprocess=0, updates=0, rendering=0
Aug 28 18:45:19 hearth quickshell[181612]:  DEBUG qt.scenegraph.time.renderloop: [window 0x7fa09e00ec60][gui thread] polishAndSync: start, elapsed since last call: 16 ms
Aug 28 18:45:19 hearth quickshell[181612]:  DEBUG qt.scenegraph.time.renderloop: [window 0x7fa09af9dc70][render thread 0x7fa09c607420] syncAndRender: frame rendered in 16ms, sync=0, render=0, swap=15
Aug 28 18:45:19 hearth quickshell[181612]:  DEBUG qt.scenegraph.time.renderloop: [window 0x7fa09e00ec60][render thread 0x7fa09c606e00] syncAndRender: start, elapsed since last call: 16 ms
Aug 28 18:45:19 hearth quickshell[181612]:  DEBUG qt.scenegraph.time.renderer: time in renderer: total=0ms, preprocess=0, updates=0, rendering=0
Aug 28 18:45:19 hearth quickshell[181612]:  DEBUG qt.scenegraph.time.renderloop: [window 0x7fa09e00ec60][gui thread] Frame prepared, polish=0 ms, lock=0 ms, blockedForSync=0 ms, animations=0 ms
Aug 28 18:45:19 hearth quickshell[181612]:  DEBUG qt.scenegraph.time.renderloop: [window 0x7fa09e00ec60][render thread 0x7fa09c606e00] syncAndRender: frame rendered in 0ms, sync=0, render=0, swap=0
Aug 28 18:45:19 hearth quickshell[181612]:  DEBUG qt.scenegraph.time.renderloop: [window 0x7fa09af9dc70][gui thread] polishAndSync: start, elapsed since last call: 16 ms
Aug 28 18:45:19 hearth quickshell[181612]:  DEBUG qt.scenegraph.time.renderloop: [window 0x7fa09af9dc70][render thread 0x7fa09c607420] syncAndRender: start, elapsed since last call: 16 ms
Aug 28 18:45:19 hearth quickshell[181612]:  DEBUG qt.scenegraph.time.renderloop: [window 0x7fa09af9dc70][gui thread] Frame prepared, polish=0 ms, lock=0 ms, blockedForSync=0 ms, animations=0 ms
Aug 28 18:45:19 hearth quickshell[181612]:  DEBUG qt.scenegraph.time.renderer: time in renderer: total=0ms, preprocess=0, updates=0, rendering=0
Aug 28 18:45:19 hearth quickshell[181612]:  DEBUG qt.scenegraph.time.renderloop: [window 0x7fa09e00ec60][gui thread] polishAndSync: start, elapsed since last call: 16 ms
Aug 28 18:45:19 hearth quickshell[181612]:  DEBUG qt.scenegraph.time.renderloop: [window 0x7fa09af9dc70][render thread 0x7fa09c607420] syncAndRender: frame rendered in 16ms, sync=0, render=0, swap=15
Aug 28 18:45:19 hearth quickshell[181612]:  DEBUG qt.scenegraph.time.renderloop: [window 0x7fa09e00ec60][render thread 0x7fa09c606e00] syncAndRender: start, elapsed since last call: 16 ms
Aug 28 18:45:19 hearth quickshell[181612]:  DEBUG qt.scenegraph.time.renderloop: [window 0x7fa09e00ec60][gui thread] Frame prepared, polish=0 ms, lock=0 ms, blockedForSync=0 ms, animations=0 ms
Aug 28 18:45:19 hearth quickshell[181612]:  DEBUG qt.scenegraph.time.renderer: time in renderer: total=0ms, preprocess=0, updates=0, rendering=0
Aug 28 18:45:19 hearth quickshell[181612]:  DEBUG qt.scenegraph.time.renderloop: [window 0x7fa09af9dc70][gui thread] polishAndSync: start, elapsed since last call: 16 ms
Aug 28 18:45:19 hearth quickshell[181612]:  DEBUG qt.scenegraph.time.renderloop: [window 0x7fa09af9dc70][render thread 0x7fa09c607420] syncAndRender: start, elapsed since last call: 16 ms
Aug 28 18:45:19 hearth quickshell[181612]:  DEBUG qt.scenegraph.time.renderloop: [window 0x7fa09e00ec60][render thread 0x7fa09c606e00] syncAndRender: frame rendered in 0ms, sync=0, render=0, swap=0
Aug 28 18:45:19 hearth quickshell[181612]:  DEBUG qt.scenegraph.time.renderloop: [window 0x7fa09af9dc70][gui thread] Frame prepared, polish=0 ms, lock=0 ms, blockedForSync=0 ms, animations=0 ms
Aug 28 18:45:19 hearth quickshell[181612]:  DEBUG qt.scenegraph.time.renderer: time in renderer: total=0ms, preprocess=0, updates=0, rendering=0
Aug 28 18:45:19 hearth quickshell[181612]:  DEBUG qt.scenegraph.time.renderloop: [window 0x7fa09e00ec60][gui thread] polishAndSync: start, elapsed since last call: 16 ms
Aug 28 18:45:19 hearth quickshell[181612]:  DEBUG qt.scenegraph.time.renderloop: [window 0x7fa09af9dc70][render thread 0x7fa09c607420] syncAndRender: frame rendered in 16ms, sync=0, render=0, swap=16
Aug 28 18:45:19 hearth quickshell[181612]:  DEBUG qt.scenegraph.time.renderloop: [window 0x7fa09e00ec60][render thread 0x7fa09c606e00] syncAndRender: start, elapsed since last call: 16 ms
Aug 28 18:45:19 hearth quickshell[181612]:  DEBUG qt.scenegraph.time.renderloop: [window 0x7fa09e00ec60][gui thread] Frame prepared, polish=0 ms, lock=0 ms, blockedForSync=0 ms, animations=0 ms
Aug 28 18:45:19 hearth quickshell[181612]:  DEBUG qt.scenegraph.time.renderloop: [window 0x7fa09af9dc70][gui thread] polishAndSync: start, elapsed since last call: 16 ms
Aug 28 18:45:19 hearth quickshell[181612]:  DEBUG qt.scenegraph.time.renderer: time in renderer: total=0ms, preprocess=0, updates=0, rendering=0
Aug 28 18:45:19 hearth quickshell[181612]:  DEBUG qt.scenegraph.time.renderloop: [window 0x7fa09af9dc70][render thread 0x7fa09c607420] syncAndRender: start, elapsed since last call: 16 ms
Aug 28 18:45:19 hearth quickshell[181612]:  DEBUG qt.scenegraph.time.renderloop: [window 0x7fa09e00ec60][render thread 0x7fa09c606e00] syncAndRender: frame rendered in 0ms, sync=0, render=0, swap=0
Aug 28 18:45:19 hearth quickshell[181612]:  DEBUG qt.scenegraph.time.renderloop: [window 0x7fa09af9dc70][gui thread] Frame prepared, polish=0 ms, lock=0 ms, blockedForSync=0 ms, animations=0 ms
Aug 28 18:45:19 hearth quickshell[181612]:  DEBUG qt.scenegraph.time.renderer: time in renderer: total=0ms, preprocess=0, updates=0, rendering=0
Aug 28 18:45:19 hearth quickshell[181612]:  DEBUG qt.scenegraph.time.renderloop: [window 0x7fa09e00ec60][gui thread] polishAndSync: start, elapsed since last call: 16 ms
Aug 28 18:45:19 hearth quickshell[181612]:  DEBUG qt.scenegraph.time.renderloop: [window 0x7fa09af9dc70][render thread 0x7fa09c607420] syncAndRender: frame rendered in 16ms, sync=0, render=0, swap=16
Aug 28 18:45:19 hearth quickshell[181612]:  DEBUG qt.scenegraph.time.renderloop: [window 0x7fa09e00ec60][render thread 0x7fa09c606e00] syncAndRender: start, elapsed since last call: 16 ms
Aug 28 18:45:19 hearth quickshell[181612]:  DEBUG qt.scenegraph.time.renderloop: [window 0x7fa09e00ec60][gui thread] Frame prepared, polish=0 ms, lock=0 ms, blockedForSync=0 ms, animations=0 ms
Aug 28 18:45:19 hearth quickshell[181612]:  DEBUG qt.scenegraph.time.renderloop: [window 0x7fa09af9dc70][gui thread] polishAndSync: start, elapsed since last call: 16 ms
Aug 28 18:45:19 hearth quickshell[181612]:  DEBUG qt.scenegraph.time.renderloop: [window 0x7fa09af9dc70][render thread 0x7fa09c607420] syncAndRender: start, elapsed since last call: 16 ms
Aug 28 18:45:19 hearth quickshell[181612]:  DEBUG qt.scenegraph.time.renderer: time in renderer: total=0ms, preprocess=0, updates=0, rendering=0
Aug 28 18:45:19 hearth quickshell[181612]:  DEBUG qt.scenegraph.time.renderloop: [window 0x7fa09e00ec60][render thread 0x7fa09c606e00] syncAndRender: frame rendered in 0ms, sync=0, render=0, swap=0
Aug 28 18:45:19 hearth quickshell[181612]:  DEBUG qt.scenegraph.time.renderloop: [window 0x7fa09af9dc70][gui thread] Frame prepared, polish=0 ms, lock=0 ms, blockedForSync=0 ms, animations=0 ms
Aug 28 18:45:19 hearth quickshell[181612]:  DEBUG qt.scenegraph.time.renderer: time in renderer: total=0ms, preprocess=0, updates=0, rendering=0
Aug 28 18:45:19 hearth quickshell[181612]:  DEBUG qt.scenegraph.time.renderloop: [window 0x7fa09e00ec60][gui thread] polishAndSync: start, elapsed since last call: 16 ms
Aug 28 18:45:19 hearth quickshell[181612]:  DEBUG qt.scenegraph.time.renderloop: [window 0x7fa09af9dc70][render thread 0x7fa09c607420] syncAndRender: frame rendered in 16ms, sync=0, render=0, swap=16
Aug 28 18:45:19 hearth quickshell[181612]:  DEBUG qt.scenegraph.time.renderloop: [window 0x7fa09e00ec60][render thread 0x7fa09c606e00] syncAndRender: start, elapsed since last call: 16 ms
Aug 28 18:45:19 hearth quickshell[181612]:  DEBUG qt.scenegraph.time.renderloop: [window 0x7fa09e00ec60][gui thread] Frame prepared, polish=0 ms, lock=0 ms, blockedForSync=0 ms, animations=0 ms
Aug 28 18:45:19 hearth quickshell[181612]:  DEBUG qt.scenegraph.time.renderloop: [window 0x7fa09af9dc70][gui thread] polishAndSync: start, elapsed since last call: 16 ms
Aug 28 18:45:19 hearth quickshell[181612]:  DEBUG qt.scenegraph.time.renderer: time in renderer: total=0ms, preprocess=0, updates=0, rendering=0
Aug 28 18:45:19 hearth quickshell[181612]:  DEBUG qt.scenegraph.time.renderloop: [window 0x7fa09af9dc70][render thread 0x7fa09c607420] syncAndRender: start, elapsed since last call: 16 ms
Aug 28 18:45:19 hearth quickshell[181612]:  DEBUG qt.scenegraph.time.renderloop: [window 0x7fa09e00ec60][render thread 0x7fa09c606e00] syncAndRender: frame rendered in 0ms, sync=0, render=0, swap=0
Aug 28 18:45:19 hearth quickshell[181612]:  DEBUG qt.scenegraph.time.renderloop: [window 0x7fa09af9dc70][gui thread] Frame prepared, polish=0 ms, lock=0 ms, blockedForSync=0 ms, animations=0 ms
Aug 28 18:45:19 hearth quickshell[181612]:  DEBUG qt.scenegraph.time.renderer: time in renderer: total=0ms, preprocess=0, updates=0, rendering=0
Aug 28 18:45:19 hearth quickshell[181612]:  DEBUG qt.scenegraph.time.renderloop: [window 0x7fa09e00ec60][gui thread] polishAndSync: start, elapsed since last call: 16 ms
Aug 28 18:45:19 hearth quickshell[181612]:  DEBUG qt.scenegraph.time.renderloop: [window 0x7fa09af9dc70][render thread 0x7fa09c607420] syncAndRender: frame rendered in 16ms, sync=0, render=0, swap=16
Aug 28 18:45:19 hearth quickshell[181612]:  DEBUG qt.scenegraph.time.renderloop: [window 0x7fa09e00ec60][render thread 0x7fa09c606e00] syncAndRender: start, elapsed since last call: 16 ms
Aug 28 18:45:19 hearth quickshell[181612]:  DEBUG qt.scenegraph.time.renderloop: [window 0x7fa09e00ec60][gui thread] Frame prepared, polish=0 ms, lock=0 ms, blockedForSync=0 ms, animations=0 ms
Aug 28 18:45:19 hearth quickshell[181612]:  DEBUG qt.scenegraph.time.renderer: time in renderer: total=0ms, preprocess=0, updates=0, rendering=0
Aug 28 18:45:19 hearth quickshell[181612]:  DEBUG qt.scenegraph.time.renderloop: [window 0x7fa09af9dc70][gui thread] polishAndSync: start, elapsed since last call: 16 ms
Aug 28 18:45:19 hearth quickshell[181612]:  DEBUG qt.scenegraph.time.renderloop: [window 0x7fa09af9dc70][render thread 0x7fa09c607420] syncAndRender: start, elapsed since last call: 16 ms
Aug 28 18:45:19 hearth quickshell[181612]:  DEBUG qt.scenegraph.time.renderloop: [window 0x7fa09e00ec60][render thread 0x7fa09c606e00] syncAndRender: frame rendered in 0ms, sync=0, render=0, swap=0
Aug 28 18:45:19 hearth quickshell[181612]:  DEBUG qt.scenegraph.time.renderloop: [window 0x7fa09af9dc70][gui thread] Frame prepared, polish=0 ms, lock=0 ms, blockedForSync=0 ms, animations=0 ms
Aug 28 18:45:19 hearth quickshell[181612]:  DEBUG qt.scenegraph.time.renderer: time in renderer: total=0ms, preprocess=0, updates=0, rendering=0
Aug 28 18:45:19 hearth quickshell[181612]:  DEBUG qt.scenegraph.time.renderloop: [window 0x7fa09e00ec60][gui thread] polishAndSync: start, elapsed since last call: 16 ms
Aug 28 18:45:19 hearth quickshell[181612]:  DEBUG qt.scenegraph.time.renderloop: [window 0x7fa09af9dc70][render thread 0x7fa09c607420] syncAndRender: frame rendered in 16ms, sync=0, render=0, swap=16
Aug 28 18:45:19 hearth quickshell[181612]:  DEBUG qt.scenegraph.time.renderloop: [window 0x7fa09e00ec60][render thread 0x7fa09c606e00] syncAndRender: start, elapsed since last call: 16 ms
Aug 28 18:45:19 hearth quickshell[181612]:  DEBUG qt.scenegraph.time.renderloop: [window 0x7fa09e00ec60][gui thread] Frame prepared, polish=0 ms, lock=0 ms, blockedForSync=0 ms, animations=0 ms
Aug 28 18:45:19 hearth quickshell[181612]:  DEBUG qt.scenegraph.time.renderloop: [window 0x7fa09af9dc70][gui thread] polishAndSync: start, elapsed since last call: 16 ms
Aug 28 18:45:19 hearth quickshell[181612]:  DEBUG qt.scenegraph.time.renderer: time in renderer: total=0ms, preprocess=0, updates=0, rendering=0
Aug 28 18:45:19 hearth quickshell[181612]:  DEBUG qt.scenegraph.time.renderloop: [window 0x7fa09af9dc70][render thread 0x7fa09c607420] syncAndRender: start, elapsed since last call: 16 ms
Aug 28 18:45:19 hearth quickshell[181612]:  DEBUG qt.scenegraph.time.renderloop: [window 0x7fa09e00ec60][render thread 0x7fa09c606e00] syncAndRender: frame rendered in 0ms, sync=0, render=0, swap=0
Aug 28 18:45:19 hearth quickshell[181612]:  DEBUG qt.scenegraph.time.renderloop: [window 0x7fa09af9dc70][gui thread] Frame prepared, polish=0 ms, lock=0 ms, blockedForSync=0 ms, animations=0 ms
Aug 28 18:45:19 hearth quickshell[181612]:  DEBUG qt.scenegraph.time.renderer: time in renderer: total=0ms, preprocess=0, updates=0, rendering=0
Aug 28 18:45:19 hearth quickshell[181612]:  DEBUG qt.scenegraph.time.renderloop: [window 0x7fa09e00ec60][gui thread] polishAndSync: start, elapsed since last call: 16 ms
Aug 28 18:45:19 hearth quickshell[181612]:  DEBUG qt.scenegraph.time.renderloop: [window 0x7fa09af9dc70][render thread 0x7fa09c607420] syncAndRender: frame rendered in 16ms, sync=0, render=0, swap=16
Aug 28 18:45:19 hearth quickshell[181612]:  DEBUG qt.scenegraph.time.renderloop: [window 0x7fa09e00ec60][render thread 0x7fa09c606e00] syncAndRender: start, elapsed since last call: 16 ms
Aug 28 18:45:19 hearth quickshell[181612]:  DEBUG qt.scenegraph.time.renderloop: [window 0x7fa09e00ec60][gui thread] Frame prepared, polish=0 ms, lock=0 ms, blockedForSync=0 ms, animations=0 ms
Aug 28 18:45:19 hearth quickshell[181612]:  DEBUG qt.scenegraph.time.renderloop: [window 0x7fa09af9dc70][gui thread] polishAndSync: start, elapsed since last call: 16 ms
Aug 28 18:45:19 hearth quickshell[181612]:  DEBUG qt.scenegraph.time.renderer: time in renderer: total=0ms, preprocess=0, updates=0, rendering=0
Aug 28 18:45:19 hearth quickshell[181612]:  DEBUG qt.scenegraph.time.renderloop: [window 0x7fa09af9dc70][render thread 0x7fa09c607420] syncAndRender: start, elapsed since last call: 16 ms
Aug 28 18:45:19 hearth quickshell[181612]:  DEBUG qt.scenegraph.time.renderloop: [window 0x7fa09e00ec60][render thread 0x7fa09c606e00] syncAndRender: frame rendered in 0ms, sync=0, render=0, swap=0
Aug 28 18:45:19 hearth quickshell[181612]:  DEBUG qt.scenegraph.time.renderloop: [window 0x7fa09af9dc70][gui thread] Frame prepared, polish=0 ms, lock=0 ms, blockedForSync=0 ms, animations=0 ms
Aug 28 18:45:19 hearth quickshell[181612]:  DEBUG qt.scenegraph.time.renderer: time in renderer: total=0ms, preprocess=0, updates=0, rendering=0
Aug 28 18:45:19 hearth quickshell[181612]:  DEBUG qt.scenegraph.time.renderloop: [window 0x7fa09e00ec60][gui thread] polishAndSync: start, elapsed since last call: 16 ms
Aug 28 18:45:19 hearth quickshell[181612]:  DEBUG qt.scenegraph.time.renderloop: [window 0x7fa09af9dc70][render thread 0x7fa09c607420] syncAndRender: frame rendered in 16ms, sync=0, render=0, swap=16
Aug 28 18:45:19 hearth quickshell[181612]:  DEBUG qt.scenegraph.time.renderloop: [window 0x7fa09e00ec60][render thread 0x7fa09c606e00] syncAndRender: start, elapsed since last call: 16 ms
Aug 28 18:45:19 hearth quickshell[181612]:  DEBUG qt.scenegraph.time.renderer: time in renderer: total=0ms, preprocess=0, updates=0, rendering=0
Aug 28 18:45:19 hearth quickshell[181612]:  DEBUG qt.scenegraph.time.renderloop: [window 0x7fa09e00ec60][gui thread] Frame prepared, polish=0 ms, lock=0 ms, blockedForSync=0 ms, animations=0 ms
Aug 28 18:45:19 hearth quickshell[181612]:  DEBUG qt.scenegraph.time.renderloop: [window 0x7fa09af9dc70][gui thread] polishAndSync: start, elapsed since last call: 16 ms
Aug 28 18:45:19 hearth quickshell[181612]:  DEBUG qt.scenegraph.time.renderloop: [window 0x7fa09af9dc70][render thread 0x7fa09c607420] syncAndRender: start, elapsed since last call: 16 ms
Aug 28 18:45:19 hearth quickshell[181612]:  DEBUG qt.scenegraph.time.renderloop: [window 0x7fa09e00ec60][render thread 0x7fa09c606e00] syncAndRender: frame rendered in 0ms, sync=0, render=0, swap=0
Aug 28 18:45:19 hearth quickshell[181612]:  DEBUG qt.scenegraph.time.renderloop: [window 0x7fa09af9dc70][gui thread] Frame prepared, polish=0 ms, lock=0 ms, blockedForSync=0 ms, animations=0 ms
Aug 28 18:45:19 hearth quickshell[181612]:  DEBUG qt.scenegraph.time.renderer: time in renderer: total=0ms, preprocess=0, updates=0, rendering=0
Aug 28 18:45:19 hearth quickshell[181612]:  DEBUG qt.scenegraph.time.renderloop: [window 0x7fa09e00ec60][gui thread] polishAndSync: start, elapsed since last call: 16 ms
Aug 28 18:45:19 hearth quickshell[181612]:  DEBUG qt.scenegraph.time.renderloop: [window 0x7fa09af9dc70][render thread 0x7fa09c607420] syncAndRender: frame rendered in 16ms, sync=0, render=0, swap=16
Aug 28 18:45:19 hearth quickshell[181612]:  DEBUG qt.scenegraph.time.renderloop: [window 0x7fa09e00ec60][render thread 0x7fa09c606e00] syncAndRender: start, elapsed since last call: 16 ms
Aug 28 18:45:19 hearth quickshell[181612]:  DEBUG qt.scenegraph.time.renderer: time in renderer: total=0ms, preprocess=0, updates=0, rendering=0
Aug 28 18:45:19 hearth quickshell[181612]:  DEBUG qt.scenegraph.time.renderloop: [window 0x7fa09e00ec60][gui thread] Frame prepared, polish=0 ms, lock=0 ms, blockedForSync=0 ms, animations=0 ms
Aug 28 18:45:19 hearth quickshell[181612]:  DEBUG qt.scenegraph.time.renderloop: [window 0x7fa09af9dc70][gui thread] polishAndSync: start, elapsed since last call: 16 ms
Aug 28 18:45:19 hearth quickshell[181612]:  DEBUG qt.scenegraph.time.renderloop: [window 0x7fa09e00ec60][render thread 0x7fa09c606e00] syncAndRender: frame rendered in 0ms, sync=0, render=0, swap=0
Aug 28 18:45:19 hearth quickshell[181612]:  DEBUG qt.scenegraph.time.renderloop: [window 0x7fa09af9dc70][render thread 0x7fa09c607420] syncAndRender: start, elapsed since last call: 16 ms
Aug 28 18:45:19 hearth quickshell[181612]:  DEBUG qt.scenegraph.time.renderloop: [window 0x7fa09af9dc70][gui thread] Frame prepared, polish=0 ms, lock=0 ms, blockedForSync=0 ms, animations=0 ms
Aug 28 18:45:19 hearth quickshell[181612]:  DEBUG qt.scenegraph.time.renderer: time in renderer: total=0ms, preprocess=0, updates=0, rendering=0
Aug 28 18:45:19 hearth quickshell[181612]:  DEBUG qt.scenegraph.time.renderloop: [window 0x7fa09e00ec60][gui thread] polishAndSync: start, elapsed since last call: 16 ms
Aug 28 18:45:19 hearth quickshell[181612]:  DEBUG qt.scenegraph.time.renderloop: [window 0x7fa09af9dc70][render thread 0x7fa09c607420] syncAndRender: frame rendered in 16ms, sync=0, render=0, swap=16
Aug 28 18:45:19 hearth quickshell[181612]:  DEBUG qt.scenegraph.time.renderloop: [window 0x7fa09e00ec60][render thread 0x7fa09c606e00] syncAndRender: start, elapsed since last call: 16 ms
Aug 28 18:45:19 hearth quickshell[181612]:  DEBUG qt.scenegraph.time.renderloop: [window 0x7fa09e00ec60][gui thread] Frame prepared, polish=0 ms, lock=0 ms, blockedForSync=0 ms, animations=0 ms
Aug 28 18:45:19 hearth quickshell[181612]:  DEBUG qt.scenegraph.time.renderer: time in renderer: total=0ms, preprocess=0, updates=0, rendering=0
Aug 28 18:45:19 hearth quickshell[181612]:  DEBUG qt.scenegraph.time.renderloop: [window 0x7fa09af9dc70][gui thread] polishAndSync: start, elapsed since last call: 16 ms
Aug 28 18:45:19 hearth quickshell[181612]:  DEBUG qt.scenegraph.time.renderloop: [window 0x7fa09af9dc70][render thread 0x7fa09c607420] syncAndRender: start, elapsed since last call: 16 ms
Aug 28 18:45:19 hearth quickshell[181612]:  DEBUG qt.scenegraph.time.renderloop: [window 0x7fa09af9dc70][gui thread] Frame prepared, polish=0 ms, lock=0 ms, blockedForSync=0 ms, animations=0 ms
Aug 28 18:45:19 hearth quickshell[181612]:  DEBUG qt.scenegraph.time.renderloop: [window 0x7fa09e00ec60][render thread 0x7fa09c606e00] syncAndRender: frame rendered in 0ms, sync=0, render=0, swap=0
Aug 28 18:45:19 hearth quickshell[181612]:  DEBUG qt.scenegraph.time.renderer: time in renderer: total=0ms, preprocess=0, updates=0, rendering=0
Aug 28 18:45:19 hearth quickshell[181612]:  DEBUG qt.scenegraph.time.renderloop: [window 0x7fa09e00ec60][gui thread] polishAndSync: start, elapsed since last call: 15 ms
Aug 28 18:45:19 hearth quickshell[181612]:  DEBUG qt.scenegraph.time.renderloop: [window 0x7fa09af9dc70][render thread 0x7fa09c607420] syncAndRender: frame rendered in 15ms, sync=0, render=0, swap=15
Aug 28 18:45:19 hearth quickshell[181612]:  DEBUG qt.scenegraph.time.renderloop: [window 0x7fa09e00ec60][render thread 0x7fa09c606e00] syncAndRender: start, elapsed since last call: 15 ms
Aug 28 18:45:19 hearth quickshell[181612]:  DEBUG qt.scenegraph.time.renderloop: [window 0x7fa09e00ec60][gui thread] Frame prepared, polish=0 ms, lock=0 ms, blockedForSync=0 ms, animations=0 ms
Aug 28 18:45:19 hearth quickshell[181612]:  DEBUG qt.scenegraph.time.renderloop: [window 0x7fa09af9dc70][gui thread] polishAndSync: start, elapsed since last call: 15 ms
Aug 28 18:45:19 hearth quickshell[181612]:  DEBUG qt.scenegraph.time.renderer: time in renderer: total=0ms, preprocess=0, updates=0, rendering=0
Aug 28 18:45:19 hearth quickshell[181612]:  DEBUG qt.scenegraph.time.renderloop: [window 0x7fa09af9dc70][render thread 0x7fa09c607420] syncAndRender: start, elapsed since last call: 15 ms
Aug 28 18:45:19 hearth quickshell[181612]:  DEBUG qt.scenegraph.time.renderer: time in renderer: total=0ms, preprocess=0, updates=0, rendering=0
Aug 28 18:45:19 hearth quickshell[181612]:  DEBUG qt.scenegraph.time.renderloop: [window 0x7fa09af9dc70][gui thread] Frame prepared, polish=0 ms, lock=0 ms, blockedForSync=0 ms, animations=0 ms
Aug 28 18:45:19 hearth quickshell[181612]:  DEBUG qt.scenegraph.time.renderloop: [window 0x7fa09e00ec60][render thread 0x7fa09c606e00] syncAndRender: frame rendered in 0ms, sync=0, render=0, swap=0
Aug 28 18:45:19 hearth quickshell[181612]:  DEBUG qt.scenegraph.time.renderloop: [window 0x7fa09af9dc70][render thread 0x7fa09c607420] syncAndRender: frame rendered in 0ms, sync=0, render=0, swap=0
Aug 28 18:45:19 hearth quickshell[181612]:  DEBUG qt.scenegraph.time.renderloop: [window 0x7fa09af9dc70][gui thread] polishAndSync: start, elapsed since last call: 17 ms
Aug 28 18:45:19 hearth quickshell[181612]:  DEBUG qt.scenegraph.time.renderloop: [window 0x7fa09af9dc70][render thread 0x7fa09c607420] syncAndRender: start, elapsed since last call: 17 ms
Aug 28 18:45:19 hearth quickshell[181612]:  DEBUG qt.scenegraph.time.renderloop: [window 0x7fa09af9dc70][gui thread] Frame prepared, polish=0 ms, lock=0 ms, blockedForSync=0 ms, animations=0 ms
Aug 28 18:45:19 hearth quickshell[181612]:  DEBUG qt.scenegraph.time.renderer: time in renderer: total=0ms, preprocess=0, updates=0, rendering=0
Aug 28 18:45:19 hearth quickshell[181612]:  DEBUG qt.scenegraph.time.renderloop: [window 0x7fa09af9dc70][render thread 0x7fa09c607420] syncAndRender: frame rendered in 0ms, sync=0, render=0, swap=0
Aug 28 18:45:19 hearth quickshell[181612]:  DEBUG qt.scenegraph.time.renderloop: [window 0x7fa09af9dc70][gui thread] polishAndSync: start, elapsed since last call: 16 ms
Aug 28 18:45:19 hearth quickshell[181612]:  DEBUG qt.scenegraph.time.renderloop: [window 0x7fa09af9dc70][render thread 0x7fa09c607420] syncAndRender: start, elapsed since last call: 16 ms
Aug 28 18:45:19 hearth quickshell[181612]:  DEBUG qt.scenegraph.time.renderer: time in renderer: total=0ms, preprocess=0, updates=0, rendering=0
Aug 28 18:45:19 hearth quickshell[181612]:  DEBUG qt.scenegraph.time.renderloop: [window 0x7fa09af9dc70][gui thread] Frame prepared, polish=0 ms, lock=0 ms, blockedForSync=0 ms, animations=0 ms
Aug 28 18:45:19 hearth quickshell[181612]:  DEBUG qt.scenegraph.time.renderloop: [window 0x7fa09af9dc70][render thread 0x7fa09c607420] syncAndRender: frame rendered in 0ms, sync=0, render=0, swap=0
Aug 28 18:45:19 hearth quickshell[181612]:  DEBUG qt.scenegraph.time.renderloop: [window 0x7fa09af9dc70][gui thread] polishAndSync: start, elapsed since last call: 16 ms
Aug 28 18:45:19 hearth quickshell[181612]:  DEBUG qt.scenegraph.time.renderloop: [window 0x7fa09af9dc70][render thread 0x7fa09c607420] syncAndRender: start, elapsed since last call: 16 ms
Aug 28 18:45:19 hearth quickshell[181612]:  DEBUG qt.scenegraph.time.renderloop: [window 0x7fa09af9dc70][gui thread] Frame prepared, polish=0 ms, lock=0 ms, blockedForSync=0 ms, animations=0 ms
Aug 28 18:45:19 hearth quickshell[181612]:  DEBUG qt.scenegraph.time.renderer: time in renderer: total=0ms, preprocess=0, updates=0, rendering=0
Aug 28 18:45:19 hearth quickshell[181612]:  DEBUG qt.scenegraph.time.renderloop: [window 0x7fa09af9dc70][render thread 0x7fa09c607420] syncAndRender: frame rendered in 0ms, sync=0, render=0, swap=0
